<?xml version="1.0" encoding="UTF-8" standalone="no" ?>
<COLLADA xmlns="http://www.collada.org/2005/11/COLLADASchema" version="1.4.1">
    <asset>
        <contributor>
            <author>Jubaea</author>
            <authoring_tool>SketchUp 8.0.4811</authoring_tool>
        </contributor>
        <created>2019-12-09T08:57:29Z</created>
        <modified>2019-12-09T08:57:29Z</modified>
        <unit meter="0.0254" name="inch" />
        <up_axis>Z_UP</up_axis>
    </asset>
    <library_cameras>
        <camera id="ID1" name="skp_camera_Last_Saved_SketchUp_View">
            <optics>
                <technique_common>
                    <perspective>
                        <yfov>35</yfov>
                        <aspect_ratio>0</aspect_ratio>
                        <znear>1</znear>
                        <zfar>1000</zfar>
                    </perspective>
                </technique_common>
            </optics>
        </camera>
    </library_cameras>
    <library_visual_scenes>
        <visual_scene id="ID2">
            <node name="SketchUp">
                <node name="skp_camera_Last_Saved_SketchUp_View">
                    <matrix>0.9978881 -0.02683588 0.05915329 1422.456 0.06495596 0.4122671 -0.9087445 -1162.788 6.938894e-18 0.9106677 0.4131396 392.1464 0 0 0 1</matrix>
                    <instance_camera url="#ID1" />
                </node>
                <node id="ID3" name="group_0">
                    <matrix>1 0 0 1335.321 0 1 0 -518.6411 0 0 1 85.78843 0 0 0 1</matrix>
                    <node id="ID4" name="group_1">
                        <matrix>1 0 0 7.527822 0 1 0 3.410605e-13 0 0 1 0 0 0 0 1</matrix>
                        <node id="ID5" name="group_2">
                            <matrix>1 0 0 22.53723 0 1 0 23.22607 0 0 1 0 0 0 0 1</matrix>
                            <instance_geometry url="#ID6">
                                <bind_material>
                                    <technique_common>
                                        <instance_material symbol="Material2" target="#ID7">
                                            <bind_vertex_input semantic="UVSET0" input_semantic="TEXCOORD" input_set="0" />
                                        </instance_material>
                                        <instance_material symbol="Material3" target="#ID17">
                                            <bind_vertex_input semantic="UVSET0" input_semantic="TEXCOORD" input_set="0" />
                                        </instance_material>
                                    </technique_common>
                                </bind_material>
                            </instance_geometry>
                        </node>
                        <node id="ID23" name="instance_0">
                            <matrix>0.5 0.8660254 0 5.970826 -0.8660254 0.5 0 35.59917 0 -0 1 35.43307 0 0 0 1</matrix>
                            <instance_node url="#ID24" />
                        </node>
                        <node id="ID196" name="instance_1">
                            <matrix>-0.9860514 -0.1664413 0 44.86096 0.1664413 -0.9860514 0 28.62803 0 0 1 55.11811 0 0 0 1</matrix>
                            <instance_node url="#ID24" />
                        </node>
                        <node id="ID197" name="instance_2">
                            <matrix>-0.4966858 0.8679304 0 25.73607 -0.8679304 -0.4966858 0 44.70586 0 0 1 47.24409 0 0 0 1</matrix>
                            <instance_node url="#ID24" />
                        </node>
                        <node id="ID198" name="instance_3">
                            <matrix>1 0 0 3.926645 0 1 0 13.86046 0 0 1 47.24409 0 0 0 1</matrix>
                            <instance_node url="#ID24" />
                        </node>
                        <node id="ID199" name="instance_4">
                            <matrix>-0.2759565 -0.9611701 0 37.99801 0.9611701 -0.2759565 0 6.392792 0 0 1 39.37008 0 0 0 1</matrix>
                            <instance_node url="#ID24" />
                        </node>
                        <node id="ID200" name="instance_5">
                            <matrix>0.5661326 -0.8243142 0 20.03867 0.8243142 0.5661326 0 1.446956 -0 0 1 59.05512 0 0 0 1</matrix>
                            <instance_node url="#ID24" />
                        </node>
                    </node>
                    <node id="ID201" name="group_5">
                        <matrix>0.9979156 -0.004276808 0.06439043 27.20406 -8.673617e-19 0.9978015 0.0662739 15.83996 -0.06453231 -0.06613576 0.9957217 3.288882 0 0 0 1</matrix>
                        <node id="ID202" name="group_2">
                            <matrix>1 0 0 22.53723 0 1 0 23.22607 0 0 1 0 0 0 0 1</matrix>
                            <instance_geometry url="#ID203">
                                <bind_material>
                                    <technique_common>
                                        <instance_material symbol="Material2" target="#ID7">
                                            <bind_vertex_input semantic="UVSET0" input_semantic="TEXCOORD" input_set="0" />
                                        </instance_material>
                                        <instance_material symbol="Material3" target="#ID17">
                                            <bind_vertex_input semantic="UVSET0" input_semantic="TEXCOORD" input_set="0" />
                                        </instance_material>
                                    </technique_common>
                                </bind_material>
                            </instance_geometry>
                        </node>
                        <node id="ID213" name="instance_0">
                            <matrix>0.5 0.8660254 0 5.970826 -0.8660254 0.5 0 35.59917 0 -0 1 35.43307 0 0 0 1</matrix>
                            <instance_node url="#ID24" />
                        </node>
                        <node id="ID214" name="instance_1">
                            <matrix>-0.9860514 -0.1664413 0 44.86096 0.1664413 -0.9860514 0 28.62803 0 0 1 55.11811 0 0 0 1</matrix>
                            <instance_node url="#ID24" />
                        </node>
                        <node id="ID215" name="instance_2">
                            <matrix>-0.4966858 0.8679304 0 25.73607 -0.8679304 -0.4966858 0 44.70586 0 0 1 47.24409 0 0 0 1</matrix>
                            <instance_node url="#ID24" />
                        </node>
                        <node id="ID216" name="instance_3">
                            <matrix>1 0 0 3.926645 0 1 0 13.86046 0 0 1 47.24409 0 0 0 1</matrix>
                            <instance_node url="#ID24" />
                        </node>
                        <node id="ID217" name="instance_4">
                            <matrix>-0.2759565 -0.9611701 0 37.99801 0.9611701 -0.2759565 0 6.392792 0 0 1 39.37008 0 0 0 1</matrix>
                            <instance_node url="#ID24" />
                        </node>
                        <node id="ID218" name="instance_5">
                            <matrix>0.5661326 -0.8243142 0 20.03867 0.8243142 0.5661326 0 1.446956 -0 0 1 59.05512 0 0 0 1</matrix>
                            <instance_node url="#ID24" />
                        </node>
                    </node>
                    <node id="ID219" name="group_6">
                        <matrix>1 0 0 0 0 1 0 59.36715 0 0 1 0 0 0 0 1</matrix>
                        <node id="ID220" name="group_7">
                            <matrix>1 0 0 22.53723 0 1 0 23.22607 0 0 1 0 0 0 0 1</matrix>
                            <instance_geometry url="#ID221">
                                <bind_material>
                                    <technique_common>
                                        <instance_material symbol="Material2" target="#ID7">
                                            <bind_vertex_input semantic="UVSET0" input_semantic="TEXCOORD" input_set="0" />
                                        </instance_material>
                                        <instance_material symbol="Material3" target="#ID17">
                                            <bind_vertex_input semantic="UVSET0" input_semantic="TEXCOORD" input_set="0" />
                                        </instance_material>
                                    </technique_common>
                                </bind_material>
                            </instance_geometry>
                        </node>
                        <node id="ID231" name="instance_6">
                            <matrix>0.5 0.8660254 0 5.970826 -0.8660254 0.5 0 35.59917 0 -0 1 66.92913 0 0 0 1</matrix>
                            <instance_node url="#ID24" />
                        </node>
                        <node id="ID232" name="instance_7">
                            <matrix>-0.9860514 -0.1664413 0 44.86096 0.1664413 -0.9860514 0 28.62803 0 0 1 86.61417 0 0 0 1</matrix>
                            <instance_node url="#ID24" />
                        </node>
                        <node id="ID233" name="instance_8">
                            <matrix>-0.4966858 0.8679304 0 25.73607 -0.8679304 -0.4966858 0 44.70586 0 0 1 78.74016 0 0 0 1</matrix>
                            <instance_node url="#ID24" />
                        </node>
                        <node id="ID234" name="instance_9">
                            <matrix>1 0 0 3.926645 0 1 0 13.86046 0 0 1 78.74016 0 0 0 1</matrix>
                            <instance_node url="#ID24" />
                        </node>
                        <node id="ID235" name="instance_10">
                            <matrix>-0.2759565 -0.9611701 0 37.99801 0.9611701 -0.2759565 0 6.392792 0 0 1 70.86614 0 0 0 1</matrix>
                            <instance_node url="#ID24" />
                        </node>
                        <node id="ID236" name="instance_11">
                            <matrix>0.5661326 -0.8243142 0 20.03867 0.8243142 0.5661326 0 1.446956 -0 0 1 90.55118 0 0 0 1</matrix>
                            <instance_node url="#ID24" />
                        </node>
                    </node>
                </node>
                <node id="ID237" name="group_8">
                    <matrix>1 0 0 1364.386 0 1 0 -687.5212 0 0 1 85.82677 0 0 0 1</matrix>
                    <node id="ID238" name="instance_12">
                        <matrix>0.1657216 0.9360595 0.3383022 49.93854 -0.4408952 0.3518416 -0.9000384 54.68203 -0.8821269 8.782159e-17 0.513403 83.54602 0 0 0 1</matrix>
                        <instance_node url="#ID239" />
                    </node>
                    <node id="ID358" name="instance_13">
                        <matrix>0.4710119 0 0.9703396 61.9038 0 1 0 45.99946 -0.8821269 0 0.5181131 75.67753 0 0 0 1</matrix>
                        <instance_node url="#ID239" />
                    </node>
                    <node id="ID359" name="instance_14">
                        <matrix>-0.3330557 0.7071068 -0.6237579 52.963 -0.3330557 -0.7071068 -0.6237579 68.3668 -0.8821269 0 0.4710119 99.24433 0 0 0 1</matrix>
                        <instance_node url="#ID239" />
                    </node>
                    <node id="ID360" name="instance_15">
                        <matrix>-0.4549625 -0.258819 -0.9969209 64.60731 0.1219068 -0.9659258 0.2671241 71.71492 -0.8821269 4.081626e-17 0.5510839 79.65321 0 0 0 1</matrix>
                        <instance_node url="#ID239" />
                    </node>
                    <node id="ID361" name="instance_16">
                        <matrix>0.360816 -0.6427876 0.6757484 70.22989 0.3027606 0.7660444 0.5670202 49.40546 -0.8821269 0 0.4710119 99.24433 0 0 0 1</matrix>
                        <instance_node url="#ID239" />
                    </node>
                    <node id="ID362" name="instance_17">
                        <matrix>0.4154922 0.4710119 0.7781478 55.10016 -0.2218522 0.8821269 -0.4154922 47.03198 -0.8821269 1.387779e-16 0.4710119 103.0374 0 0 0 1</matrix>
                        <instance_node url="#ID239" />
                    </node>
                    <node id="ID363" name="instance_18">
                        <matrix>-0.2701613 -0.819152 -0.5059672 72.0634 0.3858303 -0.5735764 0.722596 66.9142 -0.8821269 0 0.4710119 91.37032 0 0 0 1</matrix>
                        <instance_node url="#ID239" />
                    </node>
                    <node id="ID364" name="instance_19">
                        <matrix>1 0 0 55.66207 0 1 0 52.89016 0 0 1 0 0 0 0 1</matrix>
                        <instance_node url="#ID365" />
                    </node>
                </node>
            </node>
        </visual_scene>
    </library_visual_scenes>
    <library_geometries>
        <geometry id="ID6">
            <mesh>
                <source id="ID12">
                    <float_array id="ID19" count="720">0.04024509 1.486794 59.05512 0 1.181102 0 0 1.181102 59.05512 0.04024509 1.486794 0 0.04024509 1.486794 0 0.04024509 1.486794 59.05512 0 1.181102 0 0 1.181102 59.05512 0.04024509 1.486794 0 0 1.181102 0 0 1.181102 59.05512 0.04024509 1.486794 59.05512 0.04024509 1.486794 0 0.04024509 0.8754106 0 0 1.181102 0 0.1582377 1.771654 0 0.1582377 0.5905512 0 0.3459369 2.016268 0 0.3459369 0.3459369 0 0.5905512 2.203967 0 0.5905512 0.1582377 0 0.8754106 0.04024509 0 0.8754106 2.32196 0 1.181102 2.362205 0 1.181102 0 0 1.486794 2.32196 0 1.486794 0.04024509 0 1.771654 2.203967 0 1.771654 0.1582377 0 2.016268 0.3459369 0 2.016268 2.016268 0 2.203967 1.771654 0 2.203967 0.5905512 0 2.32196 1.486794 0 2.32196 0.8754106 0 2.362205 1.181102 0 2.362205 1.181102 0 2.32196 1.486794 0 2.32196 0.8754106 0 2.203967 0.5905512 0 2.203967 1.771654 0 2.016268 0.3459369 0 2.016268 2.016268 0 1.771654 2.203967 0 1.771654 0.1582377 0 1.486794 0.04024509 0 1.486794 2.32196 0 1.181102 0 0 1.181102 2.362205 0 0.8754106 0.04024509 0 0.8754106 2.32196 0 0.5905512 2.203967 0 0.5905512 0.1582377 0 0.3459369 0.3459369 0 0.3459369 2.016268 0 0.1582377 0.5905512 0 0.1582377 1.771654 0 0.04024509 0.8754106 0 0.04024509 1.486794 0 0 1.181102 0 1.486794 2.32196 0 1.181102 2.362205 0 1.771654 2.203967 0 2.016268 2.016268 0 2.203967 1.771654 0 2.32196 1.486794 0 2.362205 1.181102 0 2.32196 0.8754106 0 2.203967 0.5905512 0 2.016268 0.3459369 0 1.771654 0.1582377 0 1.486794 0.04024509 0 1.181102 0 0 0.8754106 0.04024509 0 0.5905512 0.1582377 0 0.3459369 0.3459369 0 0.1582377 0.5905512 0 0.04024509 0.8754106 0 0.1582377 1.771654 0 0.3459369 2.016268 0 0.5905512 2.203967 0 0.8754106 2.32196 0 0.04024509 0.8754106 0 0.04024509 0.8754106 59.05512 0.04024509 0.8754106 0 0.04024509 0.8754106 59.05512 0.04024509 0.8754106 59.05512 0.04024509 0.8754106 59.05512 0.04024509 1.486794 59.05512 0 1.181102 59.05512 0.1582377 0.5905512 59.05512 0.1582377 1.771654 59.05512 0.3459369 0.3459369 59.05512 0.3459369 2.016268 59.05512 0.5905512 0.1582377 59.05512 0.5905512 2.203967 59.05512 0.8754106 0.04024509 59.05512 0.8754106 2.32196 59.05512 1.181102 0 59.05512 1.181102 2.362205 59.05512 1.486794 0.04024509 59.05512 1.486794 2.32196 59.05512 1.771654 0.1582377 59.05512 1.771654 2.203967 59.05512 2.016268 0.3459369 59.05512 2.016268 2.016268 59.05512 2.203967 0.5905512 59.05512 2.203967 1.771654 59.05512 2.32196 0.8754106 59.05512 2.32196 1.486794 59.05512 2.362205 1.181102 59.05512 2.362205 1.181102 59.05512 2.32196 0.8754106 59.05512 2.32196 1.486794 59.05512 2.203967 1.771654 59.05512 2.203967 0.5905512 59.05512 2.016268 2.016268 59.05512 2.016268 0.3459369 59.05512 1.771654 2.203967 59.05512 1.771654 0.1582377 59.05512 1.486794 2.32196 59.05512 1.486794 0.04024509 59.05512 1.181102 2.362205 59.05512 1.181102 0 59.05512 0.8754106 2.32196 59.05512 0.8754106 0.04024509 59.05512 0.5905512 2.203967 59.05512 0.5905512 0.1582377 59.05512 0.3459369 2.016268 59.05512 0.3459369 0.3459369 59.05512 0.1582377 1.771654 59.05512 0.1582377 0.5905512 59.05512 0.04024509 1.486794 59.05512 0.04024509 0.8754106 59.05512 0 1.181102 59.05512 1.486794 2.32196 59.05512 1.181102 2.362205 59.05512 0.8754106 2.32196 59.05512 0.5905512 2.203967 59.05512 0.3459369 2.016268 59.05512 0.1582377 1.771654 59.05512 0.1582377 0.5905512 59.05512 0.3459369 0.3459369 59.05512 0.5905512 0.1582377 59.05512 0.8754106 0.04024509 59.05512 1.181102 0 59.05512 1.486794 0.04024509 59.05512 1.771654 0.1582377 59.05512 2.016268 0.3459369 59.05512 2.203967 0.5905512 59.05512 2.32196 0.8754106 59.05512 2.362205 1.181102 59.05512 2.32196 1.486794 59.05512 2.203967 1.771654 59.05512 2.016268 2.016268 59.05512 1.771654 2.203967 59.05512 0.1582377 1.771654 59.05512 0.1582377 1.771654 0 0.1582377 1.771654 0 0.1582377 1.771654 59.05512 1.181102 2.362205 59.05512 1.486794 2.32196 0 1.181102 2.362205 0 1.486794 2.32196 59.05512 1.486794 2.32196 59.05512 1.181102 2.362205 59.05512 1.486794 2.32196 0 1.181102 2.362205 0 1.771654 2.203967 0 1.771654 2.203967 59.05512 1.771654 2.203967 59.05512 1.771654 2.203967 0 2.016268 2.016268 0 2.016268 2.016268 59.05512 2.016268 2.016268 59.05512 2.016268 2.016268 0 2.203967 1.771654 59.05512 2.203967 1.771654 0 2.203967 1.771654 59.05512 2.203967 1.771654 0 2.32196 1.486794 59.05512 2.32196 1.486794 0 2.32196 1.486794 59.05512 2.32196 1.486794 0 2.362205 1.181102 59.05512 2.362205 1.181102 0 2.362205 1.181102 59.05512 2.362205 1.181102 0 2.32196 0.8754106 59.05512 2.32196 0.8754106 0 2.32196 0.8754106 59.05512 2.32196 0.8754106 0 2.203967 0.5905512 59.05512 2.203967 0.5905512 0 2.203967 0.5905512 59.05512 2.203967 0.5905512 0 2.016268 0.3459369 59.05512 2.016268 0.3459369 0 2.016268 0.3459369 59.05512 2.016268 0.3459369 0 1.771654 0.1582377 0 1.771654 0.1582377 59.05512 1.771654 0.1582377 59.05512 1.771654 0.1582377 0 1.486794 0.04024509 0 1.486794 0.04024509 59.05512 1.486794 0.04024509 59.05512 1.486794 0.04024509 0 1.181102 0 0 1.181102 0 59.05512 1.181102 0 59.05512 1.181102 0 0 0.8754106 0.04024509 0 0.8754106 0.04024509 59.05512 0.8754106 0.04024509 59.05512 0.8754106 0.04024509 0 0.5905512 0.1582377 0 0.5905512 0.1582377 59.05512 0.5905512 0.1582377 59.05512 0.5905512 0.1582377 0 0.3459369 0.3459369 0 0.3459369 0.3459369 59.05512 0.3459369 0.3459369 59.05512 0.3459369 0.3459369 0 0.1582377 0.5905512 59.05512 0.1582377 0.5905512 0 0.1582377 0.5905512 0 0.1582377 0.5905512 59.05512 0.3459369 2.016268 59.05512 0.3459369 2.016268 0 0.3459369 2.016268 0 0.3459369 2.016268 59.05512 0.5905512 2.203967 0 0.5905512 2.203967 59.05512 0.5905512 2.203967 59.05512 0.5905512 2.203967 0 0.8754106 2.32196 0 0.8754106 2.32196 59.05512 0.8754106 2.32196 59.05512 0.8754106 2.32196 0</float_array>
                    <technique_common>
                        <accessor count="240" source="#ID19" stride="3">
                            <param name="X" type="float" />
                            <param name="Y" type="float" />
                            <param name="Z" type="float" />
                        </accessor>
                    </technique_common>
                </source>
                <source id="ID13">
                    <float_array id="ID20" count="720">-0.9659258 0.258819 0 -1 0 0 -1 0 0 -0.9659258 0.258819 0 0.9659258 -0.258819 -0 0.9659258 -0.258819 -0 1 -0 -0 1 -0 -0 0 0 0 0 0 0 0 0 0 0 0 0 0 0 -1 0 0 -1 0 0 -1 0 0 -1 0 0 -1 0 0 -1 0 0 -1 0 0 -1 0 0 -1 0 0 -1 0 0 -1 0 0 -1 0 0 -1 0 0 -1 0 0 -1 0 0 -1 0 0 -1 0 0 -1 0 0 -1 0 0 -1 0 0 -1 0 0 -1 0 0 -1 0 0 -1 -0 -0 1 -0 -0 1 -0 -0 1 -0 -0 1 -0 -0 1 -0 -0 1 -0 -0 1 -0 -0 1 -0 -0 1 -0 -0 1 -0 -0 1 -0 -0 1 -0 -0 1 -0 -0 1 -0 -0 1 -0 -0 1 -0 -0 1 -0 -0 1 -0 -0 1 -0 -0 1 -0 -0 1 -0 -0 1 -0 -0 1 -0 -0 1 0 0 0 0 0 0 0 0 0 0 0 0 0 0 0 0 0 0 0 0 0 0 0 0 0 0 0 0 0 0 0 0 0 0 0 0 0 0 0 0 0 0 0 0 0 0 0 0 0 0 0 0 0 0 0 0 0 0 0 0 0 0 0 0 0 0 -0.9659258 -0.258819 0 -0.9659258 -0.258819 0 0.9659258 0.258819 -0 0.9659258 0.258819 -0 0 0 0 0 0 1 0 0 1 0 0 1 0 0 1 0 0 1 0 0 1 0 0 1 0 0 1 0 0 1 0 0 1 0 0 1 0 0 1 0 0 1 0 0 1 0 0 1 0 0 1 0 0 1 0 0 1 0 0 1 0 0 1 0 0 1 0 0 1 0 0 1 0 0 1 -0 -0 -1 -0 -0 -1 -0 -0 -1 -0 -0 -1 -0 -0 -1 -0 -0 -1 -0 -0 -1 -0 -0 -1 -0 -0 -1 -0 -0 -1 -0 -0 -1 -0 -0 -1 -0 -0 -1 -0 -0 -1 -0 -0 -1 -0 -0 -1 -0 -0 -1 -0 -0 -1 -0 -0 -1 -0 -0 -1 -0 -0 -1 -0 -0 -1 -0 -0 -1 -0 -0 -1 0 0 0 0 0 0 0 0 0 0 0 0 0 0 0 0 0 0 0 0 0 0 0 0 0 0 0 0 0 0 0 0 0 0 0 0 0 0 0 0 0 0 0 0 0 0 0 0 0 0 0 0 0 0 0 0 0 0 0 0 0 0 0 -0.8660254 0.5 0 -0.8660254 0.5 0 0.8660254 -0.5 -0 0.8660254 -0.5 -0 0 1 0 0.258819 0.9659258 0 0 1 0 0.258819 0.9659258 0 -0.258819 -0.9659258 -0 -0 -1 -0 -0.258819 -0.9659258 -0 -0 -1 -0 0.5 0.8660254 0 0.5 0.8660254 0 -0.5 -0.8660254 -0 -0.5 -0.8660254 -0 0.7071068 0.7071068 0 0.7071068 0.7071068 0 -0.7071068 -0.7071068 -0 -0.7071068 -0.7071068 -0 0.8660254 0.5 0 0.8660254 0.5 0 -0.8660254 -0.5 -0 -0.8660254 -0.5 -0 0.9659258 0.258819 0 0.9659258 0.258819 0 -0.9659258 -0.258819 -0 -0.9659258 -0.258819 -0 1 0 0 1 0 0 -1 -0 -0 -1 -0 -0 0.9659258 -0.258819 0 0.9659258 -0.258819 0 -0.9659258 0.258819 -0 -0.9659258 0.258819 -0 0.8660254 -0.5 0 0.8660254 -0.5 0 -0.8660254 0.5 -0 -0.8660254 0.5 -0 0.7071068 -0.7071068 0 0.7071068 -0.7071068 0 -0.7071068 0.7071068 -0 -0.7071068 0.7071068 -0 0.5 -0.8660254 0 0.5 -0.8660254 0 -0.5 0.8660254 -0 -0.5 0.8660254 -0 0.258819 -0.9659258 0 0.258819 -0.9659258 0 -0.258819 0.9659258 -0 -0.258819 0.9659258 -0 0 -1 0 0 -1 0 -0 1 -0 -0 1 -0 -0.258819 -0.9659258 0 -0.258819 -0.9659258 0 0.258819 0.9659258 -0 0.258819 0.9659258 -0 -0.5 -0.8660254 0 -0.5 -0.8660254 0 0.5 0.8660254 -0 0.5 0.8660254 -0 -0.7071068 -0.7071068 0 -0.7071068 -0.7071068 0 0.7071068 0.7071068 -0 0.7071068 0.7071068 -0 -0.8660254 -0.5 0 -0.8660254 -0.5 0 0.8660254 0.5 -0 0.8660254 0.5 -0 -0.7071068 0.7071068 0 -0.7071068 0.7071068 0 0.7071068 -0.7071068 -0 0.7071068 -0.7071068 -0 -0.5 0.8660254 0 -0.5 0.8660254 0 0.5 -0.8660254 -0 0.5 -0.8660254 -0 -0.258819 0.9659258 0 -0.258819 0.9659258 0 0.258819 -0.9659258 -0 0.258819 -0.9659258 -0</float_array>
                    <technique_common>
                        <accessor count="240" source="#ID20" stride="3">
                            <param name="X" type="float" />
                            <param name="Y" type="float" />
                            <param name="Z" type="float" />
                        </accessor>
                    </technique_common>
                </source>
                <source id="ID14">
                    <Name_array id="ID22" count="0" />
                    <technique_common>
                        <accessor count="0" source="#ID22" stride="1">
                            <param name="skp_material" type="Name" />
                        </accessor>
                    </technique_common>
                </source>
                <source id="ID16">
                    <float_array id="ID21" count="278">-0.05689721 1.153846 -0.04503838 0 -0.04503838 1.153846 -0.05689721 0 -0.001547888 0.02904967 -0.001547888 0.01710418 0 0.02307692 -0.006086066 0.03461538 -0.006086066 0.01153846 -0.01330526 0.03939477 -0.01330526 0.006759074 -0.02271351 0.04306212 -0.02271351 0.003091721 -0.03366964 0.0007863271 -0.03366964 0.04536752 -0.04542701 0.04615385 -0.04542701 0 -0.05718439 0.04536752 -0.05718439 0.0007863271 -0.06814052 0.04306212 -0.06814052 0.003091721 -0.07754876 0.006759074 -0.07754876 0.03939477 -0.08476796 0.03461538 -0.08476796 0.01153846 -0.08930614 0.02904967 -0.08930614 0.01710418 -0.09085403 0.02307692 -0.03317955 0 -0.03317955 1.153846 0.001547888 0.01710418 0.001547888 0.02904967 0.006086066 0.01153846 0.006086066 0.03461538 0.01330526 0.006759074 0.01330526 0.03939477 0.02271351 0.003091721 0.02271351 0.04306212 0.03366964 0.0007863271 0.03366964 0.04536752 0.04542701 0 0.04542701 0.04615385 0.05718439 0.0007863271 0.05718439 0.04536752 0.06814052 0.003091721 0.06814052 0.04306212 0.07754876 0.006759074 0.07754876 0.03939477 0.08476796 0.01153846 0.08476796 0.03461538 0.08930614 0.01710418 0.08930614 0.02904967 0.09085403 0.02307692 -0.06528267 1.153846 -0.05342384 0 -0.05342384 1.153846 -0.06528267 0 -0.03317955 1.153846 -0.04503838 0 -0.03317955 0 -0.04503838 1.153846 -0.01865551 1.153846 -0.03051434 0 -0.01865551 0 -0.03051434 1.153846 -0.002456044 1.153846 -0.01431487 0 -0.002456044 0 -0.01431487 1.153846 0.01431487 0 0.002456044 1.153846 0.002456044 0 0.01431487 1.153846 0.03051434 0 0.01865551 1.153846 0.01865551 0 0.03051434 1.153846 0.04503838 0 0.03317955 1.153846 0.03317955 0 0.04503838 1.153846 0.05689721 0 0.04503838 1.153846 0.04503838 0 0.05689721 1.153846 0.06528267 0 0.05342384 1.153846 0.05342384 0 0.06528267 1.153846 0.0696233 0 0.05776447 1.153846 0.05776447 0 0.0696233 1.153846 0.0696233 1.153846 0.05776447 0 0.0696233 0 0.05776447 1.153846 0.06528267 1.153846 0.05342384 0 0.06528267 0 0.05342384 1.153846 0.05689721 1.153846 0.04503838 0 0.05689721 0 0.04503838 1.153846 0.03317955 0 0.03317955 1.153846 0.03051434 1.153846 0.01865551 0 0.03051434 0 0.01865551 1.153846 0.01431487 1.153846 0.002456044 0 0.01431487 0 0.002456044 1.153846 -0.01431487 1.153846 -0.002456044 0 -0.002456044 1.153846 -0.01431487 0 -0.03051434 1.153846 -0.01865551 0 -0.01865551 1.153846 -0.03051434 0 -0.0696233 1.153846 -0.05776447 0 -0.05776447 1.153846 -0.0696233 0 -0.05776447 1.153846 -0.0696233 0 -0.05776447 0 -0.0696233 1.153846 -0.05342384 1.153846 -0.06528267 0 -0.05342384 0 -0.06528267 1.153846 -0.04503838 1.153846 -0.05689721 0 -0.04503838 0 -0.05689721 1.153846</float_array>
                    <technique_common>
                        <accessor count="139" source="#ID21" stride="2">
                            <param name="S" type="float" />
                            <param name="T" type="float" />
                        </accessor>
                    </technique_common>
                </source>
                <vertices id="ID15">
                    <input semantic="POSITION" source="#ID12" />
                    <input semantic="NORMAL" source="#ID13" />
                </vertices>
                <triangles count="184" material="Material2">
                    <input offset="0" semantic="VERTEX" source="#ID15" />
                    <input offset="1" semantic="TEXCOORD" source="#ID16" />
                    <p>0 0 1 1 2 2 1 1 0 0 3 3 4 3 5 0 6 1 7 2 6 1 5 0 12 4 13 5 14 6 13 5 12 4 15 7 13 5 15 7 16 8 16 8 15 7 17 9 16 8 17 9 18 10 18 10 17 9 19 11 18 10 19 11 20 12 20 12 19 11 21 13 21 13 19 11 22 14 21 13 22 14 23 15 21 13 23 15 24 16 24 16 23 15 25 17 24 16 25 17 26 18 26 18 25 17 27 19 26 18 27 19 28 20 28 20 27 19 29 21 29 21 27 19 30 22 29 21 30 22 31 23 29 21 31 23 32 24 32 24 31 23 33 25 32 24 33 25 34 26 34 26 33 25 35 27 36 27 37 25 38 26 38 26 37 25 39 24 37 25 40 23 39 24 39 24 40 23 41 21 40 23 42 22 41 21 42 22 43 19 41 21 41 21 43 19 44 20 44 20 43 19 45 18 43 19 46 17 45 18 45 18 46 17 47 16 46 17 48 15 47 16 47 16 48 15 49 13 48 15 50 14 49 13 50 14 51 11 49 13 49 13 51 11 52 12 52 12 51 11 53 10 51 11 54 9 53 10 53 10 54 9 55 8 54 9 56 7 55 8 55 8 56 7 57 5 56 7 58 4 57 5 59 6 57 5 58 4 2 2 82 28 83 29 82 28 2 2 1 1 6 1 7 2 84 28 85 29 84 28 7 2 87 30 88 31 89 6 88 31 87 30 90 32 88 31 90 32 91 33 91 33 90 32 92 34 91 33 92 34 93 35 93 35 92 34 94 36 93 35 94 36 95 37 95 37 94 36 96 38 95 37 96 38 97 39 97 39 96 38 98 40 97 39 98 40 99 41 99 41 98 40 100 42 99 41 100 42 101 43 101 43 100 42 102 44 101 43 102 44 103 45 103 45 102 44 104 46 103 45 104 46 105 47 105 47 104 46 106 48 105 47 106 48 107 49 107 49 106 48 108 50 107 49 108 50 109 51 109 51 108 50 110 52 111 52 112 50 113 51 113 51 112 50 114 49 112 50 115 48 114 49 114 49 115 48 116 47 115 48 117 46 116 47 116 47 117 46 118 45 117 46 119 44 118 45 118 45 119 44 120 43 119 44 121 42 120 43 120 43 121 42 122 41 121 42 123 40 122 41 122 41 123 40 124 39 123 40 125 38 124 39 124 39 125 38 126 37 125 38 127 36 126 37 126 37 127 36 128 35 127 36 129 34 128 35 128 35 129 34 130 33 129 34 131 32 130 33 130 33 131 32 132 31 131 32 133 30 132 31 134 6 132 31 133 30 156 53 3 54 0 55 3 54 156 53 157 56 158 56 159 53 4 54 5 55 4 54 159 53 160 57 161 58 162 59 161 58 160 57 163 60 164 60 165 57 166 58 167 59 166 58 165 57 163 61 168 62 161 63 168 62 163 61 169 64 170 64 164 61 171 62 166 63 171 62 164 61 169 65 172 66 168 67 172 66 169 65 173 68 174 68 170 65 175 66 171 67 175 66 170 65 172 69 176 70 177 71 176 70 172 69 173 72 174 72 175 69 178 70 179 71 178 70 175 69 177 73 180 74 181 75 180 74 177 73 176 76 178 76 179 73 182 74 183 75 182 74 179 73 181 77 184 78 185 79 184 78 181 77 180 80 182 80 183 77 186 78 187 79 186 78 183 77 185 81 188 82 189 83 188 82 185 81 184 84 186 84 187 81 190 82 191 83 190 82 187 81 189 85 192 86 193 87 192 86 189 85 188 88 190 88 191 85 194 86 195 87 194 86 191 85 193 89 196 90 197 91 196 90 193 89 192 92 194 92 195 89 198 90 199 91 198 90 195 89 196 93 200 94 197 95 200 94 196 93 201 96 202 96 198 93 203 94 199 95 203 94 198 93 201 97 204 98 200 99 204 98 201 97 205 100 206 100 202 97 207 98 203 99 207 98 202 97 205 101 208 102 204 103 208 102 205 101 209 104 210 104 206 101 211 102 207 103 211 102 206 101 209 104 212 105 208 102 212 105 209 104 213 106 214 106 210 104 215 105 211 102 215 105 210 104 213 107 216 108 212 109 216 108 213 107 217 110 218 110 214 107 219 108 215 109 219 108 214 107 217 111 220 112 216 113 220 112 217 111 221 114 222 114 218 111 223 112 219 113 223 112 218 111 224 115 220 116 221 117 220 116 224 115 225 118 226 118 227 115 223 116 222 117 223 116 227 115 83 119 225 120 224 121 225 120 83 119 82 122 84 122 85 119 226 120 227 121 226 120 85 119 228 123 157 124 156 125 157 124 228 123 229 126 230 126 231 123 158 124 159 125 158 124 231 123 228 127 232 128 229 129 232 128 228 127 233 130 234 130 231 127 235 128 230 129 235 128 231 127 233 131 236 132 232 133 236 132 233 131 237 134 238 134 234 131 239 132 235 133 239 132 234 131 237 135 162 136 236 137 162 136 237 135 160 138 165 138 238 135 167 136 239 137 167 136 238 135</p>
                </triangles>
                <lines count="72" material="Material3">
                    <input offset="0" semantic="VERTEX" source="#ID15" />
                    <p>8 9 9 10 11 10 8 11 60 61 62 60 63 62 64 63 65 64 66 65 67 66 68 67 69 68 70 69 71 70 72 71 73 72 74 73 75 74 76 75 77 76 9 77 78 8 79 78 80 79 81 80 61 81 77 86 10 86 135 136 136 137 137 138 138 139 139 140 140 11 86 141 141 142 142 143 143 144 144 145 145 146 146 147 147 148 148 149 149 150 150 151 151 152 152 153 153 154 154 155 155 135 78 140 61 136 60 135 62 155 63 154 64 153 65 152 66 151 67 150 68 149 69 148 70 147 71 146 72 145 73 144 74 143 75 142 76 141 79 139 80 138 81 137</p>
                </lines>
            </mesh>
        </geometry>
        <geometry id="ID26">
            <mesh>
                <source id="ID29">
                    <float_array id="ID41" count="630">8.236559 19.39384 23.43313 9.352426 13.29235 20.95747 8.392828 12.91869 17.76781 9.448471 13.32975 21.27672 9.715542 13.43375 22.16445 9.864344 16.81709 25.80575 8.866007 18.51299 24.45995 8.866007 18.51299 24.45995 8.236559 19.39384 23.43313 9.864344 16.81709 25.80575 9.715542 13.43375 22.16445 9.448471 13.32975 21.27672 9.352426 13.29235 20.95747 8.392828 12.91869 17.76781 8.392828 12.91869 17.76781 9.352426 13.29235 20.95747 8.236559 19.39384 23.43313 8.866007 18.51299 24.45995 9.864344 16.81709 25.80575 9.715542 13.43375 22.16445 9.448471 13.32975 21.27672 8.270281 12.87097 17.36047 9.903878 10.76143 26.5852 9.1053 9.038599 25.88209 8.295398 12.88075 17.44396 9.352426 13.29235 20.95747 8.392828 12.91869 17.76781 8.392828 12.91869 17.76781 8.295398 12.88075 17.44396 9.352426 13.29235 20.95747 9.903878 10.76143 26.5852 8.270281 12.87097 17.36047 9.1053 9.038599 25.88209 8.270281 12.87097 17.36047 8.295398 12.88075 17.44396 9.903878 10.76143 26.5852 9.1053 9.038599 25.88209 9.448471 13.32975 21.27672 10.91756 12.94832 27.47771 9.903878 10.76143 26.5852 9.771406 13.4555 22.35014 11.51887 14.13595 28.15863 9.715542 13.43375 22.16445 11.24741 14.03025 27.25632 11.24741 14.03025 27.25632 9.771406 13.4555 22.35014 11.51887 14.13595 28.15863 9.715542 13.43375 22.16445 9.448471 13.32975 21.27672 10.91756 12.94832 27.47771 9.903878 10.76143 26.5852 10.91756 12.94832 27.47771 9.771406 13.4555 22.35014 11.24741 14.03025 27.25632 11.51887 14.13595 28.15863 7.37605 20.59803 22.02938 8.164723 12.82987 17.0096 7.643471 12.6269 15.27698 8.270281 12.87097 17.36047 8.295398 12.88075 17.44396 8.236559 19.39384 23.43313 8.236559 19.39384 23.43313 7.37605 20.59803 22.02938 8.295398 12.88075 17.44396 8.270281 12.87097 17.36047 8.164723 12.82987 17.0096 7.643471 12.6269 15.27698 7.643471 12.6269 15.27698 8.164723 12.82987 17.0096 7.37605 20.59803 22.02938 9.864344 16.81709 25.80575 11.24741 14.03025 27.25632 9.771406 13.4555 22.35014 10.86268 15.12118 27.15155 11.51887 14.13595 28.15863 11.51887 14.13595 28.15863 10.86268 15.12118 27.15155 11.24741 14.03025 27.25632 9.864344 16.81709 25.80575 9.771406 13.4555 22.35014 10.86268 15.12118 27.15155 7.482495 12.56422 14.74191 9.1053 9.038599 25.88209 6.642175 4.402626 22.77648 7.574228 12.59994 15.04682 7.643471 12.6269 15.27698 8.164723 12.82987 17.0096 8.164723 12.82987 17.0096 7.643471 12.6269 15.27698 9.1053 9.038599 25.88209 7.574228 12.59994 15.04682 7.482495 12.56422 14.74191 6.642175 4.402626 22.77648 7.482495 12.56422 14.74191 7.574228 12.59994 15.04682 6.642175 4.402626 22.77648 6.191254 22.25602 20.09662 7.574228 12.59994 15.04682 7.482495 12.56422 14.74191 7.37605 20.59803 22.02938 7.37605 20.59803 22.02938 6.191254 22.25602 20.09662 7.574228 12.59994 15.04682 7.482495 12.56422 14.74191 6.191254 22.25602 20.09662 6.191254 22.25602 20.09662 7.37605 12.52277 14.48362 7.170075 12.44256 13.98382 7.482495 12.56422 14.74191 7.482495 12.56422 14.74191 6.191254 22.25602 20.09662 7.37605 12.52277 14.48362 7.170075 12.44256 13.98382 7.170075 12.44256 13.98382 7.37605 12.52277 14.48362 6.407827 12.14575 12.13424 7.37605 12.52277 14.48362 6.642175 4.402626 22.77648 7.170075 12.44256 13.98382 7.046503 12.39444 13.68398 7.046503 12.39444 13.68398 6.407827 12.14575 12.13424 7.170075 12.44256 13.98382 7.37605 12.52277 14.48362 6.642175 4.402626 22.77648 6.407827 12.14575 12.13424 7.046503 12.39444 13.68398 6.191254 22.25602 20.09662 6.268063 12.09132 11.7951 6.1283 12.0369 11.45597 6.407827 12.14575 12.13424 7.046503 12.39444 13.68398 7.046503 12.39444 13.68398 6.191254 22.25602 20.09662 6.407827 12.14575 12.13424 6.268063 12.09132 11.7951 6.1283 12.0369 11.45597 6.1283 12.0369 11.45597 6.268063 12.09132 11.7951 6.407827 12.14575 12.13424 6.642175 4.402626 22.77648 3.899361 0.8113993 17.14676 3.899361 0.8113993 17.14676 6.642175 4.402626 22.77648 6.407827 12.14575 12.13424 3.899361 0.8113993 17.14676 2.416066 24.58837 13.90202 6.191254 22.25602 20.09662 6.1283 12.0369 11.45597 6.1283 12.0369 11.45597 6.191254 22.25602 20.09662 2.416066 24.58837 13.90202 2.416066 24.58837 13.90202 5.019423 11.05705 9.352606 6.268063 12.09132 11.7951 3.899361 0.8113993 17.14676 5.082002 11.62948 8.91714 5.261465 11.69936 9.352606 5.464634 11.77847 9.845592 5.667803 11.85759 10.33858 6.044058 12.0041 11.25156 6.1283 12.0369 11.45597 6.1283 12.0369 11.45597 6.044058 12.0041 11.25156 6.268063 12.09132 11.7951 5.667803 11.85759 10.33858 5.464634 11.77847 9.845592 5.261465 11.69936 9.352606 5.082002 11.62948 8.91714 5.019423 11.05705 9.352606 3.899361 0.8113993 17.14676 5.082002 11.62948 8.91714 5.261465 11.69936 9.352606 5.464634 11.77847 9.845592 5.667803 11.85759 10.33858 6.044058 12.0041 11.25156 5.019423 11.05705 9.352606 1.093659 22.8172 6.305493 5.464634 11.77847 9.845592 5.261465 11.69936 9.352606 5.261465 11.69936 9.352606 5.464634 11.77847 9.845592 1.093659 22.8172 6.305493 1.093659 22.8172 6.305493 2.416066 24.58837 13.90202 6.044058 12.0041 11.25156 5.667803 11.85759 10.33858 5.667803 11.85759 10.33858 6.044058 12.0041 11.25156 2.416066 24.58837 13.90202 5.019423 11.05705 9.352606 3.899361 0.8113993 17.14676 1.095197 0 9.614655 1.095197 0 9.614655 3.899361 0.8113993 17.14676 5.019423 11.05705 9.352606 1.095197 0 9.614655 1.093659 22.8172 6.305493 5.261465 11.69936 9.352606 0.9067249 19.05933 1.77613 0.9067249 19.05933 1.77613 5.261465 11.69936 9.352606 1.093659 22.8172 6.305493 0.9067249 19.05933 1.77613 2.416066 24.58837 13.90202 5.667803 11.85759 10.33858 1.093659 22.8172 6.305493 1.093659 22.8172 6.305493 5.667803 11.85759 10.33858 2.416066 24.58837 13.90202</float_array>
                    <technique_common>
                        <accessor count="210" source="#ID41" stride="3">
                            <param name="X" type="float" />
                            <param name="Y" type="float" />
                            <param name="Z" type="float" />
                        </accessor>
                    </technique_common>
                </source>
                <source id="ID30">
                    <float_array id="ID42" count="630">0.9064755 0.2902267 -0.3067094 0.9064755 0.2902267 -0.3067094 0.9064755 0.2902267 -0.3067094 0.9064755 0.2902267 -0.3067094 0.9064755 0.2902267 -0.3067094 0.9064755 0.2902267 -0.3067094 0.9064755 0.2902267 -0.3067094 -0.9064755 -0.2902267 0.3067094 -0.9064755 -0.2902267 0.3067094 -0.9064755 -0.2902267 0.3067094 -0.9064755 -0.2902267 0.3067094 -0.9064755 -0.2902267 0.3067094 -0.9064755 -0.2902267 0.3067094 -0.9064755 -0.2902267 0.3067094 0 0 0 0 0 0 0 0 0 0 0 0 0 0 0 0 0 0 0 0 0 0.9147395 -0.3273446 -0.2368486 0.9147395 -0.3273446 -0.2368486 0.9147395 -0.3273446 -0.2368486 0.9147395 -0.3273446 -0.2368486 0.9147395 -0.3273446 -0.2368486 0.9147395 -0.3273446 -0.2368486 -0.9147395 0.3273446 0.2368486 -0.9147395 0.3273446 0.2368486 -0.9147395 0.3273446 0.2368486 -0.9147395 0.3273446 0.2368486 -0.9147395 0.3273446 0.2368486 -0.9147395 0.3273446 0.2368486 0 0 0 0 0 0 0 0 0 0 0 0 0.9147395 -0.3273446 -0.2368486 0.9147395 -0.3273446 -0.2368486 0.9147395 -0.3273446 -0.2368486 0.9147395 -0.3273446 -0.2368486 0.9147395 -0.3273446 -0.2368486 0.9147395 -0.3273446 -0.2368486 0.9147395 -0.3273446 -0.2368486 -0.9147395 0.3273446 0.2368486 -0.9147395 0.3273446 0.2368486 -0.9147395 0.3273446 0.2368486 -0.9147395 0.3273446 0.2368486 -0.9147395 0.3273446 0.2368486 -0.9147395 0.3273446 0.2368486 -0.9147395 0.3273446 0.2368486 0 0 0 0 0 0 0 0 0 0 0 0 0.9064755 0.2902267 -0.3067094 0.9064755 0.2902267 -0.3067094 0.9064755 0.2902267 -0.3067094 0.9064755 0.2902267 -0.3067094 0.9064755 0.2902267 -0.3067094 0.9064755 0.2902267 -0.3067094 -0.9064755 -0.2902267 0.3067094 -0.9064755 -0.2902267 0.3067094 -0.9064755 -0.2902267 0.3067094 -0.9064755 -0.2902267 0.3067094 -0.9064755 -0.2902267 0.3067094 -0.9064755 -0.2902267 0.3067094 0 0 0 0 0 0 0 0 0 0.9064755 0.2902267 -0.3067094 0.9064755 0.2902267 -0.3067094 0.9064755 0.2902267 -0.3067094 0.9064755 0.2902267 -0.3067094 0.9064755 0.2902267 -0.3067094 -0.9064755 -0.2902267 0.3067094 -0.9064755 -0.2902267 0.3067094 -0.9064755 -0.2902267 0.3067094 -0.9064755 -0.2902267 0.3067094 -0.9064755 -0.2902267 0.3067094 0 0 0 0.9147395 -0.3273446 -0.2368486 0.9147395 -0.3273446 -0.2368486 0.9147395 -0.3273446 -0.2368486 0.9147395 -0.3273446 -0.2368486 0.9147395 -0.3273446 -0.2368486 0.9147395 -0.3273446 -0.2368486 -0.9147395 0.3273446 0.2368486 -0.9147395 0.3273446 0.2368486 -0.9147395 0.3273446 0.2368486 -0.9147395 0.3273446 0.2368486 -0.9147395 0.3273446 0.2368486 -0.9147395 0.3273446 0.2368486 0 0 0 0 0 0 0 0 0 0.9064755 0.2902267 -0.3067094 0.9064755 0.2902267 -0.3067094 0.9064755 0.2902267 -0.3067094 0.9064755 0.2902267 -0.3067094 -0.9064755 -0.2902267 0.3067094 -0.9064755 -0.2902267 0.3067094 -0.9064755 -0.2902267 0.3067094 -0.9064755 -0.2902267 0.3067094 0 0 0 0.8502982 0.3367517 -0.4044642 0.8502982 0.3367517 -0.4044642 0.8502982 0.3367517 -0.4044642 0.8502982 0.3367517 -0.4044642 -0.8502982 -0.3367517 0.4044642 -0.8502982 -0.3367517 0.4044642 -0.8502982 -0.3367517 0.4044642 -0.8502982 -0.3367517 0.4044642 0 0 0 0 0 0 0.8738152 -0.3838409 -0.2985181 0.8738152 -0.3838409 -0.2985181 0.8738152 -0.3838409 -0.2985181 0.8738152 -0.3838409 -0.2985181 0.8738152 -0.3838409 -0.2985181 -0.8738152 0.3838409 0.2985181 -0.8738152 0.3838409 0.2985181 -0.8738152 0.3838409 0.2985181 -0.8738152 0.3838409 0.2985181 -0.8738152 0.3838409 0.2985181 0 0 0 0 0 0 0.8502982 0.3367517 -0.4044642 0.8502982 0.3367517 -0.4044642 0.8502982 0.3367517 -0.4044642 0.8502982 0.3367517 -0.4044642 0.8502982 0.3367517 -0.4044642 -0.8502982 -0.3367517 0.4044642 -0.8502982 -0.3367517 0.4044642 -0.8502982 -0.3367517 0.4044642 -0.8502982 -0.3367517 0.4044642 -0.8502982 -0.3367517 0.4044642 0 0 0 0 0 0 0.9171242 -0.3124374 -0.2475198 0.9171242 -0.3124374 -0.2475198 0.9171242 -0.3124374 -0.2475198 -0.9171242 0.3124374 0.2475198 -0.9171242 0.3124374 0.2475198 -0.9171242 0.3124374 0.2475198 0 0 0 0.8560893 0.330614 -0.3972474 0.8560893 0.330614 -0.3972474 0.8560893 0.330614 -0.3972474 -0.8560893 -0.330614 0.3972474 -0.8560893 -0.330614 0.3972474 -0.8560893 -0.330614 0.3972474 0 0 0 0.8888784 -0.3349546 -0.312571 0.8888784 -0.3349546 -0.312571 0.8888784 -0.3349546 -0.312571 0.8888784 -0.3349546 -0.312571 0.8888784 -0.3349546 -0.312571 0.8888784 -0.3349546 -0.312571 0.8888784 -0.3349546 -0.312571 0.8888784 -0.3349546 -0.312571 0.8888784 -0.3349546 -0.312571 -0.8888784 0.3349546 0.312571 -0.8888784 0.3349546 0.312571 -0.8888784 0.3349546 0.312571 -0.8888784 0.3349546 0.312571 -0.8888784 0.3349546 0.312571 -0.8888784 0.3349546 0.312571 -0.8888784 0.3349546 0.312571 -0.8888784 0.3349546 0.312571 -0.8888784 0.3349546 0.312571 0 0 0 0 0 0 0 0 0 0 0 0 0 0 0 0 0 0 0.8881984 0.2228399 -0.4018035 0.8881984 0.2228399 -0.4018035 0.8881984 0.2228399 -0.4018035 -0.8881984 -0.2228399 0.4018035 -0.8881984 -0.2228399 0.4018035 -0.8881984 -0.2228399 0.4018035 0 0 0 0.8525598 0.3309775 -0.4044697 0.8525598 0.3309775 -0.4044697 0.8525598 0.3309775 -0.4044697 -0.8525598 -0.3309775 0.4044697 -0.8525598 -0.3309775 0.4044697 -0.8525598 -0.3309775 0.4044697 0.897066 -0.3254593 -0.2989127 0.897066 -0.3254593 -0.2989127 0.897066 -0.3254593 -0.2989127 -0.897066 0.3254593 0.2989127 -0.897066 0.3254593 0.2989127 -0.897066 0.3254593 0.2989127 0 0 0 0.9244513 0.2738308 -0.2653422 0.9244513 0.2738308 -0.2653422 0.9244513 0.2738308 -0.2653422 -0.9244513 -0.2738308 0.2653422 -0.9244513 -0.2738308 0.2653422 -0.9244513 -0.2738308 0.2653422 0 0 0 0.9251536 0.3010309 -0.2312383 0.9251536 0.3010309 -0.2312383 0.9251536 0.3010309 -0.2312383 -0.9251536 -0.3010309 0.2312383 -0.9251536 -0.3010309 0.2312383 -0.9251536 -0.3010309 0.2312383</float_array>
                    <technique_common>
                        <accessor count="210" source="#ID42" stride="3">
                            <param name="X" type="float" />
                            <param name="Y" type="float" />
                            <param name="Z" type="float" />
                        </accessor>
                    </technique_common>
                </source>
                <source id="ID31">
                    <Name_array id="ID44" count="0" />
                    <technique_common>
                        <accessor count="0" source="#ID44" stride="1">
                            <param name="skp_material" type="Name" />
                        </accessor>
                    </technique_common>
                </source>
                <source id="ID38">
                    <float_array id="ID43" count="170">3.791686 7.010966 4.053517 6.736947 3.304119 7.370109 2.497201 6.398386 2.492729 6.161484 2.491121 6.076288 2.475052 5.22509 3.807748 4.598142 3.790337 4.513474 3.979231 5.432042 3.421158 6.90335 3.785848 4.491647 2.940804 6.719529 4.317872 7.078807 4.054105 5.79614 4.366382 7.314704 4.044122 5.747595 3.996395 5.515506 4.0309 7.136686 3.421158 6.90335 4.053517 6.736947 4.411462 6.362341 2.473421 5.138666 2.473 5.116386 2.471232 5.022753 2.462504 4.560382 2.527398 7.998002 2.816551 7.729253 2.522853 7.757212 3.304119 7.370109 2.498137 6.447939 3.766985 4.399916 3.673835 3.946942 2.940804 6.719529 3.661461 3.886769 3.645069 3.807053 1.621322 5.907603 4.411462 6.362341 4.9043 5.846562 2.461344 4.498961 2.459808 4.417591 2.267281 4.614473 4.676807 6.101645 2.267448 4.542739 2.267772 4.40393 3.602184 3.428463 3.479106 3.016024 3.625997 3.508262 3.66569 3.641275 1.702362 5.848294 2.267966 4.320654 4.676807 6.101645 2.268968 3.890243 2.269188 3.796055 2.269407 3.701866 0.5144739 4.435361 1.602574 5.911234 3.445066 3.121289 2.291302 3.684748 4.706905 6.07627 5.604995 4.361756 3.409873 2.882326 3.394531 2.827667 3.435326 2.973011 3.326007 2.583538 3.289007 2.451715 3.252006 2.319891 3.219322 2.203449 3.077659 2.319891 0.5421081 4.404035 2.557095 2.986758 2.564027 3.1235 5.553749 2.141563 2.286673 3.385291 2.286778 3.638854 5.600016 4.374972 0.09487388 2.408636 0.5315297 4.413451 3.074924 2.338886 4.576309 0.8583837 2.469712 2.854356 5.478017 2.051614 5.425207 2.033938 2.418583 3.086879 5.749077 4.017209</float_array>
                    <technique_common>
                        <accessor count="85" source="#ID43" stride="2">
                            <param name="S" type="float" />
                            <param name="T" type="float" />
                        </accessor>
                    </technique_common>
                </source>
                <vertices id="ID32">
                    <input semantic="POSITION" source="#ID29" />
                    <input semantic="NORMAL" source="#ID30" />
                </vertices>
                <triangles count="49" material="Material2">
                    <input offset="0" semantic="VERTEX" source="#ID32" />
                    <p>0 1 2 1 0 3 3 0 4 4 0 5 5 0 6 21 22 23 22 21 24 22 24 25 25 24 26 37 38 39 38 37 40 38 40 41 40 37 42 41 40 43 55 56 57 56 55 58 58 55 59 59 55 60 70 71 72 71 70 73 71 73 74 81 82 83 82 81 84 82 84 85 82 85 86 96 97 98 97 96 99 105 106 107 106 105 108 115 116 117 116 115 118 118 115 119 127 128 129 128 127 130 130 127 131 139 140 141 146 147 148 153 154 155 154 153 156 154 156 157 154 157 158 154 158 159 154 159 160 154 160 161 177 178 179 184 185 186 190 191 192 197 198 199 204 205 206</p>
                </triangles>
                <triangles count="49" material="Material3">
                    <input offset="0" semantic="VERTEX" source="#ID32" />
                    <input offset="1" semantic="TEXCOORD" source="#ID38" />
                    <p>7 0 8 1 9 2 9 2 8 1 10 3 10 3 8 1 11 4 11 4 8 1 12 5 13 6 12 5 8 1 27 7 28 8 29 9 29 9 28 8 30 10 28 8 31 11 30 10 32 12 30 10 31 11 44 13 45 14 46 15 47 16 48 17 45 14 46 15 45 14 49 18 45 14 48 17 49 18 50 19 49 18 48 17 61 20 62 21 63 22 63 22 62 21 64 23 64 23 62 21 65 24 66 25 65 24 62 21 75 26 76 27 77 28 76 27 78 29 77 28 79 30 77 28 78 29 87 31 88 32 89 33 88 32 90 34 89 33 90 34 91 35 89 33 92 36 89 33 91 35 100 37 101 38 102 39 103 40 102 39 101 38 109 41 110 42 111 43 112 44 111 43 110 42 120 45 121 46 122 47 122 47 121 46 123 48 124 49 123 48 121 46 132 50 133 51 134 52 134 52 133 51 135 53 136 54 135 53 133 51 142 55 143 56 144 57 149 58 150 59 151 60 162 61 163 62 164 63 163 62 165 64 164 63 165 64 166 65 164 63 166 65 167 66 164 63 167 66 168 67 164 63 168 67 169 68 164 63 170 69 164 63 169 68 180 70 181 71 182 72 187 73 188 74 189 75 193 76 194 77 195 78 200 79 201 80 202 81 207 82 208 83 209 84</p>
                </triangles>
                <lines count="67" material="Material4">
                    <input offset="0" semantic="VERTEX" source="#ID32" />
                    <p>14 15 14 16 17 16 18 17 18 19 20 19 15 20 33 34 34 14 15 35 35 36 33 36 51 35 20 35 19 52 52 53 53 54 54 51 67 68 69 67 16 69 16 34 68 33 18 52 80 18 54 80 93 94 94 67 68 36 36 95 93 95 69 104 94 69 104 93 113 114 113 104 114 93 125 126 126 113 114 95 125 95 137 104 104 126 138 125 137 138 125 145 95 145 152 137 152 104 171 172 172 173 173 174 174 175 175 137 138 145 176 145 171 176 172 183 183 173 174 152 152 175 145 196 176 196 203 172 203 183 183 174 183 152</p>
                </lines>
            </mesh>
        </geometry>
        <geometry id="ID45">
            <mesh>
                <source id="ID46">
                    <float_array id="ID52" count="27">9.448471 13.32975 21.27672 9.903878 10.76143 26.5852 9.352426 13.29235 20.95747 9.352426 13.29235 20.95747 9.903878 10.76143 26.5852 9.448471 13.32975 21.27672 9.352426 13.29235 20.95747 9.448471 13.32975 21.27672 9.903878 10.76143 26.5852</float_array>
                    <technique_common>
                        <accessor count="9" source="#ID52" stride="3">
                            <param name="X" type="float" />
                            <param name="Y" type="float" />
                            <param name="Z" type="float" />
                        </accessor>
                    </technique_common>
                </source>
                <source id="ID47">
                    <float_array id="ID53" count="27">0.9147395 -0.3273446 -0.2368486 0.9147395 -0.3273446 -0.2368486 0.9147395 -0.3273446 -0.2368486 -0.9147395 0.3273446 0.2368486 -0.9147395 0.3273446 0.2368486 -0.9147395 0.3273446 0.2368486 0 0 0 0 0 0 0 0 0</float_array>
                    <technique_common>
                        <accessor count="9" source="#ID53" stride="3">
                            <param name="X" type="float" />
                            <param name="Y" type="float" />
                            <param name="Z" type="float" />
                        </accessor>
                    </technique_common>
                </source>
                <source id="ID48">
                    <Name_array id="ID54" count="0" />
                    <technique_common>
                        <accessor count="0" source="#ID54" stride="1">
                            <param name="skp_material" type="Name" />
                        </accessor>
                    </technique_common>
                </source>
                <vertices id="ID49">
                    <input semantic="POSITION" source="#ID46" />
                    <input semantic="NORMAL" source="#ID47" />
                </vertices>
                <triangles count="1" material="Material2">
                    <input offset="0" semantic="VERTEX" source="#ID49" />
                    <p>0 1 2</p>
                </triangles>
                <triangles count="1" material="Material3">
                    <input offset="0" semantic="VERTEX" source="#ID49" />
                    <p>3 4 5</p>
                </triangles>
                <lines count="3" material="Material4">
                    <input offset="0" semantic="VERTEX" source="#ID49" />
                    <p>6 7 7 8 6 8</p>
                </lines>
            </mesh>
        </geometry>
        <geometry id="ID55">
            <mesh>
                <source id="ID56">
                    <float_array id="ID61" count="105">2.67078 9.042164 2.760394 3.950993 10.38863 6.024198 2.331786 7.922577 1.754531 3.069291 9.917355 3.861014 3.069291 9.917355 3.861014 2.67078 9.042164 2.760394 3.950993 10.38863 6.024198 2.331786 7.922577 1.754531 2.331786 7.922577 1.754531 3.950993 10.38863 6.024198 2.67078 9.042164 2.760394 3.069291 9.917355 3.861014 1.137342 5.643093 1.143393 4.176233 10.62517 7.205415 0.5001353 4.212283 2.001628 2.331786 7.922577 1.754531 3.950993 10.38863 6.024198 3.950993 10.38863 6.024198 2.331786 7.922577 1.754531 4.176233 10.62517 7.205415 1.137342 5.643093 1.143393 0.5001353 4.212283 2.001628 0.5001353 4.212283 2.001628 1.137342 5.643093 1.143393 4.176233 10.62517 7.205415 0.5001353 4.212283 2.001628 4.657094 11.46402 7.886109 0 1.511597 4.996579 4.176233 10.62517 7.205415 4.176233 10.62517 7.205415 0.5001353 4.212283 2.001628 4.657094 11.46402 7.886109 0 1.511597 4.996579 4.657094 11.46402 7.886109 0 1.511597 4.996579</float_array>
                    <technique_common>
                        <accessor count="35" source="#ID61" stride="3">
                            <param name="X" type="float" />
                            <param name="Y" type="float" />
                            <param name="Z" type="float" />
                        </accessor>
                    </technique_common>
                </source>
                <source id="ID57">
                    <float_array id="ID62" count="105">0.9179933 0.07237362 -0.3899363 0.9179933 0.07237362 -0.3899363 0.9179933 0.07237362 -0.3899363 0.9179933 0.07237362 -0.3899363 -0.9179933 -0.07237362 0.3899363 -0.9179933 -0.07237362 0.3899363 -0.9179933 -0.07237362 0.3899363 -0.9179933 -0.07237362 0.3899363 0 0 0 0 0 0 0 0 0 0 0 0 0.891609 -0.4455392 -0.0807969 0.891609 -0.4455392 -0.0807969 0.891609 -0.4455392 -0.0807969 0.891609 -0.4455392 -0.0807969 0.891609 -0.4455392 -0.0807969 -0.891609 0.4455392 0.0807969 -0.891609 0.4455392 0.0807969 -0.891609 0.4455392 0.0807969 -0.891609 0.4455392 0.0807969 -0.891609 0.4455392 0.0807969 0 0 0 0 0 0 0 0 0 0.9097184 -0.3723199 -0.1838216 0.9097184 -0.3723199 -0.1838216 0.9097184 -0.3723199 -0.1838216 0.9097184 -0.3723199 -0.1838216 -0.9097184 0.3723199 0.1838216 -0.9097184 0.3723199 0.1838216 -0.9097184 0.3723199 0.1838216 -0.9097184 0.3723199 0.1838216 0 0 0 0 0 0</float_array>
                    <technique_common>
                        <accessor count="35" source="#ID62" stride="3">
                            <param name="X" type="float" />
                            <param name="Y" type="float" />
                            <param name="Z" type="float" />
                        </accessor>
                    </technique_common>
                </source>
                <source id="ID58">
                    <Name_array id="ID64" count="0" />
                    <technique_common>
                        <accessor count="0" source="#ID64" stride="1">
                            <param name="skp_material" type="Name" />
                        </accessor>
                    </technique_common>
                </source>
                <source id="ID60">
                    <float_array id="ID63" count="26">2.449943 1.283322 2.236288 0.9797326 2.551675 1.880002 1.95956 0.7022807 2.809005 1.502376 2.064848 0.4143227 2.888323 1.803389 1.411308 0.2585845 1.013864 0.4772912 2.899494 1.791542 1.038317 0.4468663 3.142949 1.967436 0.3553374 1.220772</float_array>
                    <technique_common>
                        <accessor count="13" source="#ID63" stride="2">
                            <param name="S" type="float" />
                            <param name="T" type="float" />
                        </accessor>
                    </technique_common>
                </source>
                <vertices id="ID59">
                    <input semantic="POSITION" source="#ID56" />
                    <input semantic="NORMAL" source="#ID57" />
                </vertices>
                <triangles count="7" material="Material2">
                    <input offset="0" semantic="VERTEX" source="#ID59" />
                    <p>0 1 2 1 0 3 12 13 14 13 12 15 13 15 16 25 26 27 26 25 28</p>
                </triangles>
                <triangles count="7" material="Material3">
                    <input offset="0" semantic="VERTEX" source="#ID59" />
                    <input offset="1" semantic="TEXCOORD" source="#ID60" />
                    <p>4 0 5 1 6 2 7 3 6 2 5 1 17 4 18 5 19 6 18 5 20 7 19 6 21 8 19 6 20 7 29 9 30 10 31 11 32 12 31 11 30 10</p>
                </triangles>
                <lines count="11" material="Material4">
                    <input offset="0" semantic="VERTEX" source="#ID59" />
                    <p>8 9 8 10 10 11 9 11 22 23 23 8 24 9 22 24 33 34 34 22 24 33</p>
                </lines>
            </mesh>
        </geometry>
        <geometry id="ID65">
            <mesh>
                <source id="ID66">
                    <float_array id="ID71" count="156">5.082002 11.62948 8.91714 1.095197 0 9.614655 0 1.511597 4.996579 0 1.511597 4.996579 1.095197 0 9.614655 5.082002 11.62948 8.91714 1.095197 0 9.614655 0 1.511597 4.996579 5.082002 11.62948 8.91714 5.082002 11.62948 8.91714 0 1.511597 4.996579 4.869548 11.54675 8.401625 4.869548 11.54675 8.401625 0 1.511597 4.996579 5.082002 11.62948 8.91714 4.869548 11.54675 8.401625 4.259549 12.16912 7.205415 4.869548 11.54675 8.401625 4.657094 11.46402 7.886109 5.082002 11.62948 8.91714 0.9067249 19.05933 1.77613 0.9067249 19.05933 1.77613 4.259549 12.16912 7.205415 5.082002 11.62948 8.91714 4.869548 11.54675 8.401625 4.657094 11.46402 7.886109 4.259549 12.16912 7.205415 0.9067249 19.05933 1.77613 4.657094 11.46402 7.886109 2.115828 13.98246 0.673761 4.259549 12.16912 7.205415 3.99605 12.07153 6.024198 0.9067249 19.05933 1.77613 1.369525 15.96908 0 1.369525 15.96908 0 2.115828 13.98246 0.673761 0.9067249 19.05933 1.77613 4.259549 12.16912 7.205415 3.99605 12.07153 6.024198 2.115828 13.98246 0.673761 3.99605 12.07153 6.024198 1.369525 15.96908 0 2.353029 13.18648 1.514208 3.99605 12.07153 6.024198 3.119587 11.8525 3.861014 2.115828 13.98246 0.673761 2.115828 13.98246 0.673761 2.353029 13.18648 1.514208 3.99605 12.07153 6.024198 3.119587 11.8525 3.861014 2.353029 13.18648 1.514208 3.119587 11.8525 3.861014</float_array>
                    <technique_common>
                        <accessor count="52" source="#ID71" stride="3">
                            <param name="X" type="float" />
                            <param name="Y" type="float" />
                            <param name="Z" type="float" />
                        </accessor>
                    </technique_common>
                </source>
                <source id="ID67">
                    <float_array id="ID72" count="156">0.8910014 -0.3244963 -0.3175196 0.8910014 -0.3244963 -0.3175196 0.8910014 -0.3244963 -0.3175196 -0.8910014 0.3244963 0.3175196 -0.8910014 0.3244963 0.3175196 -0.8910014 0.3244963 0.3175196 0 0 0 0 0 0 0 0 0 0.8914348 -0.3256443 -0.3151186 0.8914348 -0.3256443 -0.3151186 0.8914348 -0.3256443 -0.3151186 -0.8914348 0.3256443 0.3151186 -0.8914348 0.3256443 0.3151186 -0.8914348 0.3256443 0.3151186 0 0 0 0.9090797 0.1306336 -0.3956122 0.9090797 0.1306336 -0.3956122 0.9090797 0.1306336 -0.3956122 0.9090797 0.1306336 -0.3956122 0.9090797 0.1306336 -0.3956122 -0.9090797 -0.1306336 0.3956122 -0.9090797 -0.1306336 0.3956122 -0.9090797 -0.1306336 0.3956122 -0.9090797 -0.1306336 0.3956122 -0.9090797 -0.1306336 0.3956122 0 0 0 0 0 0 0 0 0 0.9340222 0.2725775 -0.2308768 0.9340222 0.2725775 -0.2308768 0.9340222 0.2725775 -0.2308768 0.9340222 0.2725775 -0.2308768 0.9340222 0.2725775 -0.2308768 -0.9340222 -0.2725775 0.2308768 -0.9340222 -0.2725775 0.2308768 -0.9340222 -0.2725775 0.2308768 -0.9340222 -0.2725775 0.2308768 -0.9340222 -0.2725775 0.2308768 0 0 0 0 0 0 0 0 0 0.9251185 -0.1084911 -0.3638482 0.9251185 -0.1084911 -0.3638482 0.9251185 -0.1084911 -0.3638482 0.9251185 -0.1084911 -0.3638482 -0.9251185 0.1084911 0.3638482 -0.9251185 0.1084911 0.3638482 -0.9251185 0.1084911 0.3638482 -0.9251185 0.1084911 0.3638482 0 0 0 0 0 0</float_array>
                    <technique_common>
                        <accessor count="52" source="#ID72" stride="3">
                            <param name="X" type="float" />
                            <param name="Y" type="float" />
                            <param name="Z" type="float" />
                        </accessor>
                    </technique_common>
                </source>
                <source id="ID68">
                    <Name_array id="ID74" count="0" />
                    <technique_common>
                        <accessor count="0" source="#ID74" stride="1">
                            <param name="skp_material" type="Name" />
                        </accessor>
                    </technique_common>
                </source>
                <source id="ID70">
                    <float_array id="ID73" count="40">0.360765 1.161738 0.09519454 2.398741 3.217276 2.211904 3.179219 2.074268 0.360636 1.162958 3.217472 2.212239 4.75909 0.7769302 2.905639 2.278468 2.74025 2.751867 2.727126 2.609294 2.714002 2.466722 3.796276 0.3394453 3.258775 0.5153325 4.582701 0.803109 2.664089 2.220439 2.659043 1.91208 3.589967 0.2031029 3.396183 0.4322851 3.16352 1.662117 3.082337 1.072237</float_array>
                    <technique_common>
                        <accessor count="20" source="#ID73" stride="2">
                            <param name="S" type="float" />
                            <param name="T" type="float" />
                        </accessor>
                    </technique_common>
                </source>
                <vertices id="ID69">
                    <input semantic="POSITION" source="#ID66" />
                    <input semantic="NORMAL" source="#ID67" />
                </vertices>
                <triangles count="10" material="Material2">
                    <input offset="0" semantic="VERTEX" source="#ID69" />
                    <p>0 1 2 9 10 11 16 17 18 17 16 19 19 16 20 29 30 31 30 29 32 32 29 33 42 43 44 43 42 45</p>
                </triangles>
                <triangles count="10" material="Material3">
                    <input offset="0" semantic="VERTEX" source="#ID69" />
                    <input offset="1" semantic="TEXCOORD" source="#ID70" />
                    <p>3 0 4 1 5 2 12 3 13 4 14 5 21 6 22 7 23 8 23 8 22 7 24 9 25 10 24 9 22 7 34 11 35 12 36 13 36 13 35 12 37 14 38 15 37 14 35 12 46 16 47 17 48 18 49 19 48 18 47 17</p>
                </triangles>
                <lines count="16" material="Material4">
                    <input offset="0" semantic="VERTEX" source="#ID69" />
                    <p>6 7 7 8 8 6 15 7 15 8 26 27 27 8 28 15 26 28 39 40 41 39 41 27 40 26 50 51 39 50 40 51</p>
                </lines>
            </mesh>
        </geometry>
        <geometry id="ID75">
            <mesh>
                <source id="ID76">
                    <float_array id="ID80" count="27">7.37605 20.59803 22.02938 7.643471 12.6269 15.27698 7.574228 12.59994 15.04682 7.574228 12.59994 15.04682 7.643471 12.6269 15.27698 7.37605 20.59803 22.02938 7.574228 12.59994 15.04682 7.37605 20.59803 22.02938 7.643471 12.6269 15.27698</float_array>
                    <technique_common>
                        <accessor count="9" source="#ID80" stride="3">
                            <param name="X" type="float" />
                            <param name="Y" type="float" />
                            <param name="Z" type="float" />
                        </accessor>
                    </technique_common>
                </source>
                <source id="ID77">
                    <float_array id="ID81" count="27">0.9064755 0.2902267 -0.3067094 0.9064755 0.2902267 -0.3067094 0.9064755 0.2902267 -0.3067094 -0.9064755 -0.2902267 0.3067094 -0.9064755 -0.2902267 0.3067094 -0.9064755 -0.2902267 0.3067094 0 0 0 0 0 0 0 0 0</float_array>
                    <technique_common>
                        <accessor count="9" source="#ID81" stride="3">
                            <param name="X" type="float" />
                            <param name="Y" type="float" />
                            <param name="Z" type="float" />
                        </accessor>
                    </technique_common>
                </source>
                <source id="ID78">
                    <Name_array id="ID82" count="0" />
                    <technique_common>
                        <accessor count="0" source="#ID82" stride="1">
                            <param name="skp_material" type="Name" />
                        </accessor>
                    </technique_common>
                </source>
                <vertices id="ID79">
                    <input semantic="POSITION" source="#ID76" />
                    <input semantic="NORMAL" source="#ID77" />
                </vertices>
                <triangles count="1" material="Material2">
                    <input offset="0" semantic="VERTEX" source="#ID79" />
                    <p>0 1 2</p>
                </triangles>
                <triangles count="1" material="Material3">
                    <input offset="0" semantic="VERTEX" source="#ID79" />
                    <p>3 4 5</p>
                </triangles>
                <lines count="3" material="Material4">
                    <input offset="0" semantic="VERTEX" source="#ID79" />
                    <p>6 7 7 8 6 8</p>
                </lines>
            </mesh>
        </geometry>
        <geometry id="ID83">
            <mesh>
                <source id="ID84">
                    <float_array id="ID88" count="27">4.869548 11.54675 8.401625 0 1.511597 4.996579 4.657094 11.46402 7.886109 4.657094 11.46402 7.886109 0 1.511597 4.996579 4.869548 11.54675 8.401625 4.657094 11.46402 7.886109 4.869548 11.54675 8.401625 0 1.511597 4.996579</float_array>
                    <technique_common>
                        <accessor count="9" source="#ID88" stride="3">
                            <param name="X" type="float" />
                            <param name="Y" type="float" />
                            <param name="Z" type="float" />
                        </accessor>
                    </technique_common>
                </source>
                <source id="ID85">
                    <float_array id="ID89" count="27">0.8914348 -0.3256443 -0.3151186 0.8914348 -0.3256443 -0.3151186 0.8914348 -0.3256443 -0.3151186 -0.8914348 0.3256443 0.3151186 -0.8914348 0.3256443 0.3151186 -0.8914348 0.3256443 0.3151186 0 0 0 0 0 0 0 0 0</float_array>
                    <technique_common>
                        <accessor count="9" source="#ID89" stride="3">
                            <param name="X" type="float" />
                            <param name="Y" type="float" />
                            <param name="Z" type="float" />
                        </accessor>
                    </technique_common>
                </source>
                <source id="ID86">
                    <Name_array id="ID90" count="0" />
                    <technique_common>
                        <accessor count="0" source="#ID90" stride="1">
                            <param name="skp_material" type="Name" />
                        </accessor>
                    </technique_common>
                </source>
                <vertices id="ID87">
                    <input semantic="POSITION" source="#ID84" />
                    <input semantic="NORMAL" source="#ID85" />
                </vertices>
                <triangles count="1" material="Material2">
                    <input offset="0" semantic="VERTEX" source="#ID87" />
                    <p>0 1 2</p>
                </triangles>
                <triangles count="1" material="Material3">
                    <input offset="0" semantic="VERTEX" source="#ID87" />
                    <p>3 4 5</p>
                </triangles>
                <lines count="3" material="Material4">
                    <input offset="0" semantic="VERTEX" source="#ID87" />
                    <p>6 7 7 8 6 8</p>
                </lines>
            </mesh>
        </geometry>
        <geometry id="ID91">
            <mesh>
                <source id="ID92">
                    <float_array id="ID96" count="27">9.864344 16.81709 25.80575 9.771406 13.4555 22.35014 9.715542 13.43375 22.16445 9.715542 13.43375 22.16445 9.771406 13.4555 22.35014 9.864344 16.81709 25.80575 9.715542 13.43375 22.16445 9.771406 13.4555 22.35014 9.864344 16.81709 25.80575</float_array>
                    <technique_common>
                        <accessor count="9" source="#ID96" stride="3">
                            <param name="X" type="float" />
                            <param name="Y" type="float" />
                            <param name="Z" type="float" />
                        </accessor>
                    </technique_common>
                </source>
                <source id="ID93">
                    <float_array id="ID97" count="27">0.9064755 0.2902267 -0.3067094 0.9064755 0.2902267 -0.3067094 0.9064755 0.2902267 -0.3067094 -0.9064755 -0.2902267 0.3067094 -0.9064755 -0.2902267 0.3067094 -0.9064755 -0.2902267 0.3067094 0 0 0 0 0 0 0 0 0</float_array>
                    <technique_common>
                        <accessor count="9" source="#ID97" stride="3">
                            <param name="X" type="float" />
                            <param name="Y" type="float" />
                            <param name="Z" type="float" />
                        </accessor>
                    </technique_common>
                </source>
                <source id="ID94">
                    <Name_array id="ID98" count="0" />
                    <technique_common>
                        <accessor count="0" source="#ID98" stride="1">
                            <param name="skp_material" type="Name" />
                        </accessor>
                    </technique_common>
                </source>
                <vertices id="ID95">
                    <input semantic="POSITION" source="#ID92" />
                    <input semantic="NORMAL" source="#ID93" />
                </vertices>
                <triangles count="1" material="Material2">
                    <input offset="0" semantic="VERTEX" source="#ID95" />
                    <p>0 1 2</p>
                </triangles>
                <triangles count="1" material="Material3">
                    <input offset="0" semantic="VERTEX" source="#ID95" />
                    <p>3 4 5</p>
                </triangles>
                <lines count="3" material="Material4">
                    <input offset="0" semantic="VERTEX" source="#ID95" />
                    <p>6 7 8 6 8 7</p>
                </lines>
            </mesh>
        </geometry>
        <geometry id="ID99">
            <mesh>
                <source id="ID100">
                    <float_array id="ID104" count="27">8.236559 19.39384 23.43313 8.392828 12.91869 17.76781 8.295398 12.88075 17.44396 8.295398 12.88075 17.44396 8.392828 12.91869 17.76781 8.236559 19.39384 23.43313 8.236559 19.39384 23.43313 8.295398 12.88075 17.44396 8.392828 12.91869 17.76781</float_array>
                    <technique_common>
                        <accessor count="9" source="#ID104" stride="3">
                            <param name="X" type="float" />
                            <param name="Y" type="float" />
                            <param name="Z" type="float" />
                        </accessor>
                    </technique_common>
                </source>
                <source id="ID101">
                    <float_array id="ID105" count="27">0.9064755 0.2902267 -0.3067094 0.9064755 0.2902267 -0.3067094 0.9064755 0.2902267 -0.3067094 -0.9064755 -0.2902267 0.3067094 -0.9064755 -0.2902267 0.3067094 -0.9064755 -0.2902267 0.3067094 0 0 0 0 0 0 0 0 0</float_array>
                    <technique_common>
                        <accessor count="9" source="#ID105" stride="3">
                            <param name="X" type="float" />
                            <param name="Y" type="float" />
                            <param name="Z" type="float" />
                        </accessor>
                    </technique_common>
                </source>
                <source id="ID102">
                    <Name_array id="ID106" count="0" />
                    <technique_common>
                        <accessor count="0" source="#ID106" stride="1">
                            <param name="skp_material" type="Name" />
                        </accessor>
                    </technique_common>
                </source>
                <vertices id="ID103">
                    <input semantic="POSITION" source="#ID100" />
                    <input semantic="NORMAL" source="#ID101" />
                </vertices>
                <triangles count="1" material="Material2">
                    <input offset="0" semantic="VERTEX" source="#ID103" />
                    <p>0 1 2</p>
                </triangles>
                <triangles count="1" material="Material3">
                    <input offset="0" semantic="VERTEX" source="#ID103" />
                    <p>3 4 5</p>
                </triangles>
                <lines count="3" material="Material4">
                    <input offset="0" semantic="VERTEX" source="#ID103" />
                    <p>6 7 8 6 7 8</p>
                </lines>
            </mesh>
        </geometry>
        <geometry id="ID107">
            <mesh>
                <source id="ID108">
                    <float_array id="ID112" count="27">8.270281 12.87097 17.36047 9.1053 9.038599 25.88209 8.164723 12.82987 17.0096 8.164723 12.82987 17.0096 9.1053 9.038599 25.88209 8.270281 12.87097 17.36047 8.270281 12.87097 17.36047 9.1053 9.038599 25.88209 8.164723 12.82987 17.0096</float_array>
                    <technique_common>
                        <accessor count="9" source="#ID112" stride="3">
                            <param name="X" type="float" />
                            <param name="Y" type="float" />
                            <param name="Z" type="float" />
                        </accessor>
                    </technique_common>
                </source>
                <source id="ID109">
                    <float_array id="ID113" count="27">0.9147395 -0.3273446 -0.2368486 0.9147395 -0.3273446 -0.2368486 0.9147395 -0.3273446 -0.2368486 -0.9147395 0.3273446 0.2368486 -0.9147395 0.3273446 0.2368486 -0.9147395 0.3273446 0.2368486 0 0 0 0 0 0 0 0 0</float_array>
                    <technique_common>
                        <accessor count="9" source="#ID113" stride="3">
                            <param name="X" type="float" />
                            <param name="Y" type="float" />
                            <param name="Z" type="float" />
                        </accessor>
                    </technique_common>
                </source>
                <source id="ID110">
                    <Name_array id="ID114" count="0" />
                    <technique_common>
                        <accessor count="0" source="#ID114" stride="1">
                            <param name="skp_material" type="Name" />
                        </accessor>
                    </technique_common>
                </source>
                <vertices id="ID111">
                    <input semantic="POSITION" source="#ID108" />
                    <input semantic="NORMAL" source="#ID109" />
                </vertices>
                <triangles count="1" material="Material2">
                    <input offset="0" semantic="VERTEX" source="#ID111" />
                    <p>0 1 2</p>
                </triangles>
                <triangles count="1" material="Material3">
                    <input offset="0" semantic="VERTEX" source="#ID111" />
                    <p>3 4 5</p>
                </triangles>
                <lines count="3" material="Material4">
                    <input offset="0" semantic="VERTEX" source="#ID111" />
                    <p>6 7 8 7 8 6</p>
                </lines>
            </mesh>
        </geometry>
        <geometry id="ID115">
            <mesh>
                <source id="ID116">
                    <float_array id="ID120" count="27">7.482495 12.56422 14.74191 6.642175 4.402626 22.77648 7.37605 12.52277 14.48362 7.37605 12.52277 14.48362 6.642175 4.402626 22.77648 7.482495 12.56422 14.74191 7.482495 12.56422 14.74191 6.642175 4.402626 22.77648 7.37605 12.52277 14.48362</float_array>
                    <technique_common>
                        <accessor count="9" source="#ID120" stride="3">
                            <param name="X" type="float" />
                            <param name="Y" type="float" />
                            <param name="Z" type="float" />
                        </accessor>
                    </technique_common>
                </source>
                <source id="ID117">
                    <float_array id="ID121" count="27">0.8738152 -0.3838409 -0.2985181 0.8738152 -0.3838409 -0.2985181 0.8738152 -0.3838409 -0.2985181 -0.8738152 0.3838409 0.2985181 -0.8738152 0.3838409 0.2985181 -0.8738152 0.3838409 0.2985181 0 0 0 0 0 0 0 0 0</float_array>
                    <technique_common>
                        <accessor count="9" source="#ID121" stride="3">
                            <param name="X" type="float" />
                            <param name="Y" type="float" />
                            <param name="Z" type="float" />
                        </accessor>
                    </technique_common>
                </source>
                <source id="ID118">
                    <Name_array id="ID122" count="0" />
                    <technique_common>
                        <accessor count="0" source="#ID122" stride="1">
                            <param name="skp_material" type="Name" />
                        </accessor>
                    </technique_common>
                </source>
                <vertices id="ID119">
                    <input semantic="POSITION" source="#ID116" />
                    <input semantic="NORMAL" source="#ID117" />
                </vertices>
                <triangles count="1" material="Material2">
                    <input offset="0" semantic="VERTEX" source="#ID119" />
                    <p>0 1 2</p>
                </triangles>
                <triangles count="1" material="Material3">
                    <input offset="0" semantic="VERTEX" source="#ID119" />
                    <p>3 4 5</p>
                </triangles>
                <lines count="3" material="Material4">
                    <input offset="0" semantic="VERTEX" source="#ID119" />
                    <p>6 7 8 7 8 6</p>
                </lines>
            </mesh>
        </geometry>
        <geometry id="ID123">
            <mesh>
                <source id="ID124">
                    <float_array id="ID128" count="27">6.191254 22.25602 20.09662 7.170075 12.44256 13.98382 7.046503 12.39444 13.68398 7.046503 12.39444 13.68398 7.170075 12.44256 13.98382 6.191254 22.25602 20.09662 7.046503 12.39444 13.68398 7.170075 12.44256 13.98382 6.191254 22.25602 20.09662</float_array>
                    <technique_common>
                        <accessor count="9" source="#ID128" stride="3">
                            <param name="X" type="float" />
                            <param name="Y" type="float" />
                            <param name="Z" type="float" />
                        </accessor>
                    </technique_common>
                </source>
                <source id="ID125">
                    <float_array id="ID129" count="27">0.8502982 0.3367517 -0.4044642 0.8502982 0.3367517 -0.4044642 0.8502982 0.3367517 -0.4044642 -0.8502982 -0.3367517 0.4044642 -0.8502982 -0.3367517 0.4044642 -0.8502982 -0.3367517 0.4044642 0 0 0 0 0 0 0 0 0</float_array>
                    <technique_common>
                        <accessor count="9" source="#ID129" stride="3">
                            <param name="X" type="float" />
                            <param name="Y" type="float" />
                            <param name="Z" type="float" />
                        </accessor>
                    </technique_common>
                </source>
                <source id="ID126">
                    <Name_array id="ID130" count="0" />
                    <technique_common>
                        <accessor count="0" source="#ID130" stride="1">
                            <param name="skp_material" type="Name" />
                        </accessor>
                    </technique_common>
                </source>
                <vertices id="ID127">
                    <input semantic="POSITION" source="#ID124" />
                    <input semantic="NORMAL" source="#ID125" />
                </vertices>
                <triangles count="1" material="Material2">
                    <input offset="0" semantic="VERTEX" source="#ID127" />
                    <p>0 1 2</p>
                </triangles>
                <triangles count="1" material="Material3">
                    <input offset="0" semantic="VERTEX" source="#ID127" />
                    <p>3 4 5</p>
                </triangles>
                <lines count="3" material="Material4">
                    <input offset="0" semantic="VERTEX" source="#ID127" />
                    <p>6 7 8 6 7 8</p>
                </lines>
            </mesh>
        </geometry>
        <geometry id="ID131">
            <mesh>
                <source id="ID132">
                    <float_array id="ID136" count="27">2.416066 24.58837 13.90202 6.1283 12.0369 11.45597 6.044058 12.0041 11.25156 6.044058 12.0041 11.25156 6.1283 12.0369 11.45597 2.416066 24.58837 13.90202 6.044058 12.0041 11.25156 6.1283 12.0369 11.45597 2.416066 24.58837 13.90202</float_array>
                    <technique_common>
                        <accessor count="9" source="#ID136" stride="3">
                            <param name="X" type="float" />
                            <param name="Y" type="float" />
                            <param name="Z" type="float" />
                        </accessor>
                    </technique_common>
                </source>
                <source id="ID133">
                    <float_array id="ID137" count="27">0.8525598 0.3309775 -0.4044697 0.8525598 0.3309775 -0.4044697 0.8525598 0.3309775 -0.4044697 -0.8525598 -0.3309775 0.4044697 -0.8525598 -0.3309775 0.4044697 -0.8525598 -0.3309775 0.4044697 0 0 0 0 0 0 0 0 0</float_array>
                    <technique_common>
                        <accessor count="9" source="#ID137" stride="3">
                            <param name="X" type="float" />
                            <param name="Y" type="float" />
                            <param name="Z" type="float" />
                        </accessor>
                    </technique_common>
                </source>
                <source id="ID134">
                    <Name_array id="ID138" count="0" />
                    <technique_common>
                        <accessor count="0" source="#ID138" stride="1">
                            <param name="skp_material" type="Name" />
                        </accessor>
                    </technique_common>
                </source>
                <vertices id="ID135">
                    <input semantic="POSITION" source="#ID132" />
                    <input semantic="NORMAL" source="#ID133" />
                </vertices>
                <triangles count="1" material="Material2">
                    <input offset="0" semantic="VERTEX" source="#ID135" />
                    <p>0 1 2</p>
                </triangles>
                <triangles count="1" material="Material3">
                    <input offset="0" semantic="VERTEX" source="#ID135" />
                    <p>3 4 5</p>
                </triangles>
                <lines count="3" material="Material4">
                    <input offset="0" semantic="VERTEX" source="#ID135" />
                    <p>6 7 8 6 8 7</p>
                </lines>
            </mesh>
        </geometry>
        <geometry id="ID139">
            <mesh>
                <source id="ID140">
                    <float_array id="ID144" count="27">6.407827 12.14575 12.13424 3.899361 0.8113993 17.14676 6.268063 12.09132 11.7951 6.268063 12.09132 11.7951 3.899361 0.8113993 17.14676 6.407827 12.14575 12.13424 6.407827 12.14575 12.13424 3.899361 0.8113993 17.14676 6.268063 12.09132 11.7951</float_array>
                    <technique_common>
                        <accessor count="9" source="#ID144" stride="3">
                            <param name="X" type="float" />
                            <param name="Y" type="float" />
                            <param name="Z" type="float" />
                        </accessor>
                    </technique_common>
                </source>
                <source id="ID141">
                    <float_array id="ID145" count="27">0.8888784 -0.3349546 -0.312571 0.8888784 -0.3349546 -0.312571 0.8888784 -0.3349546 -0.312571 -0.8888784 0.3349546 0.312571 -0.8888784 0.3349546 0.312571 -0.8888784 0.3349546 0.312571 0 0 0 0 0 0 0 0 0</float_array>
                    <technique_common>
                        <accessor count="9" source="#ID145" stride="3">
                            <param name="X" type="float" />
                            <param name="Y" type="float" />
                            <param name="Z" type="float" />
                        </accessor>
                    </technique_common>
                </source>
                <source id="ID142">
                    <Name_array id="ID146" count="0" />
                    <technique_common>
                        <accessor count="0" source="#ID146" stride="1">
                            <param name="skp_material" type="Name" />
                        </accessor>
                    </technique_common>
                </source>
                <vertices id="ID143">
                    <input semantic="POSITION" source="#ID140" />
                    <input semantic="NORMAL" source="#ID141" />
                </vertices>
                <triangles count="1" material="Material2">
                    <input offset="0" semantic="VERTEX" source="#ID143" />
                    <p>0 1 2</p>
                </triangles>
                <triangles count="1" material="Material3">
                    <input offset="0" semantic="VERTEX" source="#ID143" />
                    <p>3 4 5</p>
                </triangles>
                <lines count="3" material="Material4">
                    <input offset="0" semantic="VERTEX" source="#ID143" />
                    <p>6 7 8 7 8 6</p>
                </lines>
            </mesh>
        </geometry>
        <geometry id="ID147">
            <mesh>
                <source id="ID148">
                    <float_array id="ID152" count="27">5.082002 11.62948 8.91714 5.019423 11.05705 9.352606 1.095197 0 9.614655 1.095197 0 9.614655 5.019423 11.05705 9.352606 5.082002 11.62948 8.91714 5.082002 11.62948 8.91714 5.019423 11.05705 9.352606 1.095197 0 9.614655</float_array>
                    <technique_common>
                        <accessor count="9" source="#ID152" stride="3">
                            <param name="X" type="float" />
                            <param name="Y" type="float" />
                            <param name="Z" type="float" />
                        </accessor>
                    </technique_common>
                </source>
                <source id="ID149">
                    <float_array id="ID153" count="27">0.897066 -0.3254593 -0.2989127 0.897066 -0.3254593 -0.2989127 0.897066 -0.3254593 -0.2989127 -0.897066 0.3254593 0.2989127 -0.897066 0.3254593 0.2989127 -0.897066 0.3254593 0.2989127 0 0 0 0 0 0 0 0 0</float_array>
                    <technique_common>
                        <accessor count="9" source="#ID153" stride="3">
                            <param name="X" type="float" />
                            <param name="Y" type="float" />
                            <param name="Z" type="float" />
                        </accessor>
                    </technique_common>
                </source>
                <source id="ID150">
                    <Name_array id="ID154" count="0" />
                    <technique_common>
                        <accessor count="0" source="#ID154" stride="1">
                            <param name="skp_material" type="Name" />
                        </accessor>
                    </technique_common>
                </source>
                <vertices id="ID151">
                    <input semantic="POSITION" source="#ID148" />
                    <input semantic="NORMAL" source="#ID149" />
                </vertices>
                <triangles count="1" material="Material2">
                    <input offset="0" semantic="VERTEX" source="#ID151" />
                    <p>0 1 2</p>
                </triangles>
                <triangles count="1" material="Material3">
                    <input offset="0" semantic="VERTEX" source="#ID151" />
                    <p>3 4 5</p>
                </triangles>
                <lines count="3" material="Material4">
                    <input offset="0" semantic="VERTEX" source="#ID151" />
                    <p>6 7 7 8 6 8</p>
                </lines>
            </mesh>
        </geometry>
        <geometry id="ID155">
            <mesh>
                <source id="ID156">
                    <float_array id="ID160" count="27">1.093659 22.8172 6.305493 5.667803 11.85759 10.33858 5.464634 11.77847 9.845592 5.464634 11.77847 9.845592 5.667803 11.85759 10.33858 1.093659 22.8172 6.305493 5.464634 11.77847 9.845592 5.667803 11.85759 10.33858 1.093659 22.8172 6.305493</float_array>
                    <technique_common>
                        <accessor count="9" source="#ID160" stride="3">
                            <param name="X" type="float" />
                            <param name="Y" type="float" />
                            <param name="Z" type="float" />
                        </accessor>
                    </technique_common>
                </source>
                <source id="ID157">
                    <float_array id="ID161" count="27">0.8881984 0.2228399 -0.4018035 0.8881984 0.2228399 -0.4018035 0.8881984 0.2228399 -0.4018035 -0.8881984 -0.2228399 0.4018035 -0.8881984 -0.2228399 0.4018035 -0.8881984 -0.2228399 0.4018035 0 0 0 0 0 0 0 0 0</float_array>
                    <technique_common>
                        <accessor count="9" source="#ID161" stride="3">
                            <param name="X" type="float" />
                            <param name="Y" type="float" />
                            <param name="Z" type="float" />
                        </accessor>
                    </technique_common>
                </source>
                <source id="ID158">
                    <Name_array id="ID162" count="0" />
                    <technique_common>
                        <accessor count="0" source="#ID162" stride="1">
                            <param name="skp_material" type="Name" />
                        </accessor>
                    </technique_common>
                </source>
                <vertices id="ID159">
                    <input semantic="POSITION" source="#ID156" />
                    <input semantic="NORMAL" source="#ID157" />
                </vertices>
                <triangles count="1" material="Material2">
                    <input offset="0" semantic="VERTEX" source="#ID159" />
                    <p>0 1 2</p>
                </triangles>
                <triangles count="1" material="Material3">
                    <input offset="0" semantic="VERTEX" source="#ID159" />
                    <p>3 4 5</p>
                </triangles>
                <lines count="3" material="Material4">
                    <input offset="0" semantic="VERTEX" source="#ID159" />
                    <p>6 7 8 6 8 7</p>
                </lines>
            </mesh>
        </geometry>
        <geometry id="ID163">
            <mesh>
                <source id="ID164">
                    <float_array id="ID168" count="27">0.9067249 19.05933 1.77613 5.261465 11.69936 9.352606 5.082002 11.62948 8.91714 5.082002 11.62948 8.91714 5.261465 11.69936 9.352606 0.9067249 19.05933 1.77613 5.082002 11.62948 8.91714 5.261465 11.69936 9.352606 0.9067249 19.05933 1.77613</float_array>
                    <technique_common>
                        <accessor count="9" source="#ID168" stride="3">
                            <param name="X" type="float" />
                            <param name="Y" type="float" />
                            <param name="Z" type="float" />
                        </accessor>
                    </technique_common>
                </source>
                <source id="ID165">
                    <float_array id="ID169" count="27">0.9090797 0.1306336 -0.3956122 0.9090797 0.1306336 -0.3956122 0.9090797 0.1306336 -0.3956122 -0.9090797 -0.1306336 0.3956122 -0.9090797 -0.1306336 0.3956122 -0.9090797 -0.1306336 0.3956122 0 0 0 0 0 0 0 0 0</float_array>
                    <technique_common>
                        <accessor count="9" source="#ID169" stride="3">
                            <param name="X" type="float" />
                            <param name="Y" type="float" />
                            <param name="Z" type="float" />
                        </accessor>
                    </technique_common>
                </source>
                <source id="ID166">
                    <Name_array id="ID170" count="0" />
                    <technique_common>
                        <accessor count="0" source="#ID170" stride="1">
                            <param name="skp_material" type="Name" />
                        </accessor>
                    </technique_common>
                </source>
                <vertices id="ID167">
                    <input semantic="POSITION" source="#ID164" />
                    <input semantic="NORMAL" source="#ID165" />
                </vertices>
                <triangles count="1" material="Material2">
                    <input offset="0" semantic="VERTEX" source="#ID167" />
                    <p>0 1 2</p>
                </triangles>
                <triangles count="1" material="Material3">
                    <input offset="0" semantic="VERTEX" source="#ID167" />
                    <p>3 4 5</p>
                </triangles>
                <lines count="3" material="Material4">
                    <input offset="0" semantic="VERTEX" source="#ID167" />
                    <p>6 7 8 6 8 7</p>
                </lines>
            </mesh>
        </geometry>
        <geometry id="ID172">
            <mesh>
                <source id="ID175">
                    <float_array id="ID185" count="111">2.924688 1.126435 0.4396885 0 2.364986 0 13.30301 2.068168 9.740746 13.30301 2.068168 9.740746 0 2.364986 0 2.924688 1.126435 0.4396885 13.30301 2.068168 9.740746 2.924688 1.126435 0.4396885 0 2.364986 0 0 0 0 2.924688 1.126435 0.4396885 13.30301 2.068168 9.740746 13.30301 2.068168 9.740746 2.924688 1.126435 0.4396885 0 0 0 0 0 0 0 2.364986 0 0 1.081917 0 13.30301 2.068168 9.740746 13.30301 2.068168 9.740746 0 1.081917 0 0 2.364986 0 0 1.081917 0 0 2.364986 0 2.924688 1.126435 0.4396885 0 1.081917 0 0 0 0 2.924688 1.126435 0.4396885 0 1.081917 0 0 0 0 0 2.364986 0 0 1.081917 0 0 0 0 13.30301 2.068168 9.740746 13.30301 2.068168 9.740746 0 0 0 0 1.081917 0</float_array>
                    <technique_common>
                        <accessor count="37" source="#ID185" stride="3">
                            <param name="X" type="float" />
                            <param name="Y" type="float" />
                            <param name="Z" type="float" />
                        </accessor>
                    </technique_common>
                </source>
                <source id="ID176">
                    <float_array id="ID186" count="111">-0.3981099 -0.7552432 0.5206882 -0.3981099 -0.7552432 0.5206882 -0.3981099 -0.7552432 0.5206882 0.3981099 0.7552432 -0.5206882 0.3981099 0.7552432 -0.5206882 0.3981099 0.7552432 -0.5206882 0 0 0 0 0 0 0 0 0 -0.3820774 0.8595897 0.3392969 -0.3820774 0.8595897 0.3392969 -0.3820774 0.8595897 0.3392969 0.3820774 -0.8595897 -0.3392969 0.3820774 -0.8595897 -0.3392969 0.3820774 -0.8595897 -0.3392969 0 0 0 0.5907799 4.722643e-16 -0.8068327 0.5907799 4.722643e-16 -0.8068327 0.5907799 4.722643e-16 -0.8068327 -0.5907799 -4.722643e-16 0.8068327 -0.5907799 -4.722643e-16 0.8068327 -0.5907799 -4.722643e-16 0.8068327 0 0 0 -0.1486663 -6.390469e-18 0.9888874 -0.1486663 -6.390469e-18 0.9888874 -0.1486663 -6.390469e-18 0.9888874 -0.1486663 -6.390469e-18 0.9888874 0.1486663 6.390469e-18 -0.9888874 0.1486663 6.390469e-18 -0.9888874 0.1486663 6.390469e-18 -0.9888874 0.1486663 6.390469e-18 -0.9888874 0.5907799 2.65679e-15 -0.8068327 0.5907799 2.65679e-15 -0.8068327 0.5907799 2.65679e-15 -0.8068327 -0.5907799 -2.65679e-15 0.8068327 -0.5907799 -2.65679e-15 0.8068327 -0.5907799 -2.65679e-15 0.8068327</float_array>
                    <technique_common>
                        <accessor count="37" source="#ID186" stride="3">
                            <param name="X" type="float" />
                            <param name="Y" type="float" />
                            <param name="Z" type="float" />
                        </accessor>
                    </technique_common>
                </source>
                <source id="ID177">
                    <Name_array id="ID187" count="0" />
                    <technique_common>
                        <accessor count="0" source="#ID187" stride="1">
                            <param name="skp_material" type="Name" />
                        </accessor>
                    </technique_common>
                </source>
                <vertices id="ID178">
                    <input semantic="POSITION" source="#ID175" />
                    <input semantic="NORMAL" source="#ID176" />
                </vertices>
                <triangles count="6" material="Material2">
                    <input offset="0" semantic="VERTEX" source="#ID178" />
                    <p>0 1 2 9 10 11 16 17 18 23 24 25 26 25 24 31 32 33</p>
                </triangles>
                <triangles count="6" material="Material3">
                    <input offset="0" semantic="VERTEX" source="#ID178" />
                    <p>3 4 5 12 13 14 19 20 21 27 28 29 28 27 30 34 35 36</p>
                </triangles>
                <lines count="7" material="Material4">
                    <input offset="0" semantic="VERTEX" source="#ID178" />
                    <p>6 7 7 8 15 7 15 6 6 22 8 22 22 15</p>
                </lines>
                <lines count="1" material="Material5">
                    <input offset="0" semantic="VERTEX" source="#ID178" />
                    <p>6 8</p>
                </lines>
            </mesh>
        </geometry>
        <geometry id="ID188">
            <mesh>
                <source id="ID189">
                    <float_array id="ID193" count="36">17.64388 2.389988 12.91922 13.30301 2.068168 9.740746 17.82655 2.364986 12.67228 2.924688 1.126435 0.4396885 13.30301 2.068168 9.740746 17.82655 2.364986 12.67228 2.924688 1.126435 0.4396885 17.64388 2.389988 12.91922 17.64388 2.389988 12.91922 13.30301 2.068168 9.740746 17.82655 2.364986 12.67228 2.924688 1.126435 0.4396885</float_array>
                    <technique_common>
                        <accessor count="12" source="#ID193" stride="3">
                            <param name="X" type="float" />
                            <param name="Y" type="float" />
                            <param name="Z" type="float" />
                        </accessor>
                    </technique_common>
                </source>
                <source id="ID190">
                    <float_array id="ID194" count="36">2.382122e-14 0.9949133 -0.100735 2.382122e-14 0.9949133 -0.100735 2.382122e-14 0.9949133 -0.100735 2.382122e-14 0.9949133 -0.100735 -2.382122e-14 -0.9949133 0.100735 -2.382122e-14 -0.9949133 0.100735 -2.382122e-14 -0.9949133 0.100735 -2.382122e-14 -0.9949133 0.100735 0 0 0 0 0 0 0 0 0 0 0 0</float_array>
                    <technique_common>
                        <accessor count="12" source="#ID194" stride="3">
                            <param name="X" type="float" />
                            <param name="Y" type="float" />
                            <param name="Z" type="float" />
                        </accessor>
                    </technique_common>
                </source>
                <source id="ID191">
                    <Name_array id="ID195" count="0" />
                    <technique_common>
                        <accessor count="0" source="#ID195" stride="1">
                            <param name="skp_material" type="Name" />
                        </accessor>
                    </technique_common>
                </source>
                <vertices id="ID192">
                    <input semantic="POSITION" source="#ID189" />
                    <input semantic="NORMAL" source="#ID190" />
                </vertices>
                <triangles count="4" material="Material2">
                    <input offset="0" semantic="VERTEX" source="#ID192" />
                    <p>0 1 2 3 2 1 4 5 6 5 4 7</p>
                </triangles>
                <lines count="4" material="Material3">
                    <input offset="0" semantic="VERTEX" source="#ID192" />
                    <p>8 9 10 8 10 11 9 11</p>
                </lines>
            </mesh>
        </geometry>
        <geometry id="ID203">
            <mesh>
                <source id="ID204">
                    <float_array id="ID209" count="720">0.04024509 1.486794 59.05512 0 1.181102 0 0 1.181102 59.05512 0.04024509 1.486794 0 0.04024509 1.486794 0 0.04024509 1.486794 59.05512 0 1.181102 0 0 1.181102 59.05512 0.04024509 1.486794 0 0 1.181102 0 0 1.181102 59.05512 0.04024509 1.486794 59.05512 0.04024509 1.486794 0 0.04024509 0.8754106 0 0 1.181102 0 0.1582377 1.771654 0 0.1582377 0.5905512 0 0.3459369 2.016268 0 0.3459369 0.3459369 0 0.5905512 2.203967 0 0.5905512 0.1582377 0 0.8754106 0.04024509 0 0.8754106 2.32196 0 1.181102 2.362205 0 1.181102 0 0 1.486794 2.32196 0 1.486794 0.04024509 0 1.771654 2.203967 0 1.771654 0.1582377 0 2.016268 0.3459369 0 2.016268 2.016268 0 2.203967 1.771654 0 2.203967 0.5905512 0 2.32196 1.486794 0 2.32196 0.8754106 0 2.362205 1.181102 0 2.362205 1.181102 0 2.32196 1.486794 0 2.32196 0.8754106 0 2.203967 0.5905512 0 2.203967 1.771654 0 2.016268 0.3459369 0 2.016268 2.016268 0 1.771654 2.203967 0 1.771654 0.1582377 0 1.486794 0.04024509 0 1.486794 2.32196 0 1.181102 0 0 1.181102 2.362205 0 0.8754106 0.04024509 0 0.8754106 2.32196 0 0.5905512 2.203967 0 0.5905512 0.1582377 0 0.3459369 0.3459369 0 0.3459369 2.016268 0 0.1582377 0.5905512 0 0.1582377 1.771654 0 0.04024509 0.8754106 0 0.04024509 1.486794 0 0 1.181102 0 1.486794 2.32196 0 1.181102 2.362205 0 1.771654 2.203967 0 2.016268 2.016268 0 2.203967 1.771654 0 2.32196 1.486794 0 2.362205 1.181102 0 2.32196 0.8754106 0 2.203967 0.5905512 0 2.016268 0.3459369 0 1.771654 0.1582377 0 1.486794 0.04024509 0 1.181102 0 0 0.8754106 0.04024509 0 0.5905512 0.1582377 0 0.3459369 0.3459369 0 0.1582377 0.5905512 0 0.04024509 0.8754106 0 0.1582377 1.771654 0 0.3459369 2.016268 0 0.5905512 2.203967 0 0.8754106 2.32196 0 0.04024509 0.8754106 0 0.04024509 0.8754106 59.05512 0.04024509 0.8754106 0 0.04024509 0.8754106 59.05512 0.04024509 0.8754106 59.05512 0.04024509 0.8754106 59.05512 0.04024509 1.486794 59.05512 0 1.181102 59.05512 0.1582377 0.5905512 59.05512 0.1582377 1.771654 59.05512 0.3459369 0.3459369 59.05512 0.3459369 2.016268 59.05512 0.5905512 0.1582377 59.05512 0.5905512 2.203967 59.05512 0.8754106 0.04024509 59.05512 0.8754106 2.32196 59.05512 1.181102 0 59.05512 1.181102 2.362205 59.05512 1.486794 0.04024509 59.05512 1.486794 2.32196 59.05512 1.771654 0.1582377 59.05512 1.771654 2.203967 59.05512 2.016268 0.3459369 59.05512 2.016268 2.016268 59.05512 2.203967 0.5905512 59.05512 2.203967 1.771654 59.05512 2.32196 0.8754106 59.05512 2.32196 1.486794 59.05512 2.362205 1.181102 59.05512 2.362205 1.181102 59.05512 2.32196 0.8754106 59.05512 2.32196 1.486794 59.05512 2.203967 1.771654 59.05512 2.203967 0.5905512 59.05512 2.016268 2.016268 59.05512 2.016268 0.3459369 59.05512 1.771654 2.203967 59.05512 1.771654 0.1582377 59.05512 1.486794 2.32196 59.05512 1.486794 0.04024509 59.05512 1.181102 2.362205 59.05512 1.181102 0 59.05512 0.8754106 2.32196 59.05512 0.8754106 0.04024509 59.05512 0.5905512 2.203967 59.05512 0.5905512 0.1582377 59.05512 0.3459369 2.016268 59.05512 0.3459369 0.3459369 59.05512 0.1582377 1.771654 59.05512 0.1582377 0.5905512 59.05512 0.04024509 1.486794 59.05512 0.04024509 0.8754106 59.05512 0 1.181102 59.05512 1.486794 2.32196 59.05512 1.181102 2.362205 59.05512 0.8754106 2.32196 59.05512 0.5905512 2.203967 59.05512 0.3459369 2.016268 59.05512 0.1582377 1.771654 59.05512 0.1582377 0.5905512 59.05512 0.3459369 0.3459369 59.05512 0.5905512 0.1582377 59.05512 0.8754106 0.04024509 59.05512 1.181102 0 59.05512 1.486794 0.04024509 59.05512 1.771654 0.1582377 59.05512 2.016268 0.3459369 59.05512 2.203967 0.5905512 59.05512 2.32196 0.8754106 59.05512 2.362205 1.181102 59.05512 2.32196 1.486794 59.05512 2.203967 1.771654 59.05512 2.016268 2.016268 59.05512 1.771654 2.203967 59.05512 0.1582377 1.771654 59.05512 0.1582377 1.771654 0 0.1582377 1.771654 0 0.1582377 1.771654 59.05512 1.181102 2.362205 59.05512 1.486794 2.32196 0 1.181102 2.362205 0 1.486794 2.32196 59.05512 1.486794 2.32196 59.05512 1.181102 2.362205 59.05512 1.486794 2.32196 0 1.181102 2.362205 0 1.771654 2.203967 0 1.771654 2.203967 59.05512 1.771654 2.203967 59.05512 1.771654 2.203967 0 2.016268 2.016268 0 2.016268 2.016268 59.05512 2.016268 2.016268 59.05512 2.016268 2.016268 0 2.203967 1.771654 59.05512 2.203967 1.771654 0 2.203967 1.771654 59.05512 2.203967 1.771654 0 2.32196 1.486794 59.05512 2.32196 1.486794 0 2.32196 1.486794 59.05512 2.32196 1.486794 0 2.362205 1.181102 59.05512 2.362205 1.181102 0 2.362205 1.181102 59.05512 2.362205 1.181102 0 2.32196 0.8754106 59.05512 2.32196 0.8754106 0 2.32196 0.8754106 59.05512 2.32196 0.8754106 0 2.203967 0.5905512 59.05512 2.203967 0.5905512 0 2.203967 0.5905512 59.05512 2.203967 0.5905512 0 2.016268 0.3459369 59.05512 2.016268 0.3459369 0 2.016268 0.3459369 59.05512 2.016268 0.3459369 0 1.771654 0.1582377 0 1.771654 0.1582377 59.05512 1.771654 0.1582377 59.05512 1.771654 0.1582377 0 1.486794 0.04024509 0 1.486794 0.04024509 59.05512 1.486794 0.04024509 59.05512 1.486794 0.04024509 0 1.181102 0 0 1.181102 0 59.05512 1.181102 0 59.05512 1.181102 0 0 0.8754106 0.04024509 0 0.8754106 0.04024509 59.05512 0.8754106 0.04024509 59.05512 0.8754106 0.04024509 0 0.5905512 0.1582377 0 0.5905512 0.1582377 59.05512 0.5905512 0.1582377 59.05512 0.5905512 0.1582377 0 0.3459369 0.3459369 0 0.3459369 0.3459369 59.05512 0.3459369 0.3459369 59.05512 0.3459369 0.3459369 0 0.1582377 0.5905512 59.05512 0.1582377 0.5905512 0 0.1582377 0.5905512 0 0.1582377 0.5905512 59.05512 0.3459369 2.016268 59.05512 0.3459369 2.016268 0 0.3459369 2.016268 0 0.3459369 2.016268 59.05512 0.5905512 2.203967 0 0.5905512 2.203967 59.05512 0.5905512 2.203967 59.05512 0.5905512 2.203967 0 0.8754106 2.32196 0 0.8754106 2.32196 59.05512 0.8754106 2.32196 59.05512 0.8754106 2.32196 0</float_array>
                    <technique_common>
                        <accessor count="240" source="#ID209" stride="3">
                            <param name="X" type="float" />
                            <param name="Y" type="float" />
                            <param name="Z" type="float" />
                        </accessor>
                    </technique_common>
                </source>
                <source id="ID205">
                    <float_array id="ID210" count="720">-0.9659258 0.258819 0 -1 0 0 -1 0 0 -0.9659258 0.258819 0 0.9659258 -0.258819 -0 0.9659258 -0.258819 -0 1 -0 -0 1 -0 -0 0 0 0 0 0 0 0 0 0 0 0 0 0 0 -1 0 0 -1 0 0 -1 0 0 -1 0 0 -1 0 0 -1 0 0 -1 0 0 -1 0 0 -1 0 0 -1 0 0 -1 0 0 -1 0 0 -1 0 0 -1 0 0 -1 0 0 -1 0 0 -1 0 0 -1 0 0 -1 0 0 -1 0 0 -1 0 0 -1 0 0 -1 0 0 -1 -0 -0 1 -0 -0 1 -0 -0 1 -0 -0 1 -0 -0 1 -0 -0 1 -0 -0 1 -0 -0 1 -0 -0 1 -0 -0 1 -0 -0 1 -0 -0 1 -0 -0 1 -0 -0 1 -0 -0 1 -0 -0 1 -0 -0 1 -0 -0 1 -0 -0 1 -0 -0 1 -0 -0 1 -0 -0 1 -0 -0 1 -0 -0 1 0 0 0 0 0 0 0 0 0 0 0 0 0 0 0 0 0 0 0 0 0 0 0 0 0 0 0 0 0 0 0 0 0 0 0 0 0 0 0 0 0 0 0 0 0 0 0 0 0 0 0 0 0 0 0 0 0 0 0 0 0 0 0 0 0 0 -0.9659258 -0.258819 0 -0.9659258 -0.258819 0 0.9659258 0.258819 -0 0.9659258 0.258819 -0 0 0 0 0 0 1 0 0 1 0 0 1 0 0 1 0 0 1 0 0 1 0 0 1 0 0 1 0 0 1 0 0 1 0 0 1 0 0 1 0 0 1 0 0 1 0 0 1 0 0 1 0 0 1 0 0 1 0 0 1 0 0 1 0 0 1 0 0 1 0 0 1 0 0 1 -0 -0 -1 -0 -0 -1 -0 -0 -1 -0 -0 -1 -0 -0 -1 -0 -0 -1 -0 -0 -1 -0 -0 -1 -0 -0 -1 -0 -0 -1 -0 -0 -1 -0 -0 -1 -0 -0 -1 -0 -0 -1 -0 -0 -1 -0 -0 -1 -0 -0 -1 -0 -0 -1 -0 -0 -1 -0 -0 -1 -0 -0 -1 -0 -0 -1 -0 -0 -1 -0 -0 -1 0 0 0 0 0 0 0 0 0 0 0 0 0 0 0 0 0 0 0 0 0 0 0 0 0 0 0 0 0 0 0 0 0 0 0 0 0 0 0 0 0 0 0 0 0 0 0 0 0 0 0 0 0 0 0 0 0 0 0 0 0 0 0 -0.8660254 0.5 0 -0.8660254 0.5 0 0.8660254 -0.5 -0 0.8660254 -0.5 -0 0 1 0 0.258819 0.9659258 0 0 1 0 0.258819 0.9659258 0 -0.258819 -0.9659258 -0 -0 -1 -0 -0.258819 -0.9659258 -0 -0 -1 -0 0.5 0.8660254 0 0.5 0.8660254 0 -0.5 -0.8660254 -0 -0.5 -0.8660254 -0 0.7071068 0.7071068 0 0.7071068 0.7071068 0 -0.7071068 -0.7071068 -0 -0.7071068 -0.7071068 -0 0.8660254 0.5 0 0.8660254 0.5 0 -0.8660254 -0.5 -0 -0.8660254 -0.5 -0 0.9659258 0.258819 0 0.9659258 0.258819 0 -0.9659258 -0.258819 -0 -0.9659258 -0.258819 -0 1 0 0 1 0 0 -1 -0 -0 -1 -0 -0 0.9659258 -0.258819 0 0.9659258 -0.258819 0 -0.9659258 0.258819 -0 -0.9659258 0.258819 -0 0.8660254 -0.5 0 0.8660254 -0.5 0 -0.8660254 0.5 -0 -0.8660254 0.5 -0 0.7071068 -0.7071068 0 0.7071068 -0.7071068 0 -0.7071068 0.7071068 -0 -0.7071068 0.7071068 -0 0.5 -0.8660254 0 0.5 -0.8660254 0 -0.5 0.8660254 -0 -0.5 0.8660254 -0 0.258819 -0.9659258 0 0.258819 -0.9659258 0 -0.258819 0.9659258 -0 -0.258819 0.9659258 -0 0 -1 0 0 -1 0 -0 1 -0 -0 1 -0 -0.258819 -0.9659258 0 -0.258819 -0.9659258 0 0.258819 0.9659258 -0 0.258819 0.9659258 -0 -0.5 -0.8660254 0 -0.5 -0.8660254 0 0.5 0.8660254 -0 0.5 0.8660254 -0 -0.7071068 -0.7071068 0 -0.7071068 -0.7071068 0 0.7071068 0.7071068 -0 0.7071068 0.7071068 -0 -0.8660254 -0.5 0 -0.8660254 -0.5 0 0.8660254 0.5 -0 0.8660254 0.5 -0 -0.7071068 0.7071068 0 -0.7071068 0.7071068 0 0.7071068 -0.7071068 -0 0.7071068 -0.7071068 -0 -0.5 0.8660254 0 -0.5 0.8660254 0 0.5 -0.8660254 -0 0.5 -0.8660254 -0 -0.258819 0.9659258 0 -0.258819 0.9659258 0 0.258819 -0.9659258 -0 0.258819 -0.9659258 -0</float_array>
                    <technique_common>
                        <accessor count="240" source="#ID210" stride="3">
                            <param name="X" type="float" />
                            <param name="Y" type="float" />
                            <param name="Z" type="float" />
                        </accessor>
                    </technique_common>
                </source>
                <source id="ID206">
                    <Name_array id="ID212" count="0" />
                    <technique_common>
                        <accessor count="0" source="#ID212" stride="1">
                            <param name="skp_material" type="Name" />
                        </accessor>
                    </technique_common>
                </source>
                <source id="ID208">
                    <float_array id="ID211" count="278">-0.05689721 1.153846 -0.04503838 0 -0.04503838 1.153846 -0.05689721 0 -0.001547888 0.02904967 -0.001547888 0.01710418 0 0.02307692 -0.006086066 0.03461538 -0.006086066 0.01153846 -0.01330526 0.03939477 -0.01330526 0.006759074 -0.02271351 0.04306212 -0.02271351 0.003091721 -0.03366964 0.0007863271 -0.03366964 0.04536752 -0.04542701 0.04615385 -0.04542701 0 -0.05718439 0.04536752 -0.05718439 0.0007863271 -0.06814052 0.04306212 -0.06814052 0.003091721 -0.07754876 0.006759074 -0.07754876 0.03939477 -0.08476796 0.03461538 -0.08476796 0.01153846 -0.08930614 0.02904967 -0.08930614 0.01710418 -0.09085403 0.02307692 -0.03317955 0 -0.03317955 1.153846 0.001547888 0.01710418 0.001547888 0.02904967 0.006086066 0.01153846 0.006086066 0.03461538 0.01330526 0.006759074 0.01330526 0.03939477 0.02271351 0.003091721 0.02271351 0.04306212 0.03366964 0.0007863271 0.03366964 0.04536752 0.04542701 0 0.04542701 0.04615385 0.05718439 0.0007863271 0.05718439 0.04536752 0.06814052 0.003091721 0.06814052 0.04306212 0.07754876 0.006759074 0.07754876 0.03939477 0.08476796 0.01153846 0.08476796 0.03461538 0.08930614 0.01710418 0.08930614 0.02904967 0.09085403 0.02307692 -0.06528267 1.153846 -0.05342384 0 -0.05342384 1.153846 -0.06528267 0 -0.03317955 1.153846 -0.04503838 0 -0.03317955 0 -0.04503838 1.153846 -0.01865551 1.153846 -0.03051434 0 -0.01865551 0 -0.03051434 1.153846 -0.002456044 1.153846 -0.01431487 0 -0.002456044 0 -0.01431487 1.153846 0.01431487 0 0.002456044 1.153846 0.002456044 0 0.01431487 1.153846 0.03051434 0 0.01865551 1.153846 0.01865551 0 0.03051434 1.153846 0.04503838 0 0.03317955 1.153846 0.03317955 0 0.04503838 1.153846 0.05689721 0 0.04503838 1.153846 0.04503838 0 0.05689721 1.153846 0.06528267 0 0.05342384 1.153846 0.05342384 0 0.06528267 1.153846 0.0696233 0 0.05776447 1.153846 0.05776447 0 0.0696233 1.153846 0.0696233 1.153846 0.05776447 0 0.0696233 0 0.05776447 1.153846 0.06528267 1.153846 0.05342384 0 0.06528267 0 0.05342384 1.153846 0.05689721 1.153846 0.04503838 0 0.05689721 0 0.04503838 1.153846 0.03317955 0 0.03317955 1.153846 0.03051434 1.153846 0.01865551 0 0.03051434 0 0.01865551 1.153846 0.01431487 1.153846 0.002456044 0 0.01431487 0 0.002456044 1.153846 -0.01431487 1.153846 -0.002456044 0 -0.002456044 1.153846 -0.01431487 0 -0.03051434 1.153846 -0.01865551 0 -0.01865551 1.153846 -0.03051434 0 -0.0696233 1.153846 -0.05776447 0 -0.05776447 1.153846 -0.0696233 0 -0.05776447 1.153846 -0.0696233 0 -0.05776447 0 -0.0696233 1.153846 -0.05342384 1.153846 -0.06528267 0 -0.05342384 0 -0.06528267 1.153846 -0.04503838 1.153846 -0.05689721 0 -0.04503838 0 -0.05689721 1.153846</float_array>
                    <technique_common>
                        <accessor count="139" source="#ID211" stride="2">
                            <param name="S" type="float" />
                            <param name="T" type="float" />
                        </accessor>
                    </technique_common>
                </source>
                <vertices id="ID207">
                    <input semantic="POSITION" source="#ID204" />
                    <input semantic="NORMAL" source="#ID205" />
                </vertices>
                <triangles count="184" material="Material2">
                    <input offset="0" semantic="VERTEX" source="#ID207" />
                    <input offset="1" semantic="TEXCOORD" source="#ID208" />
                    <p>0 0 1 1 2 2 1 1 0 0 3 3 4 3 5 0 6 1 7 2 6 1 5 0 12 4 13 5 14 6 13 5 12 4 15 7 13 5 15 7 16 8 16 8 15 7 17 9 16 8 17 9 18 10 18 10 17 9 19 11 18 10 19 11 20 12 20 12 19 11 21 13 21 13 19 11 22 14 21 13 22 14 23 15 21 13 23 15 24 16 24 16 23 15 25 17 24 16 25 17 26 18 26 18 25 17 27 19 26 18 27 19 28 20 28 20 27 19 29 21 29 21 27 19 30 22 29 21 30 22 31 23 29 21 31 23 32 24 32 24 31 23 33 25 32 24 33 25 34 26 34 26 33 25 35 27 36 27 37 25 38 26 38 26 37 25 39 24 37 25 40 23 39 24 39 24 40 23 41 21 40 23 42 22 41 21 42 22 43 19 41 21 41 21 43 19 44 20 44 20 43 19 45 18 43 19 46 17 45 18 45 18 46 17 47 16 46 17 48 15 47 16 47 16 48 15 49 13 48 15 50 14 49 13 50 14 51 11 49 13 49 13 51 11 52 12 52 12 51 11 53 10 51 11 54 9 53 10 53 10 54 9 55 8 54 9 56 7 55 8 55 8 56 7 57 5 56 7 58 4 57 5 59 6 57 5 58 4 2 2 82 28 83 29 82 28 2 2 1 1 6 1 7 2 84 28 85 29 84 28 7 2 87 30 88 31 89 6 88 31 87 30 90 32 88 31 90 32 91 33 91 33 90 32 92 34 91 33 92 34 93 35 93 35 92 34 94 36 93 35 94 36 95 37 95 37 94 36 96 38 95 37 96 38 97 39 97 39 96 38 98 40 97 39 98 40 99 41 99 41 98 40 100 42 99 41 100 42 101 43 101 43 100 42 102 44 101 43 102 44 103 45 103 45 102 44 104 46 103 45 104 46 105 47 105 47 104 46 106 48 105 47 106 48 107 49 107 49 106 48 108 50 107 49 108 50 109 51 109 51 108 50 110 52 111 52 112 50 113 51 113 51 112 50 114 49 112 50 115 48 114 49 114 49 115 48 116 47 115 48 117 46 116 47 116 47 117 46 118 45 117 46 119 44 118 45 118 45 119 44 120 43 119 44 121 42 120 43 120 43 121 42 122 41 121 42 123 40 122 41 122 41 123 40 124 39 123 40 125 38 124 39 124 39 125 38 126 37 125 38 127 36 126 37 126 37 127 36 128 35 127 36 129 34 128 35 128 35 129 34 130 33 129 34 131 32 130 33 130 33 131 32 132 31 131 32 133 30 132 31 134 6 132 31 133 30 156 53 3 54 0 55 3 54 156 53 157 56 158 56 159 53 4 54 5 55 4 54 159 53 160 57 161 58 162 59 161 58 160 57 163 60 164 60 165 57 166 58 167 59 166 58 165 57 163 61 168 62 161 63 168 62 163 61 169 64 170 64 164 61 171 62 166 63 171 62 164 61 169 65 172 66 168 67 172 66 169 65 173 68 174 68 170 65 175 66 171 67 175 66 170 65 172 69 176 70 177 71 176 70 172 69 173 72 174 72 175 69 178 70 179 71 178 70 175 69 177 73 180 74 181 75 180 74 177 73 176 76 178 76 179 73 182 74 183 75 182 74 179 73 181 77 184 78 185 79 184 78 181 77 180 80 182 80 183 77 186 78 187 79 186 78 183 77 185 81 188 82 189 83 188 82 185 81 184 84 186 84 187 81 190 82 191 83 190 82 187 81 189 85 192 86 193 87 192 86 189 85 188 88 190 88 191 85 194 86 195 87 194 86 191 85 193 89 196 90 197 91 196 90 193 89 192 92 194 92 195 89 198 90 199 91 198 90 195 89 196 93 200 94 197 95 200 94 196 93 201 96 202 96 198 93 203 94 199 95 203 94 198 93 201 97 204 98 200 99 204 98 201 97 205 100 206 100 202 97 207 98 203 99 207 98 202 97 205 101 208 102 204 103 208 102 205 101 209 104 210 104 206 101 211 102 207 103 211 102 206 101 209 104 212 105 208 102 212 105 209 104 213 106 214 106 210 104 215 105 211 102 215 105 210 104 213 107 216 108 212 109 216 108 213 107 217 110 218 110 214 107 219 108 215 109 219 108 214 107 217 111 220 112 216 113 220 112 217 111 221 114 222 114 218 111 223 112 219 113 223 112 218 111 224 115 220 116 221 117 220 116 224 115 225 118 226 118 227 115 223 116 222 117 223 116 227 115 83 119 225 120 224 121 225 120 83 119 82 122 84 122 85 119 226 120 227 121 226 120 85 119 228 123 157 124 156 125 157 124 228 123 229 126 230 126 231 123 158 124 159 125 158 124 231 123 228 127 232 128 229 129 232 128 228 127 233 130 234 130 231 127 235 128 230 129 235 128 231 127 233 131 236 132 232 133 236 132 233 131 237 134 238 134 234 131 239 132 235 133 239 132 234 131 237 135 162 136 236 137 162 136 237 135 160 138 165 138 238 135 167 136 239 137 167 136 238 135</p>
                </triangles>
                <lines count="72" material="Material3">
                    <input offset="0" semantic="VERTEX" source="#ID207" />
                    <p>8 9 9 10 11 10 8 11 60 61 62 60 63 62 64 63 65 64 66 65 67 66 68 67 69 68 70 69 71 70 72 71 73 72 74 73 75 74 76 75 77 76 9 77 78 8 79 78 80 79 81 80 61 81 77 86 10 86 135 136 136 137 137 138 138 139 139 140 140 11 86 141 141 142 142 143 143 144 144 145 145 146 146 147 147 148 148 149 149 150 150 151 151 152 152 153 153 154 154 155 155 135 78 140 61 136 60 135 62 155 63 154 64 153 65 152 66 151 67 150 68 149 69 148 70 147 71 146 72 145 73 144 74 143 75 142 76 141 79 139 80 138 81 137</p>
                </lines>
            </mesh>
        </geometry>
        <geometry id="ID221">
            <mesh>
                <source id="ID222">
                    <float_array id="ID227" count="720">0.04024509 1.486794 90.55118 0 1.181102 0 0 1.181102 90.55118 0.04024509 1.486794 0 0.04024509 1.486794 0 0.04024509 1.486794 90.55118 0 1.181102 0 0 1.181102 90.55118 0.04024509 1.486794 0 0 1.181102 0 0 1.181102 90.55118 0.04024509 1.486794 90.55118 0.04024509 1.486794 0 0.04024509 0.8754106 0 0 1.181102 0 0.1582377 1.771654 0 0.1582377 0.5905512 0 0.3459369 2.016268 0 0.3459369 0.3459369 0 0.5905512 2.203967 0 0.5905512 0.1582377 0 0.8754106 0.04024509 0 0.8754106 2.32196 0 1.181102 2.362205 0 1.181102 0 0 1.486794 2.32196 0 1.486794 0.04024509 0 1.771654 2.203967 0 1.771654 0.1582377 0 2.016268 0.3459369 0 2.016268 2.016268 0 2.203967 1.771654 0 2.203967 0.5905512 0 2.32196 1.486794 0 2.32196 0.8754106 0 2.362205 1.181102 0 2.362205 1.181102 0 2.32196 1.486794 0 2.32196 0.8754106 0 2.203967 0.5905512 0 2.203967 1.771654 0 2.016268 0.3459369 0 2.016268 2.016268 0 1.771654 2.203967 0 1.771654 0.1582377 0 1.486794 0.04024509 0 1.486794 2.32196 0 1.181102 0 0 1.181102 2.362205 0 0.8754106 0.04024509 0 0.8754106 2.32196 0 0.5905512 2.203967 0 0.5905512 0.1582377 0 0.3459369 0.3459369 0 0.3459369 2.016268 0 0.1582377 0.5905512 0 0.1582377 1.771654 0 0.04024509 0.8754106 0 0.04024509 1.486794 0 0 1.181102 0 1.486794 2.32196 0 1.181102 2.362205 0 1.771654 2.203967 0 2.016268 2.016268 0 2.203967 1.771654 0 2.32196 1.486794 0 2.362205 1.181102 0 2.32196 0.8754106 0 2.203967 0.5905512 0 2.016268 0.3459369 0 1.771654 0.1582377 0 1.486794 0.04024509 0 1.181102 0 0 0.8754106 0.04024509 0 0.5905512 0.1582377 0 0.3459369 0.3459369 0 0.1582377 0.5905512 0 0.04024509 0.8754106 0 0.1582377 1.771654 0 0.3459369 2.016268 0 0.5905512 2.203967 0 0.8754106 2.32196 0 0.04024509 0.8754106 0 0.04024509 0.8754106 90.55118 0.04024509 0.8754106 0 0.04024509 0.8754106 90.55118 0.04024509 0.8754106 90.55118 0.04024509 0.8754106 90.55118 0.04024509 1.486794 90.55118 0 1.181102 90.55118 0.1582377 0.5905512 90.55118 0.1582377 1.771654 90.55118 0.3459369 0.3459369 90.55118 0.3459369 2.016268 90.55118 0.5905512 0.1582377 90.55118 0.5905512 2.203967 90.55118 0.8754106 0.04024509 90.55118 0.8754106 2.32196 90.55118 1.181102 0 90.55118 1.181102 2.362205 90.55118 1.486794 0.04024509 90.55118 1.486794 2.32196 90.55118 1.771654 0.1582377 90.55118 1.771654 2.203967 90.55118 2.016268 0.3459369 90.55118 2.016268 2.016268 90.55118 2.203967 0.5905512 90.55118 2.203967 1.771654 90.55118 2.32196 0.8754106 90.55118 2.32196 1.486794 90.55118 2.362205 1.181102 90.55118 2.362205 1.181102 90.55118 2.32196 0.8754106 90.55118 2.32196 1.486794 90.55118 2.203967 1.771654 90.55118 2.203967 0.5905512 90.55118 2.016268 2.016268 90.55118 2.016268 0.3459369 90.55118 1.771654 2.203967 90.55118 1.771654 0.1582377 90.55118 1.486794 2.32196 90.55118 1.486794 0.04024509 90.55118 1.181102 2.362205 90.55118 1.181102 0 90.55118 0.8754106 2.32196 90.55118 0.8754106 0.04024509 90.55118 0.5905512 2.203967 90.55118 0.5905512 0.1582377 90.55118 0.3459369 2.016268 90.55118 0.3459369 0.3459369 90.55118 0.1582377 1.771654 90.55118 0.1582377 0.5905512 90.55118 0.04024509 1.486794 90.55118 0.04024509 0.8754106 90.55118 0 1.181102 90.55118 1.486794 2.32196 90.55118 1.181102 2.362205 90.55118 0.8754106 2.32196 90.55118 0.5905512 2.203967 90.55118 0.3459369 2.016268 90.55118 0.1582377 1.771654 90.55118 0.1582377 0.5905512 90.55118 0.3459369 0.3459369 90.55118 0.5905512 0.1582377 90.55118 0.8754106 0.04024509 90.55118 1.181102 0 90.55118 1.486794 0.04024509 90.55118 1.771654 0.1582377 90.55118 2.016268 0.3459369 90.55118 2.203967 0.5905512 90.55118 2.32196 0.8754106 90.55118 2.362205 1.181102 90.55118 2.32196 1.486794 90.55118 2.203967 1.771654 90.55118 2.016268 2.016268 90.55118 1.771654 2.203967 90.55118 0.1582377 1.771654 90.55118 0.1582377 1.771654 0 0.1582377 1.771654 0 0.1582377 1.771654 90.55118 1.181102 2.362205 90.55118 1.486794 2.32196 0 1.181102 2.362205 0 1.486794 2.32196 90.55118 1.486794 2.32196 90.55118 1.181102 2.362205 90.55118 1.486794 2.32196 0 1.181102 2.362205 0 1.771654 2.203967 0 1.771654 2.203967 90.55118 1.771654 2.203967 90.55118 1.771654 2.203967 0 2.016268 2.016268 0 2.016268 2.016268 90.55118 2.016268 2.016268 90.55118 2.016268 2.016268 0 2.203967 1.771654 90.55118 2.203967 1.771654 0 2.203967 1.771654 90.55118 2.203967 1.771654 0 2.32196 1.486794 90.55118 2.32196 1.486794 0 2.32196 1.486794 90.55118 2.32196 1.486794 0 2.362205 1.181102 90.55118 2.362205 1.181102 0 2.362205 1.181102 90.55118 2.362205 1.181102 0 2.32196 0.8754106 90.55118 2.32196 0.8754106 0 2.32196 0.8754106 90.55118 2.32196 0.8754106 0 2.203967 0.5905512 90.55118 2.203967 0.5905512 0 2.203967 0.5905512 90.55118 2.203967 0.5905512 0 2.016268 0.3459369 90.55118 2.016268 0.3459369 0 2.016268 0.3459369 90.55118 2.016268 0.3459369 0 1.771654 0.1582377 0 1.771654 0.1582377 90.55118 1.771654 0.1582377 90.55118 1.771654 0.1582377 0 1.486794 0.04024509 0 1.486794 0.04024509 90.55118 1.486794 0.04024509 90.55118 1.486794 0.04024509 0 1.181102 0 0 1.181102 0 90.55118 1.181102 0 90.55118 1.181102 0 0 0.8754106 0.04024509 0 0.8754106 0.04024509 90.55118 0.8754106 0.04024509 90.55118 0.8754106 0.04024509 0 0.5905512 0.1582377 0 0.5905512 0.1582377 90.55118 0.5905512 0.1582377 90.55118 0.5905512 0.1582377 0 0.3459369 0.3459369 0 0.3459369 0.3459369 90.55118 0.3459369 0.3459369 90.55118 0.3459369 0.3459369 0 0.1582377 0.5905512 90.55118 0.1582377 0.5905512 0 0.1582377 0.5905512 0 0.1582377 0.5905512 90.55118 0.3459369 2.016268 90.55118 0.3459369 2.016268 0 0.3459369 2.016268 0 0.3459369 2.016268 90.55118 0.5905512 2.203967 0 0.5905512 2.203967 90.55118 0.5905512 2.203967 90.55118 0.5905512 2.203967 0 0.8754106 2.32196 0 0.8754106 2.32196 90.55118 0.8754106 2.32196 90.55118 0.8754106 2.32196 0</float_array>
                    <technique_common>
                        <accessor count="240" source="#ID227" stride="3">
                            <param name="X" type="float" />
                            <param name="Y" type="float" />
                            <param name="Z" type="float" />
                        </accessor>
                    </technique_common>
                </source>
                <source id="ID223">
                    <float_array id="ID228" count="720">-0.9659258 0.258819 0 -1 0 0 -1 0 0 -0.9659258 0.258819 0 0.9659258 -0.258819 -0 0.9659258 -0.258819 -0 1 -0 -0 1 -0 -0 0 0 0 0 0 0 0 0 0 0 0 0 0 0 -1 0 0 -1 0 0 -1 0 0 -1 0 0 -1 0 0 -1 0 0 -1 0 0 -1 0 0 -1 0 0 -1 0 0 -1 0 0 -1 0 0 -1 0 0 -1 0 0 -1 0 0 -1 0 0 -1 0 0 -1 0 0 -1 0 0 -1 0 0 -1 0 0 -1 0 0 -1 0 0 -1 -0 -0 1 -0 -0 1 -0 -0 1 -0 -0 1 -0 -0 1 -0 -0 1 -0 -0 1 -0 -0 1 -0 -0 1 -0 -0 1 -0 -0 1 -0 -0 1 -0 -0 1 -0 -0 1 -0 -0 1 -0 -0 1 -0 -0 1 -0 -0 1 -0 -0 1 -0 -0 1 -0 -0 1 -0 -0 1 -0 -0 1 -0 -0 1 0 0 0 0 0 0 0 0 0 0 0 0 0 0 0 0 0 0 0 0 0 0 0 0 0 0 0 0 0 0 0 0 0 0 0 0 0 0 0 0 0 0 0 0 0 0 0 0 0 0 0 0 0 0 0 0 0 0 0 0 0 0 0 0 0 0 -0.9659258 -0.258819 0 -0.9659258 -0.258819 0 0.9659258 0.258819 -0 0.9659258 0.258819 -0 0 0 0 0 0 1 0 0 1 0 0 1 0 0 1 0 0 1 0 0 1 0 0 1 0 0 1 0 0 1 0 0 1 0 0 1 0 0 1 0 0 1 0 0 1 0 0 1 0 0 1 0 0 1 0 0 1 0 0 1 0 0 1 0 0 1 0 0 1 0 0 1 0 0 1 -0 -0 -1 -0 -0 -1 -0 -0 -1 -0 -0 -1 -0 -0 -1 -0 -0 -1 -0 -0 -1 -0 -0 -1 -0 -0 -1 -0 -0 -1 -0 -0 -1 -0 -0 -1 -0 -0 -1 -0 -0 -1 -0 -0 -1 -0 -0 -1 -0 -0 -1 -0 -0 -1 -0 -0 -1 -0 -0 -1 -0 -0 -1 -0 -0 -1 -0 -0 -1 -0 -0 -1 0 0 0 0 0 0 0 0 0 0 0 0 0 0 0 0 0 0 0 0 0 0 0 0 0 0 0 0 0 0 0 0 0 0 0 0 0 0 0 0 0 0 0 0 0 0 0 0 0 0 0 0 0 0 0 0 0 0 0 0 0 0 0 -0.8660254 0.5 0 -0.8660254 0.5 0 0.8660254 -0.5 -0 0.8660254 -0.5 -0 0 1 0 0.258819 0.9659258 0 0 1 0 0.258819 0.9659258 0 -0.258819 -0.9659258 -0 -0 -1 -0 -0.258819 -0.9659258 -0 -0 -1 -0 0.5 0.8660254 0 0.5 0.8660254 0 -0.5 -0.8660254 -0 -0.5 -0.8660254 -0 0.7071068 0.7071068 0 0.7071068 0.7071068 0 -0.7071068 -0.7071068 -0 -0.7071068 -0.7071068 -0 0.8660254 0.5 0 0.8660254 0.5 0 -0.8660254 -0.5 -0 -0.8660254 -0.5 -0 0.9659258 0.258819 0 0.9659258 0.258819 0 -0.9659258 -0.258819 -0 -0.9659258 -0.258819 -0 1 0 0 1 0 0 -1 -0 -0 -1 -0 -0 0.9659258 -0.258819 0 0.9659258 -0.258819 0 -0.9659258 0.258819 -0 -0.9659258 0.258819 -0 0.8660254 -0.5 0 0.8660254 -0.5 0 -0.8660254 0.5 -0 -0.8660254 0.5 -0 0.7071068 -0.7071068 0 0.7071068 -0.7071068 0 -0.7071068 0.7071068 -0 -0.7071068 0.7071068 -0 0.5 -0.8660254 0 0.5 -0.8660254 0 -0.5 0.8660254 -0 -0.5 0.8660254 -0 0.258819 -0.9659258 0 0.258819 -0.9659258 0 -0.258819 0.9659258 -0 -0.258819 0.9659258 -0 0 -1 0 0 -1 0 -0 1 -0 -0 1 -0 -0.258819 -0.9659258 0 -0.258819 -0.9659258 0 0.258819 0.9659258 -0 0.258819 0.9659258 -0 -0.5 -0.8660254 0 -0.5 -0.8660254 0 0.5 0.8660254 -0 0.5 0.8660254 -0 -0.7071068 -0.7071068 0 -0.7071068 -0.7071068 0 0.7071068 0.7071068 -0 0.7071068 0.7071068 -0 -0.8660254 -0.5 0 -0.8660254 -0.5 0 0.8660254 0.5 -0 0.8660254 0.5 -0 -0.7071068 0.7071068 0 -0.7071068 0.7071068 0 0.7071068 -0.7071068 -0 0.7071068 -0.7071068 -0 -0.5 0.8660254 0 -0.5 0.8660254 0 0.5 -0.8660254 -0 0.5 -0.8660254 -0 -0.258819 0.9659258 0 -0.258819 0.9659258 0 0.258819 -0.9659258 -0 0.258819 -0.9659258 -0</float_array>
                    <technique_common>
                        <accessor count="240" source="#ID228" stride="3">
                            <param name="X" type="float" />
                            <param name="Y" type="float" />
                            <param name="Z" type="float" />
                        </accessor>
                    </technique_common>
                </source>
                <source id="ID224">
                    <Name_array id="ID230" count="0" />
                    <technique_common>
                        <accessor count="0" source="#ID230" stride="1">
                            <param name="skp_material" type="Name" />
                        </accessor>
                    </technique_common>
                </source>
                <source id="ID226">
                    <float_array id="ID229" count="278">-0.05689721 1.769231 -0.04503838 0 -0.04503838 1.769231 -0.05689721 0 -0.001547888 0.02904967 -0.001547888 0.01710418 0 0.02307692 -0.006086066 0.03461538 -0.006086066 0.01153846 -0.01330526 0.03939477 -0.01330526 0.006759074 -0.02271351 0.04306212 -0.02271351 0.003091721 -0.03366964 0.0007863271 -0.03366964 0.04536752 -0.04542701 0.04615385 -0.04542701 0 -0.05718439 0.04536752 -0.05718439 0.0007863271 -0.06814052 0.04306212 -0.06814052 0.003091721 -0.07754876 0.006759074 -0.07754876 0.03939477 -0.08476796 0.03461538 -0.08476796 0.01153846 -0.08930614 0.02904967 -0.08930614 0.01710418 -0.09085403 0.02307692 -0.03317955 0 -0.03317955 1.769231 0.001547888 0.01710418 0.001547888 0.02904967 0.006086066 0.01153846 0.006086066 0.03461538 0.01330526 0.006759074 0.01330526 0.03939477 0.02271351 0.003091721 0.02271351 0.04306212 0.03366964 0.0007863271 0.03366964 0.04536752 0.04542701 0 0.04542701 0.04615385 0.05718439 0.0007863271 0.05718439 0.04536752 0.06814052 0.003091721 0.06814052 0.04306212 0.07754876 0.006759074 0.07754876 0.03939477 0.08476796 0.01153846 0.08476796 0.03461538 0.08930614 0.01710418 0.08930614 0.02904967 0.09085403 0.02307692 -0.06528267 1.769231 -0.05342384 0 -0.05342384 1.769231 -0.06528267 0 -0.03317955 1.769231 -0.04503838 0 -0.03317955 0 -0.04503838 1.769231 -0.01865551 1.769231 -0.03051434 0 -0.01865551 0 -0.03051434 1.769231 -0.002456044 1.769231 -0.01431487 0 -0.002456044 0 -0.01431487 1.769231 0.01431487 0 0.002456044 1.769231 0.002456044 0 0.01431487 1.769231 0.03051434 0 0.01865551 1.769231 0.01865551 0 0.03051434 1.769231 0.04503838 0 0.03317955 1.769231 0.03317955 0 0.04503838 1.769231 0.05689721 0 0.04503838 1.769231 0.04503838 0 0.05689721 1.769231 0.06528267 0 0.05342384 1.769231 0.05342384 0 0.06528267 1.769231 0.0696233 0 0.05776447 1.769231 0.05776447 0 0.0696233 1.769231 0.0696233 1.769231 0.05776447 0 0.0696233 0 0.05776447 1.769231 0.06528267 1.769231 0.05342384 0 0.06528267 0 0.05342384 1.769231 0.05689721 1.769231 0.04503838 0 0.05689721 0 0.04503838 1.769231 0.03317955 0 0.03317955 1.769231 0.03051434 1.769231 0.01865551 0 0.03051434 0 0.01865551 1.769231 0.01431487 1.769231 0.002456044 0 0.01431487 0 0.002456044 1.769231 -0.01431487 1.769231 -0.002456044 0 -0.002456044 1.769231 -0.01431487 0 -0.03051434 1.769231 -0.01865551 0 -0.01865551 1.769231 -0.03051434 0 -0.0696233 1.769231 -0.05776447 0 -0.05776447 1.769231 -0.0696233 0 -0.05776447 1.769231 -0.0696233 0 -0.05776447 0 -0.0696233 1.769231 -0.05342384 1.769231 -0.06528267 0 -0.05342384 0 -0.06528267 1.769231 -0.04503838 1.769231 -0.05689721 0 -0.04503838 0 -0.05689721 1.769231</float_array>
                    <technique_common>
                        <accessor count="139" source="#ID229" stride="2">
                            <param name="S" type="float" />
                            <param name="T" type="float" />
                        </accessor>
                    </technique_common>
                </source>
                <vertices id="ID225">
                    <input semantic="POSITION" source="#ID222" />
                    <input semantic="NORMAL" source="#ID223" />
                </vertices>
                <triangles count="184" material="Material2">
                    <input offset="0" semantic="VERTEX" source="#ID225" />
                    <input offset="1" semantic="TEXCOORD" source="#ID226" />
                    <p>0 0 1 1 2 2 1 1 0 0 3 3 4 3 5 0 6 1 7 2 6 1 5 0 12 4 13 5 14 6 13 5 12 4 15 7 13 5 15 7 16 8 16 8 15 7 17 9 16 8 17 9 18 10 18 10 17 9 19 11 18 10 19 11 20 12 20 12 19 11 21 13 21 13 19 11 22 14 21 13 22 14 23 15 21 13 23 15 24 16 24 16 23 15 25 17 24 16 25 17 26 18 26 18 25 17 27 19 26 18 27 19 28 20 28 20 27 19 29 21 29 21 27 19 30 22 29 21 30 22 31 23 29 21 31 23 32 24 32 24 31 23 33 25 32 24 33 25 34 26 34 26 33 25 35 27 36 27 37 25 38 26 38 26 37 25 39 24 37 25 40 23 39 24 39 24 40 23 41 21 40 23 42 22 41 21 42 22 43 19 41 21 41 21 43 19 44 20 44 20 43 19 45 18 43 19 46 17 45 18 45 18 46 17 47 16 46 17 48 15 47 16 47 16 48 15 49 13 48 15 50 14 49 13 50 14 51 11 49 13 49 13 51 11 52 12 52 12 51 11 53 10 51 11 54 9 53 10 53 10 54 9 55 8 54 9 56 7 55 8 55 8 56 7 57 5 56 7 58 4 57 5 59 6 57 5 58 4 2 2 82 28 83 29 82 28 2 2 1 1 6 1 7 2 84 28 85 29 84 28 7 2 87 30 88 31 89 6 88 31 87 30 90 32 88 31 90 32 91 33 91 33 90 32 92 34 91 33 92 34 93 35 93 35 92 34 94 36 93 35 94 36 95 37 95 37 94 36 96 38 95 37 96 38 97 39 97 39 96 38 98 40 97 39 98 40 99 41 99 41 98 40 100 42 99 41 100 42 101 43 101 43 100 42 102 44 101 43 102 44 103 45 103 45 102 44 104 46 103 45 104 46 105 47 105 47 104 46 106 48 105 47 106 48 107 49 107 49 106 48 108 50 107 49 108 50 109 51 109 51 108 50 110 52 111 52 112 50 113 51 113 51 112 50 114 49 112 50 115 48 114 49 114 49 115 48 116 47 115 48 117 46 116 47 116 47 117 46 118 45 117 46 119 44 118 45 118 45 119 44 120 43 119 44 121 42 120 43 120 43 121 42 122 41 121 42 123 40 122 41 122 41 123 40 124 39 123 40 125 38 124 39 124 39 125 38 126 37 125 38 127 36 126 37 126 37 127 36 128 35 127 36 129 34 128 35 128 35 129 34 130 33 129 34 131 32 130 33 130 33 131 32 132 31 131 32 133 30 132 31 134 6 132 31 133 30 156 53 3 54 0 55 3 54 156 53 157 56 158 56 159 53 4 54 5 55 4 54 159 53 160 57 161 58 162 59 161 58 160 57 163 60 164 60 165 57 166 58 167 59 166 58 165 57 163 61 168 62 161 63 168 62 163 61 169 64 170 64 164 61 171 62 166 63 171 62 164 61 169 65 172 66 168 67 172 66 169 65 173 68 174 68 170 65 175 66 171 67 175 66 170 65 172 69 176 70 177 71 176 70 172 69 173 72 174 72 175 69 178 70 179 71 178 70 175 69 177 73 180 74 181 75 180 74 177 73 176 76 178 76 179 73 182 74 183 75 182 74 179 73 181 77 184 78 185 79 184 78 181 77 180 80 182 80 183 77 186 78 187 79 186 78 183 77 185 81 188 82 189 83 188 82 185 81 184 84 186 84 187 81 190 82 191 83 190 82 187 81 189 85 192 86 193 87 192 86 189 85 188 88 190 88 191 85 194 86 195 87 194 86 191 85 193 89 196 90 197 91 196 90 193 89 192 92 194 92 195 89 198 90 199 91 198 90 195 89 196 93 200 94 197 95 200 94 196 93 201 96 202 96 198 93 203 94 199 95 203 94 198 93 201 97 204 98 200 99 204 98 201 97 205 100 206 100 202 97 207 98 203 99 207 98 202 97 205 101 208 102 204 103 208 102 205 101 209 104 210 104 206 101 211 102 207 103 211 102 206 101 209 104 212 105 208 102 212 105 209 104 213 106 214 106 210 104 215 105 211 102 215 105 210 104 213 107 216 108 212 109 216 108 213 107 217 110 218 110 214 107 219 108 215 109 219 108 214 107 217 111 220 112 216 113 220 112 217 111 221 114 222 114 218 111 223 112 219 113 223 112 218 111 224 115 220 116 221 117 220 116 224 115 225 118 226 118 227 115 223 116 222 117 223 116 227 115 83 119 225 120 224 121 225 120 83 119 82 122 84 122 85 119 226 120 227 121 226 120 85 119 228 123 157 124 156 125 157 124 228 123 229 126 230 126 231 123 158 124 159 125 158 124 231 123 228 127 232 128 229 129 232 128 228 127 233 130 234 130 231 127 235 128 230 129 235 128 231 127 233 131 236 132 232 133 236 132 233 131 237 134 238 134 234 131 239 132 235 133 239 132 234 131 237 135 162 136 236 137 162 136 237 135 160 138 165 138 238 135 167 136 239 137 167 136 238 135</p>
                </triangles>
                <lines count="72" material="Material3">
                    <input offset="0" semantic="VERTEX" source="#ID225" />
                    <p>8 9 9 10 11 10 8 11 60 61 62 60 63 62 64 63 65 64 66 65 67 66 68 67 69 68 70 69 71 70 72 71 73 72 74 73 75 74 76 75 77 76 9 77 78 8 79 78 80 79 81 80 61 81 77 86 10 86 135 136 136 137 137 138 138 139 139 140 140 11 86 141 141 142 142 143 143 144 144 145 145 146 146 147 147 148 148 149 149 150 150 151 151 152 152 153 153 154 154 155 155 135 78 140 61 136 60 135 62 155 63 154 64 153 65 152 66 151 67 150 68 149 69 148 70 147 71 146 72 145 73 144 74 143 75 142 76 141 79 139 80 138 81 137</p>
                </lines>
            </mesh>
        </geometry>
        <geometry id="ID240">
            <mesh>
                <source id="ID243">
                    <float_array id="ID249" count="855">6.42082 12.14215 18.11024 6.61122 10.75943 -0.054367 6.086777 11.42025 0.2385244 6.086777 11.42025 0.2385244 6.61122 10.75943 -0.054367 6.42082 12.14215 18.11024 6.42082 12.14215 18.11024 6.086777 11.42025 0.2385244 6.61122 10.75943 -0.054367 6.81711 13.32751 -0.1693524 6.42082 12.14215 18.11024 6.086777 11.42025 0.2385244 6.086777 11.42025 0.2385244 6.42082 12.14215 18.11024 6.81711 13.32751 -0.1693524 6.81711 13.32751 -0.1693524 6.726512 12.1019 18.11024 6.61122 10.75943 -0.054367 6.42082 12.14215 18.11024 6.42082 12.14215 18.11024 6.61122 10.75943 -0.054367 6.726512 12.1019 18.11024 6.726512 12.1019 18.11024 6.61122 10.75943 -0.054367 6.81711 13.32751 -0.1693524 6.086777 11.42025 0.2385244 7.023 10.67041 -0.2843377 7.023 15.8956 -0.2843377 6.086777 15.25879 0.2385244 7.434779 10.75943 -0.5143084 7.434779 15.80658 -0.5143084 7.818497 11.02043 -0.728607 7.818497 15.54558 -0.728607 8.148002 11.43562 -0.9126293 8.148002 15.13039 -0.9126293 8.400841 11.9767 -1.053835 8.400841 14.5893 -1.053835 8.559782 12.60681 -1.1426 8.559782 13.95919 -1.1426 8.613994 13.283 -1.172876 8.613994 13.283 -1.172876 8.559782 12.60681 -1.1426 8.559782 13.95919 -1.1426 8.400841 14.5893 -1.053835 8.400841 11.9767 -1.053835 8.148002 15.13039 -0.9126293 8.148002 11.43562 -0.9126293 7.818497 15.54558 -0.728607 7.818497 11.02043 -0.728607 7.434779 15.80658 -0.5143084 7.434779 10.75943 -0.5143084 7.023 15.8956 -0.2843377 7.023 10.67041 -0.2843377 6.81711 13.32751 -0.1693524 6.086777 15.25879 0.2385244 6.61122 10.75943 -0.054367 6.086777 11.42025 0.2385244 6.086777 15.25879 0.2385244 7.023 10.67041 -0.2843377 7.434779 10.75943 -0.5143084 7.818497 11.02043 -0.728607 8.148002 11.43562 -0.9126293 8.400841 11.9767 -1.053835 8.559782 12.60681 -1.1426 8.613994 13.283 -1.172876 8.559782 13.95919 -1.1426 8.400841 14.5893 -1.053835 8.148002 15.13039 -0.9126293 7.818497 15.54558 -0.728607 7.434779 15.80658 -0.5143084 7.023 15.8956 -0.2843377 6.81711 13.32751 -0.1693524 6.573666 13.30313 18.11024 6.42082 12.14215 18.11024 6.42082 12.14215 18.11024 6.573666 13.30313 18.11024 6.81711 13.32751 -0.1693524 6.573666 13.30313 18.11024 6.726512 12.1019 18.11024 7.023 10.67041 -0.2843377 6.61122 10.75943 -0.054367 6.61122 10.75943 -0.054367 7.023 10.67041 -0.2843377 6.726512 12.1019 18.11024 6.086777 15.25879 0.2385244 6.726512 14.46411 18.11024 6.81711 13.32751 -0.1693524 6.81711 13.32751 -0.1693524 6.726512 14.46411 18.11024 6.086777 15.25879 0.2385244 6.726512 14.46411 18.11024 7.032203 12.14215 18.11024 7.434779 10.75943 -0.5143084 7.023 10.67041 -0.2843377 7.023 10.67041 -0.2843377 7.434779 10.75943 -0.5143084 7.032203 12.14215 18.11024 7.032203 12.14215 18.11024 7.317063 12.26014 18.11024 7.818497 11.02043 -0.728607 7.434779 10.75943 -0.5143084 7.434779 10.75943 -0.5143084 7.818497 11.02043 -0.728607 7.317063 12.26014 18.11024 7.317063 12.26014 18.11024 7.561677 12.44784 18.11024 8.148002 11.43562 -0.9126293 7.818497 11.02043 -0.728607 7.818497 11.02043 -0.728607 8.148002 11.43562 -0.9126293 7.561677 12.44784 18.11024 7.561677 12.44784 18.11024 7.561677 12.44784 18.11024 8.400841 11.9767 -1.053835 8.148002 11.43562 -0.9126293 8.148002 11.43562 -0.9126293 8.400841 11.9767 -1.053835 7.561677 12.44784 18.11024 7.749376 12.69245 18.11024 8.559782 12.60681 -1.1426 8.400841 11.9767 -1.053835 8.400841 11.9767 -1.053835 8.559782 12.60681 -1.1426 7.749376 12.69245 18.11024 7.749376 12.69245 18.11024 8.613994 13.283 -1.172876 8.559782 12.60681 -1.1426 7.867369 12.97731 18.11024 7.867369 12.97731 18.11024 8.559782 12.60681 -1.1426 8.613994 13.283 -1.172876 7.867369 12.97731 18.11024 8.559782 13.95919 -1.1426 8.613994 13.283 -1.172876 7.867369 13.5887 18.11024 7.867369 13.5887 18.11024 8.613994 13.283 -1.172876 8.559782 13.95919 -1.1426 7.867369 13.5887 18.11024 8.400841 14.5893 -1.053835 8.559782 13.95919 -1.1426 7.749376 13.87355 18.11024 7.749376 13.87355 18.11024 8.559782 13.95919 -1.1426 8.400841 14.5893 -1.053835 7.749376 13.87355 18.11024 8.148002 15.13039 -0.9126293 8.400841 14.5893 -1.053835 7.561677 14.11817 18.11024 7.561677 14.11817 18.11024 8.400841 14.5893 -1.053835 8.148002 15.13039 -0.9126293 7.561677 14.11817 18.11024 7.818497 15.54558 -0.728607 8.148002 15.13039 -0.9126293 7.561677 14.11817 18.11024 7.561677 14.11817 18.11024 8.148002 15.13039 -0.9126293 7.818497 15.54558 -0.728607 7.317063 14.30587 18.11024 7.434779 15.80658 -0.5143084 7.818497 15.54558 -0.728607 7.818497 15.54558 -0.728607 7.434779 15.80658 -0.5143084 7.317063 14.30587 18.11024 7.317063 14.30587 18.11024 7.032203 14.42386 18.11024 7.023 15.8956 -0.2843377 7.434779 15.80658 -0.5143084 7.434779 15.80658 -0.5143084 7.023 15.8956 -0.2843377 7.032203 14.42386 18.11024 7.032203 14.42386 18.11024 6.726512 14.46411 18.11024 6.086777 15.25879 0.2385244 7.023 15.8956 -0.2843377 7.023 15.8956 -0.2843377 6.086777 15.25879 0.2385244 6.726512 14.46411 18.11024 6.726512 14.46411 18.11024 6.573666 13.30313 18.11024 6.81711 13.32751 -0.1693524 6.81711 13.32751 -0.1693524 6.573666 13.30313 18.11024 6.726512 14.46411 18.11024 6.726512 12.1019 18.11024 7.032203 12.14215 18.11024 7.023 10.67041 -0.2843377 7.023 10.67041 -0.2843377 7.032203 12.14215 18.11024 6.726512 12.1019 18.11024 7.317063 12.26014 18.11024 7.434779 10.75943 -0.5143084 7.032203 12.14215 18.11024 7.032203 12.14215 18.11024 7.434779 10.75943 -0.5143084 7.317063 12.26014 18.11024 7.561677 12.44784 18.11024 7.818497 11.02043 -0.728607 7.317063 12.26014 18.11024 7.317063 12.26014 18.11024 7.818497 11.02043 -0.728607 7.561677 12.44784 18.11024 7.749376 12.69245 18.11024 8.400841 11.9767 -1.053835 7.561677 12.44784 18.11024 7.561677 12.44784 18.11024 8.400841 11.9767 -1.053835 7.749376 12.69245 18.11024 7.867369 12.97731 18.11024 8.559782 12.60681 -1.1426 7.749376 12.69245 18.11024 7.749376 12.69245 18.11024 8.559782 12.60681 -1.1426 7.867369 12.97731 18.11024 8.613994 13.283 -1.172876 7.867369 12.97731 18.11024 7.907614 13.283 18.11024 7.907614 13.283 18.11024 7.867369 12.97731 18.11024 8.613994 13.283 -1.172876 7.907614 13.283 18.11024 7.867369 13.5887 18.11024 8.613994 13.283 -1.172876 7.907614 13.283 18.11024 7.907614 13.283 18.11024 8.613994 13.283 -1.172876 7.867369 13.5887 18.11024 8.559782 13.95919 -1.1426 7.867369 13.5887 18.11024 7.749376 13.87355 18.11024 7.749376 13.87355 18.11024 7.867369 13.5887 18.11024 8.559782 13.95919 -1.1426 8.400841 14.5893 -1.053835 7.749376 13.87355 18.11024 7.561677 14.11817 18.11024 7.561677 14.11817 18.11024 7.749376 13.87355 18.11024 8.400841 14.5893 -1.053835 7.317063 14.30587 18.11024 7.818497 15.54558 -0.728607 7.561677 14.11817 18.11024 7.561677 14.11817 18.11024 7.818497 15.54558 -0.728607 7.317063 14.30587 18.11024 7.317063 14.30587 18.11024 7.032203 14.42386 18.11024 7.434779 15.80658 -0.5143084 7.434779 15.80658 -0.5143084 7.032203 14.42386 18.11024 7.317063 14.30587 18.11024 6.726512 14.46411 18.11024 7.023 15.8956 -0.2843377 7.032203 14.42386 18.11024 7.032203 14.42386 18.11024 7.023 15.8956 -0.2843377 6.726512 14.46411 18.11024 6.726512 13.283 51.21159 7.032203 12.14215 18.11024 6.726512 12.1019 18.11024 6.726512 12.1019 18.11024 7.032203 12.14215 18.11024 6.726512 13.283 51.21159 6.726512 13.283 51.21159 7.317063 12.26014 18.11024 7.317063 12.26014 18.11024 7.561677 12.44784 18.11024 7.561677 12.44784 18.11024 7.749376 12.69245 18.11024 7.749376 12.69245 18.11024 7.867369 12.97731 18.11024 7.867369 12.97731 18.11024 7.907614 13.283 18.11024 7.907614 13.283 18.11024 7.867369 13.5887 18.11024 7.867369 13.5887 18.11024 7.749376 13.87355 18.11024 7.749376 13.87355 18.11024 7.561677 14.11817 18.11024 7.561677 14.11817 18.11024 7.317063 14.30587 18.11024 7.317063 14.30587 18.11024 7.032203 14.42386 18.11024 7.032203 14.42386 18.11024</float_array>
                    <technique_common>
                        <accessor count="285" source="#ID249" stride="3">
                            <param name="X" type="float" />
                            <param name="Y" type="float" />
                            <param name="Z" type="float" />
                        </accessor>
                    </technique_common>
                </source>
                <source id="ID244">
                    <float_array id="ID250" count="855">0.7739651 0.6319641 -0.03999346 0.7739651 0.6319641 -0.03999346 0.7739651 0.6319641 -0.03999346 -0.7739651 -0.6319641 0.03999346 -0.7739651 -0.6319641 0.03999346 -0.7739651 -0.6319641 0.03999346 0 0 0 0 0 0 0 0 0 0.9336572 -0.3581555 -0.002984033 0.9336572 -0.3581555 -0.002984033 0.9336572 -0.3581555 -0.002984033 -0.9336572 0.3581555 0.002984033 -0.9336572 0.3581555 0.002984033 -0.9336572 0.3581555 0.002984033 0 0 0 0.1301693 0.9887339 -0.0738996 0.1301693 0.9887339 -0.0738996 0.1301693 0.9887339 -0.0738996 -0.1301693 -0.9887339 0.0738996 -0.1301693 -0.9887339 0.0738996 -0.1301693 -0.9887339 0.0738996 0 0 0 0.4875929 -4.851708e-16 0.8730711 0.4875929 -4.851708e-16 0.8730711 0.4875929 -4.851708e-16 0.8730711 0.4875929 -4.851708e-16 0.8730711 0.4875929 -4.851708e-16 0.8730711 0.4875929 -4.851708e-16 0.8730711 0.4875929 -4.851708e-16 0.8730711 0.4875929 -4.851708e-16 0.8730711 0.4875929 -4.851708e-16 0.8730711 0.4875929 -4.851708e-16 0.8730711 0.4875929 -4.851708e-16 0.8730711 0.4875929 -4.851708e-16 0.8730711 0.4875929 -4.851708e-16 0.8730711 0.4875929 -4.851708e-16 0.8730711 0.4875929 -4.851708e-16 0.8730711 0.4875929 -4.851708e-16 0.8730711 0.4875929 -4.851708e-16 0.8730711 -0.4875929 4.851708e-16 -0.8730711 -0.4875929 4.851708e-16 -0.8730711 -0.4875929 4.851708e-16 -0.8730711 -0.4875929 4.851708e-16 -0.8730711 -0.4875929 4.851708e-16 -0.8730711 -0.4875929 4.851708e-16 -0.8730711 -0.4875929 4.851708e-16 -0.8730711 -0.4875929 4.851708e-16 -0.8730711 -0.4875929 4.851708e-16 -0.8730711 -0.4875929 4.851708e-16 -0.8730711 -0.4875929 4.851708e-16 -0.8730711 -0.4875929 4.851708e-16 -0.8730711 -0.4875929 4.851708e-16 -0.8730711 -0.4875929 4.851708e-16 -0.8730711 -0.4875929 4.851708e-16 -0.8730711 -0.4875929 4.851708e-16 -0.8730711 -0.4875929 4.851708e-16 -0.8730711 0 0 0 0 0 0 0 0 0 0 0 0 0 0 0 0 0 0 0 0 0 0 0 0 0 0 0 0 0 0 0 0 0 0 0 0 0 0 0 0 0 0 0.9913607 -0.1305151 0.01302864 0.9913607 -0.1305151 0.01302864 0.9913607 -0.1305151 0.01302864 -0.9913607 0.1305151 -0.01302864 -0.9913607 0.1305151 -0.01302864 -0.9913607 0.1305151 -0.01302864 0 0 0 0.1712404 0.9824691 -0.07369727 0.1712404 0.9824691 -0.07369727 0.1712404 0.9824691 -0.07369727 -0.1712404 -0.9824691 0.07369727 -0.1712404 -0.9824691 0.07369727 -0.1712404 -0.9824691 0.07369727 0.9339767 0.356902 -0.01756247 0.9339767 0.356902 -0.01756247 0.9339767 0.356902 -0.01756247 -0.9339767 -0.356902 0.01756247 -0.9339767 -0.356902 0.01756247 -0.9339767 -0.356902 0.01756247 0 0 0 -0.2516081 0.9647562 -0.0770638 -0.2516081 0.9647562 -0.0770638 -0.2516081 0.9647562 -0.0770638 0.2516081 -0.9647562 0.0770638 0.2516081 -0.9647562 0.0770638 0.2516081 -0.9647562 0.0770638 0 0 0 -0.5870372 0.8066391 -0.06870701 -0.5870372 0.8066391 -0.06870701 -0.5870372 0.8066391 -0.06870701 0.5870372 -0.8066391 0.06870701 0.5870372 -0.8066391 0.06870701 0.5870372 -0.8066391 0.06870701 0 0 0 -0.7941195 0.6051134 -0.05667498 -0.7941195 0.6051134 -0.05667498 -0.7941195 0.6051134 -0.05667498 0.7941195 -0.6051134 0.05667498 0.7941195 -0.6051134 0.05667498 0.7941195 -0.6051134 0.05667498 0 0 0 -0.9097767 0.4120795 -0.04996831 -0.9097767 0.4120795 -0.04996831 -0.9097767 0.4120795 -0.04996831 0.9097767 -0.4120795 0.04996831 0.9097767 -0.4120795 0.04996831 0.9097767 -0.4120795 0.04996831 -0.9701609 0.2388144 -0.04189906 -0.9701609 0.2388144 -0.04189906 -0.9701609 0.2388144 -0.04189906 0.9701609 -0.2388144 0.04189906 0.9701609 -0.2388144 0.04189906 0.9701609 -0.2388144 0.04189906 0 0 0 -0.9962385 0.07819922 -0.03733378 -0.9962385 0.07819922 -0.03733378 -0.9962385 0.07819922 -0.03733378 0.9962385 -0.07819922 0.03733378 0.9962385 -0.07819922 0.03733378 0.9962385 -0.07819922 0.03733378 0 0 0 -0.9962385 -0.07819922 -0.03733378 -0.9962385 -0.07819922 -0.03733378 -0.9962385 -0.07819922 -0.03733378 0.9962385 0.07819922 0.03733378 0.9962385 0.07819922 0.03733378 0.9962385 0.07819922 0.03733378 0 0 0 -0.9701609 -0.2388144 -0.04189906 -0.9701609 -0.2388144 -0.04189906 -0.9701609 -0.2388144 -0.04189906 0.9701609 0.2388144 0.04189906 0.9701609 0.2388144 0.04189906 0.9701609 0.2388144 0.04189906 0 0 0 -0.9097767 -0.4120795 -0.04996831 -0.9097767 -0.4120795 -0.04996831 -0.9097767 -0.4120795 -0.04996831 0.9097767 0.4120795 0.04996831 0.9097767 0.4120795 0.04996831 0.9097767 0.4120795 0.04996831 0 0 0 -0.7941195 -0.6051134 -0.05667498 -0.7941195 -0.6051134 -0.05667498 -0.7941195 -0.6051134 -0.05667498 0.7941195 0.6051134 0.05667498 0.7941195 0.6051134 0.05667498 0.7941195 0.6051134 0.05667498 -0.5870372 -0.8066391 -0.06870701 -0.5870372 -0.8066391 -0.06870701 -0.5870372 -0.8066391 -0.06870701 0.5870372 0.8066391 0.06870701 0.5870372 0.8066391 0.06870701 0.5870372 0.8066391 0.06870701 0 0 0 -0.2516081 -0.9647562 -0.0770638 -0.2516081 -0.9647562 -0.0770638 -0.2516081 -0.9647562 -0.0770638 0.2516081 0.9647562 0.0770638 0.2516081 0.9647562 0.0770638 0.2516081 0.9647562 0.0770638 0 0 0 0.5396818 -0.8399597 -0.05666832 0.5396818 -0.8399597 -0.05666832 0.5396818 -0.8399597 -0.05666832 -0.5396818 0.8399597 0.05666832 -0.5396818 0.8399597 0.05666832 -0.5396818 0.8399597 0.05666832 0.9913607 -0.1305151 0.01302864 0.9913607 -0.1305151 0.01302864 0.9913607 -0.1305151 0.01302864 -0.9913607 0.1305151 -0.01302864 -0.9913607 0.1305151 -0.01302864 -0.9913607 0.1305151 -0.01302864 -0.1301181 0.9883453 -0.07901193 -0.1301181 0.9883453 -0.07901193 -0.1301181 0.9883453 -0.07901193 0.1301181 -0.9883453 0.07901193 0.1301181 -0.9883453 0.07901193 0.1301181 -0.9883453 0.07901193 -0.381558 0.9211625 -0.07663624 -0.381558 0.9211625 -0.07663624 -0.381558 0.9211625 -0.07663624 0.381558 -0.9211625 0.07663624 0.381558 -0.9211625 0.07663624 0.381558 -0.9211625 0.07663624 -0.6073419 0.7915034 -0.06825143 -0.6073419 0.7915034 -0.06825143 -0.6073419 0.7915034 -0.06825143 0.6073419 -0.7915034 0.06825143 0.6073419 -0.7915034 0.06825143 0.6073419 -0.7915034 0.06825143 -0.7923751 0.6080108 -0.0496443 -0.7923751 0.6080108 -0.0496443 -0.7923751 0.6080108 -0.0496443 0.7923751 -0.6080108 0.0496443 0.7923751 -0.6080108 0.0496443 0.7923751 -0.6080108 0.0496443 -0.9231194 0.3823686 -0.04055749 -0.9231194 0.3823686 -0.04055749 -0.9231194 0.3823686 -0.04055749 0.9231194 -0.3823686 0.04055749 0.9231194 -0.3823686 0.04055749 0.9231194 -0.3823686 0.04055749 -0.9907916 0.1304402 -0.03629472 -0.9907916 0.1304402 -0.03629472 -0.9907916 0.1304402 -0.03629472 0.9907916 -0.1304402 0.03629472 0.9907916 -0.1304402 0.03629472 0.9907916 -0.1304402 0.03629472 0 0 0 -0.9907916 -0.1304402 -0.03629472 -0.9907916 -0.1304402 -0.03629472 -0.9907916 -0.1304402 -0.03629472 0.9907916 0.1304402 0.03629472 0.9907916 0.1304402 0.03629472 0.9907916 0.1304402 0.03629472 -0.9231194 -0.3823686 -0.04055749 -0.9231194 -0.3823686 -0.04055749 -0.9231194 -0.3823686 -0.04055749 0.9231194 0.3823686 0.04055749 0.9231194 0.3823686 0.04055749 0.9231194 0.3823686 0.04055749 -0.7923751 -0.6080108 -0.0496443 -0.7923751 -0.6080108 -0.0496443 -0.7923751 -0.6080108 -0.0496443 0.7923751 0.6080108 0.0496443 0.7923751 0.6080108 0.0496443 0.7923751 0.6080108 0.0496443 -0.6073419 -0.7915034 -0.06825143 -0.6073419 -0.7915034 -0.06825143 -0.6073419 -0.7915034 -0.06825143 0.6073419 0.7915034 0.06825143 0.6073419 0.7915034 0.06825143 0.6073419 0.7915034 0.06825143 -0.381558 -0.9211625 -0.07663624 -0.381558 -0.9211625 -0.07663624 -0.381558 -0.9211625 -0.07663624 0.381558 0.9211625 0.07663624 0.381558 0.9211625 0.07663624 0.381558 0.9211625 0.07663624 -0.1301181 -0.9883453 -0.07901193 -0.1301181 -0.9883453 -0.07901193 -0.1301181 -0.9883453 -0.07901193 0.1301181 0.9883453 0.07901193 0.1301181 0.9883453 0.07901193 0.1301181 0.9883453 0.07901193 -0.9901463 0.1303552 -0.05116381 -0.2586544 0.9653115 -0.0356587 -0.1304446 0.9908251 -0.03535401 0.1304446 -0.9908251 0.03535401 0.2586544 -0.9653115 0.0356587 0.9901463 -0.1303552 0.05116381 0 0 0 -0.499682 0.8654746 -0.0356587 0.499682 -0.8654746 0.0356587 -0.7066571 0.7066571 -0.0356587 0.7066571 -0.7066571 0.0356587 -0.8654746 0.499682 -0.0356587 0.8654746 -0.499682 0.0356587 -0.9653115 0.2586544 -0.0356587 0.9653115 -0.2586544 0.0356587 -0.999364 -4.915623e-16 -0.0356587 0.999364 4.915623e-16 0.0356587 -0.9653115 -0.2586544 -0.0356587 0.9653115 0.2586544 0.0356587 -0.8654746 -0.499682 -0.0356587 0.8654746 0.499682 0.0356587 -0.7066571 -0.7066571 -0.0356587 0.7066571 0.7066571 0.0356587 -0.499682 -0.8654746 -0.0356587 0.499682 0.8654746 0.0356587 -0.3824442 -0.923302 -0.03535401 0.3824442 0.923302 0.03535401</float_array>
                    <technique_common>
                        <accessor count="285" source="#ID250" stride="3">
                            <param name="X" type="float" />
                            <param name="Y" type="float" />
                            <param name="Z" type="float" />
                        </accessor>
                    </technique_common>
                </source>
                <source id="ID245">
                    <Name_array id="ID251" count="0" />
                    <technique_common>
                        <accessor count="0" source="#ID251" stride="1">
                            <param name="skp_material" type="Name" />
                        </accessor>
                    </technique_common>
                </source>
                <vertices id="ID246">
                    <input semantic="POSITION" source="#ID243" />
                    <input semantic="NORMAL" source="#ID244" />
                </vertices>
                <triangles count="116" material="Material2">
                    <input offset="0" semantic="VERTEX" source="#ID246" />
                    <p>0 1 2 3 4 5 9 10 11 12 13 14 16 17 18 19 20 21 23 24 25 24 23 26 24 27 28 27 24 26 27 26 29 27 29 30 30 29 31 30 31 32 32 31 33 32 33 34 34 33 35 34 35 36 36 35 37 36 37 38 38 37 39 40 41 42 42 41 43 41 44 43 43 44 45 44 46 45 45 46 47 46 48 47 47 48 49 48 50 49 49 50 51 50 52 51 52 53 51 54 51 53 52 55 53 56 53 55 71 72 73 74 75 76 78 79 80 81 82 83 84 85 86 87 88 89 91 92 93 94 95 96 98 99 100 101 102 103 105 106 107 108 109 110 112 113 114 115 116 117 118 119 120 121 122 123 125 126 127 128 129 130 132 133 134 135 136 137 139 140 141 142 143 144 146 147 148 149 150 151 153 154 155 156 157 158 159 160 161 162 163 164 166 167 168 169 170 171 173 174 175 176 177 178 179 180 181 182 183 184 185 186 187 188 189 190 191 192 193 194 195 196 197 198 199 200 201 202 203 204 205 206 207 208 209 210 211 212 213 214 215 216 217 218 219 220 222 223 224 225 226 227 228 229 230 231 232 233 234 235 236 237 238 239 240 241 242 243 244 245 246 247 248 249 250 251 252 253 254 255 256 257 258 259 260 261 262 263 258 265 259 262 266 263 258 267 265 266 268 263 258 269 267 268 270 263 258 271 269 270 272 263 273 271 258 263 272 274 275 273 258 263 274 276 277 275 258 263 276 278 279 277 258 263 278 280 258 281 279 280 282 263 258 283 281 282 284 263</p>
                </triangles>
                <lines count="76" material="Material3">
                    <input offset="0" semantic="VERTEX" source="#ID246" />
                    <p>6 7 6 8 8 7 15 7 15 6 6 22 8 22 57 15 8 58 58 59 59 60 60 61 61 62 62 63 63 64 64 65 65 66 66 67 67 68 68 69 69 70 57 70 77 15 77 6 22 58 90 15 90 57 58 97 97 59 59 104 104 60 60 111 111 61 111 62 124 62 124 63 131 63 131 64 64 138 138 65 65 145 145 66 66 152 152 67 152 68 165 68 165 69 172 69 172 70 90 70 90 77 22 97 97 104 104 111 111 124 124 131 221 64 131 221 221 138 138 145 145 152 152 165 165 172 172 90 97 264 22 264 104 264 111 264 124 264 131 264 221 264 138 264 145 264 152 264 165 264 172 264</p>
                </lines>
            </mesh>
        </geometry>
        <geometry id="ID252">
            <mesh>
                <source id="ID253">
                    <float_array id="ID259" count="537">6.726512 13.283 44.21516 6.726512 13.283 54.10155 6.726512 13.283 51.21159 6.512815 17.17552 61.85505 6.473842 17.88542 51.13871 6.306495 20.93367 55.91935 6.306495 20.93367 55.91935 6.473842 17.88542 51.13871 6.512815 17.17552 61.85505 6.726512 13.283 44.21516 6.726512 13.283 54.10155 6.726512 13.283 51.21159 6.726512 13.283 51.21159 6.726512 13.283 44.21516 6.473842 17.88542 51.13871 6.306495 20.93367 55.91935 6.512815 17.17552 61.85505 6.726512 13.283 54.10155 4.65216 9.186731 51.50887 4.834273 9.546355 61.56693 3.293395 6.503545 56.59288 6.726512 13.283 43.74739 6.726512 13.283 51.21159 6.726512 13.283 44.21516 6.726512 13.283 43.92064 6.726512 13.283 43.92064 6.726512 13.283 43.74739 6.726512 13.283 44.21516 6.726512 13.283 51.21159 4.834273 9.546355 61.56693 4.65216 9.186731 51.50887 3.293395 6.503545 56.59288 6.726512 13.283 43.92064 6.726512 13.283 43.74739 4.834273 9.546355 61.56693 3.293395 6.503545 56.59288 4.65216 9.186731 51.50887 6.726512 13.283 30.90093 6.726591 13.28296 38.39692 6.726598 13.28296 37.9021 6.726512 13.283 43.58905 6.726512 13.283 30.49313 6.726512 13.283 29.32703 6.153327 23.72363 42.22977 6.726512 13.283 43.74739 6.726512 13.283 43.92064 6.473842 17.88542 51.13871 6.306495 20.93367 55.91935 6.071385 25.21623 44.12498 6.071385 25.21623 44.12498 6.153327 23.72363 42.22977 6.306495 20.93367 55.91935 6.473842 17.88542 51.13871 6.726512 13.283 43.92064 6.726512 13.283 43.74739 6.726512 13.283 43.58905 6.726512 13.283 29.32703 6.726512 13.283 30.49313 6.726512 13.283 30.90093 6.726591 13.28296 38.39692 6.726598 13.28296 37.9021 6.726512 13.283 30.90093 6.726512 13.283 30.49313 6.726512 13.283 29.32703 6.153327 23.72363 42.22977 6.071385 25.21623 44.12498 6.726512 13.283 43.58905 6.726591 13.28296 38.39692 6.726598 13.28296 37.9021 6.726512 13.283 54.10155 6.629781 15.04496 64.70077 6.726512 13.283 68.39703 6.512815 17.17552 61.85505 6.512815 17.17552 61.85505 6.726512 13.283 54.10155 6.629781 15.04496 64.70077 6.726512 13.283 68.39703 6.726512 13.283 68.39703 6.629781 15.04496 64.70077 6.726512 13.283 51.21159 5.898046 11.64701 64.85056 4.834273 9.546355 61.56693 6.726512 13.283 68.39703 6.726512 13.283 54.10155 6.726512 13.283 54.10155 6.726512 13.283 51.21159 6.726512 13.283 68.39703 5.898046 11.64701 64.85056 4.834273 9.546355 61.56693 5.898046 11.64701 64.85056 6.726591 13.28296 38.39692 3.293395 6.503545 56.59288 1.847437 3.648178 49.02135 4.65216 9.186731 51.50887 6.726512 13.283 43.58905 6.726512 13.283 43.58905 6.726591 13.28296 38.39692 4.65216 9.186731 51.50887 3.293395 6.503545 56.59288 1.847437 3.648178 49.02135 1.847437 3.648178 49.02135 6.726591 13.28296 38.39692 3.293395 6.503545 56.59288 1.847437 3.648178 49.02135 4.65216 9.186731 51.50887 6.726512 13.283 43.58905 6.726512 13.283 43.58905 6.726591 13.28296 38.39692 4.65216 9.186731 51.50887 3.293395 6.503545 56.59288 1.847437 3.648178 49.02135 6.516362 12.86802 24.08132 6.726512 13.283 24.96229 6.726512 13.283 27.37134 6.726512 13.283 24.34335 6.726512 13.283 27.05315 0.6483908 1.280393 36.70925 0 0 22.54653 6.726512 13.283 30.49313 6.726512 13.283 29.32703 6.726512 13.283 28.97286 6.726512 13.283 28.97286 6.726512 13.283 27.37134 6.726512 13.283 29.32703 6.726512 13.283 30.49313 6.516362 12.86802 24.08132 0.6483908 1.280393 36.70925 0 0 22.54653 6.726512 13.283 27.05315 6.726512 13.283 24.96229 6.726512 13.283 24.34335 0.6483908 1.280393 36.70925 0 0 22.54653 6.516362 12.86802 24.08132 6.726512 13.283 24.34335 6.726512 13.283 24.96229 6.726512 13.283 27.05315 6.726512 13.283 27.37134 6.726512 13.283 28.97286 5.924608 27.88978 31.93756 6.726512 13.283 28.97286 6.726512 13.283 27.37134 6.153327 23.72363 42.22977 6.071385 25.21623 44.12498 5.963167 27.18742 37.21852 5.963167 27.18742 37.21852 5.924608 27.88978 31.93756 6.071385 25.21623 44.12498 6.153327 23.72363 42.22977 6.726512 13.283 28.97286 6.726512 13.283 27.37134 5.924608 27.88978 31.93756 5.963167 27.18742 37.21852 6.726591 13.28296 38.39692 1.847437 3.648178 49.02135 6.726598 13.28296 37.9021 6.726598 13.28296 37.9021 1.847437 3.648178 49.02135 6.726591 13.28296 38.39692 6.726512 13.283 30.90093 1.847437 3.648178 49.02135 0.6483908 1.280393 36.70925 6.726598 13.28296 37.9021 6.726598 13.28296 37.9021 6.726512 13.283 30.90093 1.847437 3.648178 49.02135 0.6483908 1.280393 36.70925 5.935261 27.69573 18.42327 5.972763 27.01263 22.74598 6.726512 13.283 24.96229 5.924608 27.88978 31.93756 6.726512 13.283 27.05315 5.972763 27.01263 22.74598 6.726512 13.283 24.96229 5.924608 27.88978 31.93756 6.726512 13.283 27.05315 5.935261 27.69573 18.42327 5.972763 27.01263 22.74598 5.935261 27.69573 18.42327</float_array>
                    <technique_common>
                        <accessor count="179" source="#ID259" stride="3">
                            <param name="X" type="float" />
                            <param name="Y" type="float" />
                            <param name="Z" type="float" />
                        </accessor>
                    </technique_common>
                </source>
                <source id="ID254">
                    <float_array id="ID260" count="537">0.9984964 0.05481688 -1.665335e-15 0.9984964 0.05481688 -1.665335e-15 0.9984964 0.05481688 -1.665335e-15 0.9984964 0.05481688 -1.665335e-15 0.9984964 0.05481688 -1.665335e-15 0.9984964 0.05481688 -1.665335e-15 -0.9984964 -0.05481688 1.665335e-15 -0.9984964 -0.05481688 1.665335e-15 -0.9984964 -0.05481688 1.665335e-15 -0.9984964 -0.05481688 1.665335e-15 -0.9984964 -0.05481688 1.665335e-15 -0.9984964 -0.05481688 1.665335e-15 0 0 0 0 0 0 0 0 0 0 0 0 0 0 0 0 0 0 0.8921317 -0.4517754 -9.386936e-14 0.8921317 -0.4517754 -9.386936e-14 0.8921317 -0.4517754 -9.386936e-14 0.8921317 -0.4517754 -9.386936e-14 0.8921317 -0.4517754 -9.386936e-14 0.8921317 -0.4517754 -9.386936e-14 0.8921317 -0.4517754 -9.386936e-14 -0.8921317 0.4517754 9.386936e-14 -0.8921317 0.4517754 9.386936e-14 -0.8921317 0.4517754 9.386936e-14 -0.8921317 0.4517754 9.386936e-14 -0.8921317 0.4517754 9.386936e-14 -0.8921317 0.4517754 9.386936e-14 -0.8921317 0.4517754 9.386936e-14 0 0 0 0 0 0 0 0 0 0 0 0 0 0 0 0.9984964 0.05481688 5.667689e-14 0.9984964 0.05481688 5.667689e-14 0.9984964 0.05481688 5.667689e-14 0.9984964 0.05481688 5.667689e-14 0.9984964 0.05481688 5.667689e-14 0.9984964 0.05481688 5.667689e-14 0.9984964 0.05481688 5.667689e-14 0.9984964 0.05481688 5.667689e-14 0.9984964 0.05481688 5.667689e-14 0.9984964 0.05481688 5.667689e-14 0.9984964 0.05481688 5.667689e-14 0.9984964 0.05481688 5.667689e-14 -0.9984964 -0.05481688 -5.667689e-14 -0.9984964 -0.05481688 -5.667689e-14 -0.9984964 -0.05481688 -5.667689e-14 -0.9984964 -0.05481688 -5.667689e-14 -0.9984964 -0.05481688 -5.667689e-14 -0.9984964 -0.05481688 -5.667689e-14 -0.9984964 -0.05481688 -5.667689e-14 -0.9984964 -0.05481688 -5.667689e-14 -0.9984964 -0.05481688 -5.667689e-14 -0.9984964 -0.05481688 -5.667689e-14 -0.9984964 -0.05481688 -5.667689e-14 -0.9984964 -0.05481688 -5.667689e-14 0 0 0 0 0 0 0 0 0 0 0 0 0 0 0 0 0 0 0 0 0 0 0 0 0.9984964 0.05481688 -3.053113e-15 0.9984964 0.05481688 -3.053113e-15 0.9984964 0.05481688 -3.053113e-15 0.9984964 0.05481688 -3.053113e-15 -0.9984964 -0.05481688 3.053113e-15 -0.9984964 -0.05481688 3.053113e-15 -0.9984964 -0.05481688 3.053113e-15 -0.9984964 -0.05481688 3.053113e-15 0 0 0 0 0 0 0.8921317 -0.4517754 4.313216e-14 0.8921317 -0.4517754 4.313216e-14 0.8921317 -0.4517754 4.313216e-14 0.8921317 -0.4517754 4.313216e-14 0.8921317 -0.4517754 4.313216e-14 -0.8921317 0.4517754 -4.313216e-14 -0.8921317 0.4517754 -4.313216e-14 -0.8921317 0.4517754 -4.313216e-14 -0.8921317 0.4517754 -4.313216e-14 -0.8921317 0.4517754 -4.313216e-14 0 0 0 0.8921317 -0.4517754 4.188544e-06 0.8921317 -0.4517754 4.188544e-06 0.8921317 -0.4517754 4.188544e-06 0.8921317 -0.4517754 4.188544e-06 0.8921317 -0.4517754 4.188544e-06 -0.8921317 0.4517754 -4.188544e-06 -0.8921317 0.4517754 -4.188544e-06 -0.8921317 0.4517754 -4.188544e-06 -0.8921317 0.4517754 -4.188544e-06 -0.8921317 0.4517754 -4.188544e-06 0 0 0 0.8921317 -0.4517754 4.188544e-06 0.8921317 -0.4517754 4.188544e-06 0.8921317 -0.4517754 4.188544e-06 0.8921317 -0.4517754 4.188544e-06 0.8921317 -0.4517754 4.188544e-06 -0.8921317 0.4517754 -4.188544e-06 -0.8921317 0.4517754 -4.188544e-06 -0.8921317 0.4517754 -4.188544e-06 -0.8921317 0.4517754 -4.188544e-06 -0.8921317 0.4517754 -4.188544e-06 0.8921317 -0.4517754 -6.733503e-14 0.8921317 -0.4517754 -6.733503e-14 0.8921317 -0.4517754 -6.733503e-14 0.8921317 -0.4517754 -6.733503e-14 0.8921317 -0.4517754 -6.733503e-14 0.8921317 -0.4517754 -6.733503e-14 0.8921317 -0.4517754 -6.733503e-14 0.8921317 -0.4517754 -6.733503e-14 0.8921317 -0.4517754 -6.733503e-14 0.8921317 -0.4517754 -6.733503e-14 -0.8921317 0.4517754 6.733503e-14 -0.8921317 0.4517754 6.733503e-14 -0.8921317 0.4517754 6.733503e-14 -0.8921317 0.4517754 6.733503e-14 -0.8921317 0.4517754 6.733503e-14 -0.8921317 0.4517754 6.733503e-14 -0.8921317 0.4517754 6.733503e-14 -0.8921317 0.4517754 6.733503e-14 -0.8921317 0.4517754 6.733503e-14 -0.8921317 0.4517754 6.733503e-14 0 0 0 0 0 0 0 0 0 0 0 0 0 0 0 0 0 0 0 0 0 0 0 0 0.9984964 0.05481688 5.878631e-14 0.9984964 0.05481688 5.878631e-14 0.9984964 0.05481688 5.878631e-14 0.9984964 0.05481688 5.878631e-14 0.9984964 0.05481688 5.878631e-14 0.9984964 0.05481688 5.878631e-14 -0.9984964 -0.05481688 -5.878631e-14 -0.9984964 -0.05481688 -5.878631e-14 -0.9984964 -0.05481688 -5.878631e-14 -0.9984964 -0.05481688 -5.878631e-14 -0.9984964 -0.05481688 -5.878631e-14 -0.9984964 -0.05481688 -5.878631e-14 0 0 0 0 0 0 0.8921356 -0.4517677 1.708716e-05 0.8921356 -0.4517677 1.708716e-05 0.8921356 -0.4517677 1.708716e-05 -0.8921356 0.4517677 -1.708716e-05 -0.8921356 0.4517677 -1.708716e-05 -0.8921356 0.4517677 -1.708716e-05 0.8921274 -0.451784 -4.28122e-06 0.8921274 -0.451784 -4.28122e-06 0.8921274 -0.451784 -4.28122e-06 0.8921274 -0.451784 -4.28122e-06 -0.8921274 0.451784 4.28122e-06 -0.8921274 0.451784 4.28122e-06 -0.8921274 0.451784 4.28122e-06 -0.8921274 0.451784 4.28122e-06 0.9984964 0.05481688 5.107026e-15 0.9984964 0.05481688 5.107026e-15 0.9984964 0.05481688 5.107026e-15 0.9984964 0.05481688 5.107026e-15 0.9984964 0.05481688 5.107026e-15 -0.9984964 -0.05481688 -5.107026e-15 -0.9984964 -0.05481688 -5.107026e-15 -0.9984964 -0.05481688 -5.107026e-15 -0.9984964 -0.05481688 -5.107026e-15 -0.9984964 -0.05481688 -5.107026e-15 0 0 0 0 0 0</float_array>
                    <technique_common>
                        <accessor count="179" source="#ID260" stride="3">
                            <param name="X" type="float" />
                            <param name="Y" type="float" />
                            <param name="Z" type="float" />
                        </accessor>
                    </technique_common>
                </source>
                <source id="ID255">
                    <Name_array id="ID261" count="0" />
                    <technique_common>
                        <accessor count="0" source="#ID261" stride="1">
                            <param name="skp_material" type="Name" />
                        </accessor>
                    </technique_common>
                </source>
                <vertices id="ID256">
                    <input semantic="POSITION" source="#ID253" />
                    <input semantic="NORMAL" source="#ID254" />
                </vertices>
                <triangles count="108" material="Material2">
                    <input offset="0" semantic="VERTEX" source="#ID256" />
                    <p>0 1 2 1 0 3 3 0 4 3 4 5 6 7 8 7 9 8 8 9 10 11 10 9 18 19 20 19 18 21 19 21 22 22 21 23 23 21 24 25 26 27 27 26 28 28 26 29 26 30 29 31 29 30 37 38 39 38 37 40 40 37 41 40 41 42 40 42 43 40 43 44 44 43 45 45 43 46 46 43 47 47 43 48 49 50 51 51 50 52 52 50 53 53 50 54 54 50 55 50 56 55 56 57 55 57 58 55 55 58 59 60 59 58 69 70 71 70 69 72 73 74 75 76 75 74 79 80 81 80 79 82 82 79 83 84 85 86 86 85 87 88 87 85 90 91 92 91 90 93 93 90 94 95 96 97 97 96 98 99 98 96 101 102 103 102 101 104 104 101 105 106 107 108 108 107 109 110 109 107 101 102 103 102 101 104 104 101 105 106 107 108 108 107 109 110 109 107 111 112 113 112 111 114 113 112 115 111 116 117 116 111 118 118 111 113 118 113 119 119 113 120 121 122 123 123 122 124 122 125 124 124 125 126 127 126 125 128 129 122 130 125 129 122 129 125 139 140 141 140 139 142 142 139 143 143 139 144 145 146 147 147 146 148 148 146 149 150 149 146 153 154 155 156 157 158 153 154 155 156 157 158 159 160 161 160 159 162 163 164 165 166 165 164 159 160 161 160 159 162 163 164 165 166 165 164 167 168 169 169 170 171 170 169 168 172 173 174 175 174 173 173 172 176</p>
                </triangles>
                <lines count="49" material="Material3">
                    <input offset="0" semantic="VERTEX" source="#ID256" />
                    <p>12 13 13 14 15 14 15 16 16 17 12 17 32 33 13 32 12 34 34 35 36 35 33 36 61 62 62 63 63 64 64 65 15 65 33 66 66 67 67 68 68 61 17 77 78 16 77 78 89 34 77 89 35 100 67 100 66 36 62 131 131 132 133 132 133 134 135 134 136 135 137 136 138 137 63 138 138 64 137 151 152 151 65 152 68 100 100 131 61 131 151 177 151 136 135 178 177 178</p>
                </lines>
                <lines count="1" material="Material4">
                    <input offset="0" semantic="VERTEX" source="#ID256" />
                    <p>14 32</p>
                </lines>
            </mesh>
        </geometry>
        <geometry id="ID262">
            <mesh>
                <source id="ID263">
                    <float_array id="ID269" count="201">0.2528056 0.4992212 13.25599 6.726512 13.283 23.72442 0 0 22.54653 6.726512 13.283 21.58098 6.726512 13.283 21.58098 0.2528056 0.4992212 13.25599 6.726512 13.283 23.72442 0 0 22.54653 6.726512 13.283 23.72442 6.726512 13.283 21.58098 0 0 22.54653 0.2528056 0.4992212 13.25599 6.726512 13.283 20.83258 6.726512 13.283 23.72442 6.726512 13.283 21.58098 6.726512 13.283 20.61142 6.002799 26.46552 11.44071 6.00415 26.4409 13.96053 5.935261 27.69573 18.42327 6.726512 13.283 24.34335 6.00415 26.4409 13.96053 6.726512 13.283 23.72442 5.935261 27.69573 18.42327 6.726512 13.283 24.34335 6.002799 26.46552 11.44071 6.726512 13.283 20.61142 6.726512 13.283 20.83258 6.726512 13.283 21.58098 6.726512 13.283 20.83258 6.726512 13.283 20.61142 6.002799 26.46552 11.44071 6.00415 26.4409 13.96053 5.935261 27.69573 18.42327 6.726512 13.283 24.34335 1.935675 3.822425 6.739691 6.516366 12.86802 20.91704 0.2528056 0.4992212 13.25599 3.701394 7.309231 10.80142 6.726512 13.283 18.11024 6.726512 13.283 20.83258 6.726512 13.283 20.61142 6.726512 13.283 20.08419 6.726512 13.283 20.08419 6.726512 13.283 18.11024 6.726512 13.283 20.61142 6.726512 13.283 20.83258 6.516366 12.86802 20.91704 3.701394 7.309231 10.80142 1.935675 3.822425 6.739691 0.2528056 0.4992212 13.25599 6.516366 12.86802 20.91704 1.935675 3.822425 6.739691 3.701394 7.309231 10.80142 6.726512 13.283 18.11024 6.726512 13.283 20.08419 6.397557 19.27496 10.7381 6.726512 13.283 20.08419 6.726512 13.283 18.11024 6.002799 26.46552 11.44071 6.145208 23.87152 6.739691 6.145208 23.87152 6.739691 6.397557 19.27496 10.7381 6.002799 26.46552 11.44071 6.726512 13.283 20.08419 6.726512 13.283 18.11024 6.145208 23.87152 6.739691 6.397557 19.27496 10.7381</float_array>
                    <technique_common>
                        <accessor count="67" source="#ID269" stride="3">
                            <param name="X" type="float" />
                            <param name="Y" type="float" />
                            <param name="Z" type="float" />
                        </accessor>
                    </technique_common>
                </source>
                <source id="ID264">
                    <float_array id="ID270" count="201">0.8921317 -0.4517754 1.773581e-13 0.8921317 -0.4517754 1.773581e-13 0.8921317 -0.4517754 1.773581e-13 0.8921317 -0.4517754 1.773581e-13 -0.8921317 0.4517754 -1.773581e-13 -0.8921317 0.4517754 -1.773581e-13 -0.8921317 0.4517754 -1.773581e-13 -0.8921317 0.4517754 -1.773581e-13 0 0 0 0 0 0 0 0 0 0 0 0 0.9984964 0.05481688 3.969047e-14 0.9984964 0.05481688 3.969047e-14 0.9984964 0.05481688 3.969047e-14 0.9984964 0.05481688 3.969047e-14 0.9984964 0.05481688 3.969047e-14 0.9984964 0.05481688 3.969047e-14 0.9984964 0.05481688 3.969047e-14 0.9984964 0.05481688 3.969047e-14 -0.9984964 -0.05481688 -3.969047e-14 -0.9984964 -0.05481688 -3.969047e-14 -0.9984964 -0.05481688 -3.969047e-14 -0.9984964 -0.05481688 -3.969047e-14 -0.9984964 -0.05481688 -3.969047e-14 -0.9984964 -0.05481688 -3.969047e-14 -0.9984964 -0.05481688 -3.969047e-14 -0.9984964 -0.05481688 -3.969047e-14 0 0 0 0 0 0 0 0 0 0 0 0 0 0 0 0 0 0 0.8921317 -0.4517754 -7.610579e-14 0.8921317 -0.4517754 -7.610579e-14 0.8921317 -0.4517754 -7.610579e-14 0.8921317 -0.4517754 -7.610579e-14 0.8921317 -0.4517754 -7.610579e-14 0.8921317 -0.4517754 -7.610579e-14 0.8921317 -0.4517754 -7.610579e-14 0.8921317 -0.4517754 -7.610579e-14 -0.8921317 0.4517754 7.610579e-14 -0.8921317 0.4517754 7.610579e-14 -0.8921317 0.4517754 7.610579e-14 -0.8921317 0.4517754 7.610579e-14 -0.8921317 0.4517754 7.610579e-14 -0.8921317 0.4517754 7.610579e-14 -0.8921317 0.4517754 7.610579e-14 -0.8921317 0.4517754 7.610579e-14 0 0 0 0 0 0 0 0 0 0 0 0 0 0 0 0.9984964 0.05481688 -2.270406e-14 0.9984964 0.05481688 -2.270406e-14 0.9984964 0.05481688 -2.270406e-14 0.9984964 0.05481688 -2.270406e-14 0.9984964 0.05481688 -2.270406e-14 -0.9984964 -0.05481688 2.270406e-14 -0.9984964 -0.05481688 2.270406e-14 -0.9984964 -0.05481688 2.270406e-14 -0.9984964 -0.05481688 2.270406e-14 -0.9984964 -0.05481688 2.270406e-14 0 0 0 0 0 0</float_array>
                    <technique_common>
                        <accessor count="67" source="#ID270" stride="3">
                            <param name="X" type="float" />
                            <param name="Y" type="float" />
                            <param name="Z" type="float" />
                        </accessor>
                    </technique_common>
                </source>
                <source id="ID265">
                    <Name_array id="ID271" count="0" />
                    <technique_common>
                        <accessor count="0" source="#ID271" stride="1">
                            <param name="skp_material" type="Name" />
                        </accessor>
                    </technique_common>
                </source>
                <vertices id="ID266">
                    <input semantic="POSITION" source="#ID263" />
                    <input semantic="NORMAL" source="#ID264" />
                </vertices>
                <triangles count="34" material="Material2">
                    <input offset="0" semantic="VERTEX" source="#ID266" />
                    <p>0 1 2 1 0 3 4 5 6 7 6 5 12 13 14 13 12 15 13 15 16 13 16 17 13 18 19 18 13 17 20 21 22 23 22 21 20 24 21 24 25 21 25 26 21 27 21 26 34 35 36 35 34 37 35 37 38 35 38 39 39 38 40 40 38 41 42 43 44 44 43 45 45 43 46 43 47 46 47 48 46 49 46 48 55 56 57 56 55 58 58 55 59 60 61 62 62 61 63 64 63 61</p>
                </triangles>
                <lines count="21" material="Material3">
                    <input offset="0" semantic="VERTEX" source="#ID266" />
                    <p>8 9 8 10 10 11 28 29 30 29 31 30 32 31 32 33 33 8 9 28 50 28 50 11 11 51 51 52 52 53 54 53 29 54 30 65 54 30 66 53 65 66</p>
                </lines>
                <lines count="1" material="Material4">
                    <input offset="0" semantic="VERTEX" source="#ID266" />
                    <p>9 11</p>
                </lines>
            </mesh>
        </geometry>
        <geometry id="ID272">
            <mesh>
                <source id="ID273">
                    <float_array id="ID279" count="36">6.516366 12.86802 20.91704 6.726512 13.283 21.58098 0.2528056 0.4992212 13.25599 6.726512 13.283 20.83258 6.726512 13.283 20.83258 6.516366 12.86802 20.91704 6.726512 13.283 21.58098 0.2528056 0.4992212 13.25599 6.726512 13.283 21.58098 0.2528056 0.4992212 13.25599 6.516366 12.86802 20.91704 6.726512 13.283 20.83258</float_array>
                    <technique_common>
                        <accessor count="12" source="#ID279" stride="3">
                            <param name="X" type="float" />
                            <param name="Y" type="float" />
                            <param name="Z" type="float" />
                        </accessor>
                    </technique_common>
                </source>
                <source id="ID274">
                    <float_array id="ID280" count="36">0.8921317 -0.4517754 3.373413e-13 0.8921317 -0.4517754 3.373413e-13 0.8921317 -0.4517754 3.373413e-13 0.8921317 -0.4517754 3.373413e-13 -0.8921317 0.4517754 -3.373413e-13 -0.8921317 0.4517754 -3.373413e-13 -0.8921317 0.4517754 -3.373413e-13 -0.8921317 0.4517754 -3.373413e-13 0 0 0 0 0 0 0 0 0 0 0 0</float_array>
                    <technique_common>
                        <accessor count="12" source="#ID280" stride="3">
                            <param name="X" type="float" />
                            <param name="Y" type="float" />
                            <param name="Z" type="float" />
                        </accessor>
                    </technique_common>
                </source>
                <source id="ID275">
                    <Name_array id="ID281" count="0" />
                    <technique_common>
                        <accessor count="0" source="#ID281" stride="1">
                            <param name="skp_material" type="Name" />
                        </accessor>
                    </technique_common>
                </source>
                <vertices id="ID276">
                    <input semantic="POSITION" source="#ID273" />
                    <input semantic="NORMAL" source="#ID274" />
                </vertices>
                <triangles count="2" material="Material2">
                    <input offset="0" semantic="VERTEX" source="#ID276" />
                    <p>0 1 2 1 0 3</p>
                </triangles>
                <triangles count="2" material="Material3">
                    <input offset="0" semantic="VERTEX" source="#ID276" />
                    <p>4 5 6 7 6 5</p>
                </triangles>
                <lines count="1" material="Material5">
                    <input offset="0" semantic="VERTEX" source="#ID276" />
                    <p>8 9</p>
                </lines>
                <lines count="3" material="Material4">
                    <input offset="0" semantic="VERTEX" source="#ID276" />
                    <p>10 9 10 11 8 11</p>
                </lines>
            </mesh>
        </geometry>
        <geometry id="ID282">
            <mesh>
                <source id="ID283">
                    <float_array id="ID287" count="27">6.726591 13.28296 38.39692 1.847437 3.648178 49.02135 6.726598 13.28296 37.9021 6.726598 13.28296 37.9021 1.847437 3.648178 49.02135 6.726591 13.28296 38.39692 6.726591 13.28296 38.39692 6.726598 13.28296 37.9021 1.847437 3.648178 49.02135</float_array>
                    <technique_common>
                        <accessor count="9" source="#ID287" stride="3">
                            <param name="X" type="float" />
                            <param name="Y" type="float" />
                            <param name="Z" type="float" />
                        </accessor>
                    </technique_common>
                </source>
                <source id="ID284">
                    <float_array id="ID288" count="27">0.8921356 -0.4517677 1.708716e-05 0.8921356 -0.4517677 1.708716e-05 0.8921356 -0.4517677 1.708716e-05 -0.8921356 0.4517677 -1.708716e-05 -0.8921356 0.4517677 -1.708716e-05 -0.8921356 0.4517677 -1.708716e-05 0 0 0 0 0 0 0 0 0</float_array>
                    <technique_common>
                        <accessor count="9" source="#ID288" stride="3">
                            <param name="X" type="float" />
                            <param name="Y" type="float" />
                            <param name="Z" type="float" />
                        </accessor>
                    </technique_common>
                </source>
                <source id="ID285">
                    <Name_array id="ID289" count="0" />
                    <technique_common>
                        <accessor count="0" source="#ID289" stride="1">
                            <param name="skp_material" type="Name" />
                        </accessor>
                    </technique_common>
                </source>
                <vertices id="ID286">
                    <input semantic="POSITION" source="#ID283" />
                    <input semantic="NORMAL" source="#ID284" />
                </vertices>
                <triangles count="1" material="Material2">
                    <input offset="0" semantic="VERTEX" source="#ID286" />
                    <p>0 1 2</p>
                </triangles>
                <triangles count="1" material="Material3">
                    <input offset="0" semantic="VERTEX" source="#ID286" />
                    <p>3 4 5</p>
                </triangles>
                <lines count="3" material="Material4">
                    <input offset="0" semantic="VERTEX" source="#ID286" />
                    <p>6 7 6 8 7 8</p>
                </lines>
            </mesh>
        </geometry>
        <geometry id="ID290">
            <mesh>
                <source id="ID291">
                    <float_array id="ID295" count="36">6.726512 13.283 23.72442 6.516362 12.86802 24.08132 0 0 22.54653 6.726512 13.283 24.34335 6.726512 13.283 24.34335 6.726512 13.283 23.72442 6.516362 12.86802 24.08132 0 0 22.54653 6.516362 12.86802 24.08132 0 0 22.54653 6.726512 13.283 23.72442 6.726512 13.283 24.34335</float_array>
                    <technique_common>
                        <accessor count="12" source="#ID295" stride="3">
                            <param name="X" type="float" />
                            <param name="Y" type="float" />
                            <param name="Z" type="float" />
                        </accessor>
                    </technique_common>
                </source>
                <source id="ID292">
                    <float_array id="ID296" count="36">0.8921317 -0.4517754 -8.250067e-13 0.8921317 -0.4517754 -8.250067e-13 0.8921317 -0.4517754 -8.250067e-13 0.8921317 -0.4517754 -8.250067e-13 -0.8921317 0.4517754 8.250067e-13 -0.8921317 0.4517754 8.250067e-13 -0.8921317 0.4517754 8.250067e-13 -0.8921317 0.4517754 8.250067e-13 0 0 0 0 0 0 0 0 0 0 0 0</float_array>
                    <technique_common>
                        <accessor count="12" source="#ID296" stride="3">
                            <param name="X" type="float" />
                            <param name="Y" type="float" />
                            <param name="Z" type="float" />
                        </accessor>
                    </technique_common>
                </source>
                <source id="ID293">
                    <Name_array id="ID297" count="0" />
                    <technique_common>
                        <accessor count="0" source="#ID297" stride="1">
                            <param name="skp_material" type="Name" />
                        </accessor>
                    </technique_common>
                </source>
                <vertices id="ID294">
                    <input semantic="POSITION" source="#ID291" />
                    <input semantic="NORMAL" source="#ID292" />
                </vertices>
                <triangles count="2" material="Material2">
                    <input offset="0" semantic="VERTEX" source="#ID294" />
                    <p>0 1 2 1 0 3</p>
                </triangles>
                <triangles count="2" material="Material3">
                    <input offset="0" semantic="VERTEX" source="#ID294" />
                    <p>4 5 6 7 6 5</p>
                </triangles>
                <lines count="4" material="Material4">
                    <input offset="0" semantic="VERTEX" source="#ID294" />
                    <p>8 9 10 9 11 10 8 11</p>
                </lines>
            </mesh>
        </geometry>
        <geometry id="ID298">
            <mesh>
                <source id="ID299">
                    <float_array id="ID303" count="27">6.002799 26.46552 11.44071 6.726512 13.283 20.61142 6.726512 13.283 20.08419 6.726512 13.283 20.08419 6.726512 13.283 20.61142 6.002799 26.46552 11.44071 6.726512 13.283 20.08419 6.002799 26.46552 11.44071 6.726512 13.283 20.61142</float_array>
                    <technique_common>
                        <accessor count="9" source="#ID303" stride="3">
                            <param name="X" type="float" />
                            <param name="Y" type="float" />
                            <param name="Z" type="float" />
                        </accessor>
                    </technique_common>
                </source>
                <source id="ID300">
                    <float_array id="ID304" count="27">0.9984964 0.05481688 1.492528e-12 0.9984964 0.05481688 1.492528e-12 0.9984964 0.05481688 1.492528e-12 -0.9984964 -0.05481688 -1.492528e-12 -0.9984964 -0.05481688 -1.492528e-12 -0.9984964 -0.05481688 -1.492528e-12 0 0 0 0 0 0 0 0 0</float_array>
                    <technique_common>
                        <accessor count="9" source="#ID304" stride="3">
                            <param name="X" type="float" />
                            <param name="Y" type="float" />
                            <param name="Z" type="float" />
                        </accessor>
                    </technique_common>
                </source>
                <source id="ID301">
                    <Name_array id="ID305" count="0" />
                    <technique_common>
                        <accessor count="0" source="#ID305" stride="1">
                            <param name="skp_material" type="Name" />
                        </accessor>
                    </technique_common>
                </source>
                <vertices id="ID302">
                    <input semantic="POSITION" source="#ID299" />
                    <input semantic="NORMAL" source="#ID300" />
                </vertices>
                <triangles count="1" material="Material2">
                    <input offset="0" semantic="VERTEX" source="#ID302" />
                    <p>0 1 2</p>
                </triangles>
                <triangles count="1" material="Material3">
                    <input offset="0" semantic="VERTEX" source="#ID302" />
                    <p>3 4 5</p>
                </triangles>
                <lines count="3" material="Material4">
                    <input offset="0" semantic="VERTEX" source="#ID302" />
                    <p>6 7 7 8 8 6</p>
                </lines>
            </mesh>
        </geometry>
        <geometry id="ID306">
            <mesh>
                <source id="ID307">
                    <float_array id="ID311" count="27">6.726512 13.283 30.49313 6.726512 13.283 30.90093 0.6483908 1.280393 36.70925 0.6483908 1.280393 36.70925 6.726512 13.283 30.90093 6.726512 13.283 30.49313 6.726512 13.283 30.90093 0.6483908 1.280393 36.70925 6.726512 13.283 30.49313</float_array>
                    <technique_common>
                        <accessor count="9" source="#ID311" stride="3">
                            <param name="X" type="float" />
                            <param name="Y" type="float" />
                            <param name="Z" type="float" />
                        </accessor>
                    </technique_common>
                </source>
                <source id="ID308">
                    <float_array id="ID312" count="27">0.8921317 -0.4517754 -1.511014e-13 0.8921317 -0.4517754 -1.511014e-13 0.8921317 -0.4517754 -1.511014e-13 -0.8921317 0.4517754 1.511014e-13 -0.8921317 0.4517754 1.511014e-13 -0.8921317 0.4517754 1.511014e-13 0 0 0 0 0 0 0 0 0</float_array>
                    <technique_common>
                        <accessor count="9" source="#ID312" stride="3">
                            <param name="X" type="float" />
                            <param name="Y" type="float" />
                            <param name="Z" type="float" />
                        </accessor>
                    </technique_common>
                </source>
                <source id="ID309">
                    <Name_array id="ID313" count="0" />
                    <technique_common>
                        <accessor count="0" source="#ID313" stride="1">
                            <param name="skp_material" type="Name" />
                        </accessor>
                    </technique_common>
                </source>
                <vertices id="ID310">
                    <input semantic="POSITION" source="#ID307" />
                    <input semantic="NORMAL" source="#ID308" />
                </vertices>
                <triangles count="1" material="Material2">
                    <input offset="0" semantic="VERTEX" source="#ID310" />
                    <p>0 1 2</p>
                </triangles>
                <triangles count="1" material="Material3">
                    <input offset="0" semantic="VERTEX" source="#ID310" />
                    <p>3 4 5</p>
                </triangles>
                <lines count="3" material="Material4">
                    <input offset="0" semantic="VERTEX" source="#ID310" />
                    <p>6 7 8 7 6 8</p>
                </lines>
            </mesh>
        </geometry>
        <geometry id="ID314">
            <mesh>
                <source id="ID315">
                    <float_array id="ID319" count="27">6.726512 13.283 43.74739 4.65216 9.186731 51.50887 6.726512 13.283 43.58905 6.726512 13.283 43.58905 4.65216 9.186731 51.50887 6.726512 13.283 43.74739 6.726512 13.283 43.74739 4.65216 9.186731 51.50887 6.726512 13.283 43.58905</float_array>
                    <technique_common>
                        <accessor count="9" source="#ID319" stride="3">
                            <param name="X" type="float" />
                            <param name="Y" type="float" />
                            <param name="Z" type="float" />
                        </accessor>
                    </technique_common>
                </source>
                <source id="ID316">
                    <float_array id="ID320" count="27">0.8921317 -0.4517754 -3.219092e-13 0.8921317 -0.4517754 -3.219092e-13 0.8921317 -0.4517754 -3.219092e-13 -0.8921317 0.4517754 3.219092e-13 -0.8921317 0.4517754 3.219092e-13 -0.8921317 0.4517754 3.219092e-13 0 0 0 0 0 0 0 0 0</float_array>
                    <technique_common>
                        <accessor count="9" source="#ID320" stride="3">
                            <param name="X" type="float" />
                            <param name="Y" type="float" />
                            <param name="Z" type="float" />
                        </accessor>
                    </technique_common>
                </source>
                <source id="ID317">
                    <Name_array id="ID321" count="0" />
                    <technique_common>
                        <accessor count="0" source="#ID321" stride="1">
                            <param name="skp_material" type="Name" />
                        </accessor>
                    </technique_common>
                </source>
                <vertices id="ID318">
                    <input semantic="POSITION" source="#ID315" />
                    <input semantic="NORMAL" source="#ID316" />
                </vertices>
                <triangles count="1" material="Material2">
                    <input offset="0" semantic="VERTEX" source="#ID318" />
                    <p>0 1 2</p>
                </triangles>
                <triangles count="1" material="Material3">
                    <input offset="0" semantic="VERTEX" source="#ID318" />
                    <p>3 4 5</p>
                </triangles>
                <lines count="3" material="Material4">
                    <input offset="0" semantic="VERTEX" source="#ID318" />
                    <p>6 7 8 7 6 8</p>
                </lines>
            </mesh>
        </geometry>
        <geometry id="ID322">
            <mesh>
                <source id="ID323">
                    <float_array id="ID327" count="27">6.473842 17.88542 51.13871 6.726512 13.283 44.21516 6.726512 13.283 43.92064 6.726512 13.283 43.92064 6.726512 13.283 44.21516 6.473842 17.88542 51.13871 6.473842 17.88542 51.13871 6.726512 13.283 43.92064 6.726512 13.283 44.21516</float_array>
                    <technique_common>
                        <accessor count="9" source="#ID327" stride="3">
                            <param name="X" type="float" />
                            <param name="Y" type="float" />
                            <param name="Z" type="float" />
                        </accessor>
                    </technique_common>
                </source>
                <source id="ID324">
                    <float_array id="ID328" count="27">0.9984964 0.05481688 2.740586e-13 0.9984964 0.05481688 2.740586e-13 0.9984964 0.05481688 2.740586e-13 -0.9984964 -0.05481688 -2.740586e-13 -0.9984964 -0.05481688 -2.740586e-13 -0.9984964 -0.05481688 -2.740586e-13 0 0 0 0 0 0 0 0 0</float_array>
                    <technique_common>
                        <accessor count="9" source="#ID328" stride="3">
                            <param name="X" type="float" />
                            <param name="Y" type="float" />
                            <param name="Z" type="float" />
                        </accessor>
                    </technique_common>
                </source>
                <source id="ID325">
                    <Name_array id="ID329" count="0" />
                    <technique_common>
                        <accessor count="0" source="#ID329" stride="1">
                            <param name="skp_material" type="Name" />
                        </accessor>
                    </technique_common>
                </source>
                <vertices id="ID326">
                    <input semantic="POSITION" source="#ID323" />
                    <input semantic="NORMAL" source="#ID324" />
                </vertices>
                <triangles count="1" material="Material2">
                    <input offset="0" semantic="VERTEX" source="#ID326" />
                    <p>0 1 2</p>
                </triangles>
                <triangles count="1" material="Material3">
                    <input offset="0" semantic="VERTEX" source="#ID326" />
                    <p>3 4 5</p>
                </triangles>
                <lines count="1" material="Material5">
                    <input offset="0" semantic="VERTEX" source="#ID326" />
                    <p>6 7</p>
                </lines>
                <lines count="2" material="Material4">
                    <input offset="0" semantic="VERTEX" source="#ID326" />
                    <p>8 6 8 7</p>
                </lines>
            </mesh>
        </geometry>
        <geometry id="ID330">
            <mesh>
                <source id="ID331">
                    <float_array id="ID335" count="27">6.153327 23.72363 42.22977 6.726512 13.283 29.32703 6.726512 13.283 28.97286 6.726512 13.283 28.97286 6.726512 13.283 29.32703 6.153327 23.72363 42.22977 6.726512 13.283 28.97286 6.153327 23.72363 42.22977 6.726512 13.283 29.32703</float_array>
                    <technique_common>
                        <accessor count="9" source="#ID335" stride="3">
                            <param name="X" type="float" />
                            <param name="Y" type="float" />
                            <param name="Z" type="float" />
                        </accessor>
                    </technique_common>
                </source>
                <source id="ID332">
                    <float_array id="ID336" count="27">0.9984964 0.05481688 4.865552e-13 0.9984964 0.05481688 4.865552e-13 0.9984964 0.05481688 4.865552e-13 -0.9984964 -0.05481688 -4.865552e-13 -0.9984964 -0.05481688 -4.865552e-13 -0.9984964 -0.05481688 -4.865552e-13 0 0 0 0 0 0 0 0 0</float_array>
                    <technique_common>
                        <accessor count="9" source="#ID336" stride="3">
                            <param name="X" type="float" />
                            <param name="Y" type="float" />
                            <param name="Z" type="float" />
                        </accessor>
                    </technique_common>
                </source>
                <source id="ID333">
                    <Name_array id="ID337" count="0" />
                    <technique_common>
                        <accessor count="0" source="#ID337" stride="1">
                            <param name="skp_material" type="Name" />
                        </accessor>
                    </technique_common>
                </source>
                <vertices id="ID334">
                    <input semantic="POSITION" source="#ID331" />
                    <input semantic="NORMAL" source="#ID332" />
                </vertices>
                <triangles count="1" material="Material2">
                    <input offset="0" semantic="VERTEX" source="#ID334" />
                    <p>0 1 2</p>
                </triangles>
                <triangles count="1" material="Material3">
                    <input offset="0" semantic="VERTEX" source="#ID334" />
                    <p>3 4 5</p>
                </triangles>
                <lines count="3" material="Material4">
                    <input offset="0" semantic="VERTEX" source="#ID334" />
                    <p>6 7 8 7 8 6</p>
                </lines>
            </mesh>
        </geometry>
        <geometry id="ID338">
            <mesh>
                <source id="ID339">
                    <float_array id="ID343" count="27">5.924608 27.88978 31.93756 6.726512 13.283 27.37134 6.726512 13.283 27.05315 6.726512 13.283 27.05315 6.726512 13.283 27.37134 5.924608 27.88978 31.93756 6.726512 13.283 27.37134 6.726512 13.283 27.05315 5.924608 27.88978 31.93756</float_array>
                    <technique_common>
                        <accessor count="9" source="#ID343" stride="3">
                            <param name="X" type="float" />
                            <param name="Y" type="float" />
                            <param name="Z" type="float" />
                        </accessor>
                    </technique_common>
                </source>
                <source id="ID340">
                    <float_array id="ID344" count="27">0.9984964 0.05481688 -7.971401e-14 0.9984964 0.05481688 -7.971401e-14 0.9984964 0.05481688 -7.971401e-14 -0.9984964 -0.05481688 7.971401e-14 -0.9984964 -0.05481688 7.971401e-14 -0.9984964 -0.05481688 7.971401e-14 0 0 0 0 0 0 0 0 0</float_array>
                    <technique_common>
                        <accessor count="9" source="#ID344" stride="3">
                            <param name="X" type="float" />
                            <param name="Y" type="float" />
                            <param name="Z" type="float" />
                        </accessor>
                    </technique_common>
                </source>
                <source id="ID341">
                    <Name_array id="ID345" count="0" />
                    <technique_common>
                        <accessor count="0" source="#ID345" stride="1">
                            <param name="skp_material" type="Name" />
                        </accessor>
                    </technique_common>
                </source>
                <vertices id="ID342">
                    <input semantic="POSITION" source="#ID339" />
                    <input semantic="NORMAL" source="#ID340" />
                </vertices>
                <triangles count="1" material="Material2">
                    <input offset="0" semantic="VERTEX" source="#ID342" />
                    <p>0 1 2</p>
                </triangles>
                <triangles count="1" material="Material3">
                    <input offset="0" semantic="VERTEX" source="#ID342" />
                    <p>3 4 5</p>
                </triangles>
                <lines count="3" material="Material4">
                    <input offset="0" semantic="VERTEX" source="#ID342" />
                    <p>6 7 8 7 6 8</p>
                </lines>
            </mesh>
        </geometry>
        <geometry id="ID346">
            <mesh>
                <source id="ID347">
                    <float_array id="ID351" count="27">5.935261 27.69573 18.42327 6.726512 13.283 24.96229 6.726512 13.283 24.34335 6.726512 13.283 24.34335 6.726512 13.283 24.96229 5.935261 27.69573 18.42327 6.726512 13.283 24.96229 6.726512 13.283 24.34335 5.935261 27.69573 18.42327</float_array>
                    <technique_common>
                        <accessor count="9" source="#ID351" stride="3">
                            <param name="X" type="float" />
                            <param name="Y" type="float" />
                            <param name="Z" type="float" />
                        </accessor>
                    </technique_common>
                </source>
                <source id="ID348">
                    <float_array id="ID352" count="27">0.9984964 0.05481688 -1.209643e-12 0.9984964 0.05481688 -1.209643e-12 0.9984964 0.05481688 -1.209643e-12 -0.9984964 -0.05481688 1.209643e-12 -0.9984964 -0.05481688 1.209643e-12 -0.9984964 -0.05481688 1.209643e-12 0 0 0 0 0 0 0 0 0</float_array>
                    <technique_common>
                        <accessor count="9" source="#ID352" stride="3">
                            <param name="X" type="float" />
                            <param name="Y" type="float" />
                            <param name="Z" type="float" />
                        </accessor>
                    </technique_common>
                </source>
                <source id="ID349">
                    <Name_array id="ID353" count="0" />
                    <technique_common>
                        <accessor count="0" source="#ID353" stride="1">
                            <param name="skp_material" type="Name" />
                        </accessor>
                    </technique_common>
                </source>
                <vertices id="ID350">
                    <input semantic="POSITION" source="#ID347" />
                    <input semantic="NORMAL" source="#ID348" />
                </vertices>
                <triangles count="1" material="Material2">
                    <input offset="0" semantic="VERTEX" source="#ID350" />
                    <p>0 1 2</p>
                </triangles>
                <triangles count="1" material="Material3">
                    <input offset="0" semantic="VERTEX" source="#ID350" />
                    <p>3 4 5</p>
                </triangles>
                <lines count="3" material="Material4">
                    <input offset="0" semantic="VERTEX" source="#ID350" />
                    <p>6 7 8 7 6 8</p>
                </lines>
            </mesh>
        </geometry>
        <geometry id="ID354">
            <mesh>
                <source id="ID355">
                    <float_array id="ID357" count="27">6.573666 13.30313 18.11024 6.573666 13.30313 20.08419 6.726512 13.283 18.11024 6.573666 13.30313 21.58098 6.573666 13.30313 23.72442 6.573666 13.30313 24.96229 6.573666 13.30313 27.37134 6.573666 13.30313 28.97286 6.573666 13.30313 30.90093</float_array>
                    <technique_common>
                        <accessor count="9" source="#ID357" stride="3">
                            <param name="X" type="float" />
                            <param name="Y" type="float" />
                            <param name="Z" type="float" />
                        </accessor>
                    </technique_common>
                </source>
                <vertices id="ID356">
                    <input semantic="POSITION" source="#ID355" />
                </vertices>
                <lines count="8" material="Material2">
                    <input offset="0" semantic="VERTEX" source="#ID356" />
                    <p>1 0 0 2 3 1 4 3 5 4 6 5 7 6 8 7</p>
                </lines>
            </mesh>
        </geometry>
        <geometry id="ID366">
            <mesh>
                <source id="ID372">
                    <float_array id="ID384" count="216">3.036583 4.903418 94.88189 2.959181 6.404102 94.88189 2.899098 5.648665 94.88189 3.212738 7.118247 94.88189 3.362268 4.219149 94.88189 3.64249 7.742433 94.88189 3.853957 3.64249 94.88189 4.219149 8.234122 94.88189 4.478143 3.212738 94.88189 4.903418 8.559807 94.88189 5.192289 2.959181 94.88189 5.648665 8.697293 94.88189 5.947725 2.899098 94.88189 6.404102 8.63721 94.88189 6.692972 3.036583 94.88189 7.118247 8.383652 94.88189 7.377241 3.362268 94.88189 7.742433 7.953901 94.88189 7.953901 3.853957 94.88189 8.234122 7.377241 94.88189 8.383652 4.478143 94.88189 8.559807 6.692972 94.88189 8.63721 5.192289 94.88189 8.697293 5.947725 94.88189 8.697293 5.947725 94.88189 8.63721 5.192289 94.88189 8.559807 6.692972 94.88189 8.383652 4.478143 94.88189 8.234122 7.377241 94.88189 7.953901 3.853957 94.88189 7.742433 7.953901 94.88189 7.377241 3.362268 94.88189 7.118247 8.383652 94.88189 6.692972 3.036583 94.88189 6.404102 8.63721 94.88189 5.947725 2.899098 94.88189 5.648665 8.697293 94.88189 5.192289 2.959181 94.88189 4.903418 8.559807 94.88189 4.478143 3.212738 94.88189 4.219149 8.234122 94.88189 3.853957 3.64249 94.88189 3.64249 7.742433 94.88189 3.362268 4.219149 94.88189 3.212738 7.118247 94.88189 3.036583 4.903418 94.88189 2.959181 6.404102 94.88189 2.899098 5.648665 94.88189 3.036583 4.903418 94.88189 3.362268 4.219149 94.88189 3.853957 3.64249 94.88189 4.478143 3.212738 94.88189 5.192289 2.959181 94.88189 5.947725 2.899098 94.88189 6.692972 3.036583 94.88189 7.377241 3.362268 94.88189 7.953901 3.853957 94.88189 8.383652 4.478143 94.88189 8.63721 5.192289 94.88189 8.697293 5.947725 94.88189 8.559807 6.692972 94.88189 8.234122 7.377241 94.88189 7.742433 7.953901 94.88189 7.118247 8.383652 94.88189 6.404102 8.63721 94.88189 5.648665 8.697293 94.88189 4.903418 8.559807 94.88189 4.219149 8.234122 94.88189 3.64249 7.742433 94.88189 3.212738 7.118247 94.88189 2.959181 6.404102 94.88189 2.899098 5.648665 94.88189</float_array>
                    <technique_common>
                        <accessor count="72" source="#ID384" stride="3">
                            <param name="X" type="float" />
                            <param name="Y" type="float" />
                            <param name="Z" type="float" />
                        </accessor>
                    </technique_common>
                </source>
                <source id="ID373">
                    <float_array id="ID385" count="216">0 0 1 0 0 1 0 0 1 0 0 1 0 0 1 0 0 1 0 0 1 0 0 1 0 0 1 0 0 1 0 0 1 0 0 1 0 0 1 0 0 1 0 0 1 0 0 1 0 0 1 0 0 1 0 0 1 0 0 1 0 0 1 0 0 1 0 0 1 0 0 1 -0 -0 -1 -0 -0 -1 -0 -0 -1 -0 -0 -1 -0 -0 -1 -0 -0 -1 -0 -0 -1 -0 -0 -1 -0 -0 -1 -0 -0 -1 -0 -0 -1 -0 -0 -1 -0 -0 -1 -0 -0 -1 -0 -0 -1 -0 -0 -1 -0 -0 -1 -0 -0 -1 -0 -0 -1 -0 -0 -1 -0 -0 -1 -0 -0 -1 -0 -0 -1 -0 -0 -1 0 0 0 0 0 0 0 0 0 0 0 0 0 0 0 0 0 0 0 0 0 0 0 0 0 0 0 0 0 0 0 0 0 0 0 0 0 0 0 0 0 0 0 0 0 0 0 0 0 0 0 0 0 0 0 0 0 0 0 0 0 0 0 0 0 0 0 0 0 0 0 0</float_array>
                    <technique_common>
                        <accessor count="72" source="#ID385" stride="3">
                            <param name="X" type="float" />
                            <param name="Y" type="float" />
                            <param name="Z" type="float" />
                        </accessor>
                    </technique_common>
                </source>
                <source id="ID374">
                    <Name_array id="ID387" count="0" />
                    <technique_common>
                        <accessor count="0" source="#ID387" stride="1">
                            <param name="skp_material" type="Name" />
                        </accessor>
                    </technique_common>
                </source>
                <source id="ID376">
                    <float_array id="ID386" count="96">43.31726 -19.52495 43.31485 -19.47806 43.31297 -19.50166 43.32277 -19.45574 43.32744 -19.54634 43.3362 -19.43623 43.34281 -19.56436 43.35422 -19.42087 43.36231 -19.57779 43.3756 -19.41069 43.38463 -19.58571 43.39889 -19.40639 43.40824 -19.58759 43.4225 -19.40827 43.43153 -19.58329 43.44482 -19.4162 43.45291 -19.57311 43.46432 -19.42962 43.47093 -19.55775 43.47969 -19.44765 43.48436 -19.53824 43.48987 -19.46903 43.49228 -19.51593 43.49416 -19.49232 0.3953315 0.3632199 0.3926004 0.3170863 0.3890821 0.4087311 0.3810751 0.2734744 0.3742783 0.4505185 0.3615409 0.2353562 0.3519288 0.4857344 0.3353291 0.2053294 0.3235567 0.5119788 0.304226 0.1854402 0.2910955 0.5274632 0.2703512 0.1770441 0.2567575 0.5311324 0.2360131 0.1807133 0.2228827 0.5227363 0.203552 0.1961977 0.1917795 0.5028472 0.1751799 0.2224421 0.1655677 0.4728203 0.1528304 0.257658 0.1460335 0.4347021 0.1380265 0.2994454 0.1345082 0.3910902 0.1317772 0.3449566</float_array>
                    <technique_common>
                        <accessor count="48" source="#ID386" stride="2">
                            <param name="S" type="float" />
                            <param name="T" type="float" />
                        </accessor>
                    </technique_common>
                </source>
                <vertices id="ID375">
                    <input semantic="POSITION" source="#ID372" />
                    <input semantic="NORMAL" source="#ID373" />
                </vertices>
                <triangles count="22" material="Material2">
                    <input offset="0" semantic="VERTEX" source="#ID375" />
                    <input offset="1" semantic="TEXCOORD" source="#ID376" />
                    <p>0 0 1 1 2 2 1 1 0 0 3 3 3 3 0 0 4 4 3 3 4 4 5 5 5 5 4 4 6 6 5 5 6 6 7 7 7 7 6 6 8 8 7 7 8 8 9 9 9 9 8 8 10 10 9 9 10 10 11 11 11 11 10 10 12 12 11 11 12 12 13 13 13 13 12 12 14 14 13 13 14 14 15 15 15 15 14 14 16 16 15 15 16 16 17 17 17 17 16 16 18 18 17 17 18 18 19 19 19 19 18 18 20 20 19 19 20 20 21 21 21 21 20 20 22 22 21 21 22 22 23 23</p>
                </triangles>
                <triangles count="22" material="Material3">
                    <input offset="0" semantic="VERTEX" source="#ID375" />
                    <input offset="1" semantic="TEXCOORD" source="#ID376" />
                    <p>24 24 25 25 26 26 25 25 27 27 26 26 26 26 27 27 28 28 27 27 29 29 28 28 28 28 29 29 30 30 29 29 31 31 30 30 30 30 31 31 32 32 31 31 33 33 32 32 32 32 33 33 34 34 33 33 35 35 34 34 34 34 35 35 36 36 35 35 37 37 36 36 36 36 37 37 38 38 37 37 39 39 38 38 38 38 39 39 40 40 39 39 41 41 40 40 40 40 41 41 42 42 41 41 43 43 42 42 42 42 43 43 44 44 43 43 45 45 44 44 44 44 45 45 46 46 47 47 46 46 45 45</p>
                </triangles>
                <lines count="24" material="Material4">
                    <input offset="0" semantic="VERTEX" source="#ID375" />
                    <p>48 49 49 50 50 51 51 52 52 53 53 54 54 55 55 56 56 57 57 58 58 59 59 60 60 61 61 62 62 63 63 64 64 65 65 66 66 67 67 68 68 69 69 70 70 71 71 48</p>
                </lines>
            </mesh>
        </geometry>
        <geometry id="ID388">
            <mesh>
                <source id="ID389">
                    <float_array id="ID394" count="216">0.1201662 7.010008 1.776357e-15 0.2749713 4.008642 1.776357e-15 0 5.499135 1.776357e-15 0.6272806 8.438299 1.776357e-15 0.9263411 2.640104 1.776357e-15 1.486784 9.686671 1.776357e-15 1.90972 1.486784 1.776357e-15 2.640104 10.67005 1.776357e-15 3.158092 0.6272806 1.776357e-15 4.008642 11.32142 1.776357e-15 4.586382 0.1201662 1.776357e-15 5.499135 11.59639 1.776357e-15 6.097256 0 1.776357e-15 7.010008 11.47622 1.776357e-15 7.587749 0.2749713 1.776357e-15 8.438299 10.96911 1.776357e-15 8.956287 0.9263411 1.776357e-15 9.686671 10.10961 1.776357e-15 10.10961 1.90972 1.776357e-15 10.67005 8.956287 1.776357e-15 10.96911 3.158092 1.776357e-15 11.32142 7.587749 1.776357e-15 11.47622 4.586382 1.776357e-15 11.59639 6.097256 1.776357e-15 11.59639 6.097256 1.776357e-15 11.32142 7.587749 1.776357e-15 11.47622 4.586382 1.776357e-15 10.96911 3.158092 1.776357e-15 10.67005 8.956287 1.776357e-15 10.10961 1.90972 1.776357e-15 9.686671 10.10961 1.776357e-15 8.956287 0.9263411 1.776357e-15 8.438299 10.96911 1.776357e-15 7.587749 0.2749713 1.776357e-15 7.010008 11.47622 1.776357e-15 6.097256 0 1.776357e-15 5.499135 11.59639 1.776357e-15 4.586382 0.1201662 1.776357e-15 4.008642 11.32142 1.776357e-15 3.158092 0.6272806 1.776357e-15 2.640104 10.67005 1.776357e-15 1.90972 1.486784 1.776357e-15 1.486784 9.686671 1.776357e-15 0.9263411 2.640104 1.776357e-15 0.6272806 8.438299 1.776357e-15 0.2749713 4.008642 1.776357e-15 0.1201662 7.010008 1.776357e-15 0 5.499135 1.776357e-15 0.2749713 4.008642 1.776357e-15 0.9263411 2.640104 1.776357e-15 0 5.499135 1.776357e-15 0.1201662 7.010008 1.776357e-15 0.6272806 8.438299 1.776357e-15 1.486784 9.686671 1.776357e-15 2.640104 10.67005 1.776357e-15 4.008642 11.32142 1.776357e-15 5.499135 11.59639 1.776357e-15 7.010008 11.47622 1.776357e-15 8.438299 10.96911 1.776357e-15 9.686671 10.10961 1.776357e-15 10.67005 8.956287 1.776357e-15 11.32142 7.587749 1.776357e-15 11.59639 6.097256 1.776357e-15 11.47622 4.586382 1.776357e-15 10.96911 3.158092 1.776357e-15 10.10961 1.90972 1.776357e-15 8.956287 0.9263411 1.776357e-15 7.587749 0.2749713 1.776357e-15 6.097256 0 1.776357e-15 4.586382 0.1201662 1.776357e-15 3.158092 0.6272806 1.776357e-15 1.90972 1.486784 1.776357e-15</float_array>
                    <technique_common>
                        <accessor count="72" source="#ID394" stride="3">
                            <param name="X" type="float" />
                            <param name="Y" type="float" />
                            <param name="Z" type="float" />
                        </accessor>
                    </technique_common>
                </source>
                <source id="ID390">
                    <float_array id="ID395" count="216">0 0 -1 0 0 -1 0 0 -1 0 0 -1 0 0 -1 0 0 -1 0 0 -1 0 0 -1 0 0 -1 0 0 -1 0 0 -1 0 0 -1 0 0 -1 0 0 -1 0 0 -1 0 0 -1 0 0 -1 0 0 -1 0 0 -1 0 0 -1 0 0 -1 0 0 -1 0 0 -1 0 0 -1 -0 -0 1 -0 -0 1 -0 -0 1 -0 -0 1 -0 -0 1 -0 -0 1 -0 -0 1 -0 -0 1 -0 -0 1 -0 -0 1 -0 -0 1 -0 -0 1 -0 -0 1 -0 -0 1 -0 -0 1 -0 -0 1 -0 -0 1 -0 -0 1 -0 -0 1 -0 -0 1 -0 -0 1 -0 -0 1 -0 -0 1 -0 -0 1 0 0 0 0 0 0 0 0 0 0 0 0 0 0 0 0 0 0 0 0 0 0 0 0 0 0 0 0 0 0 0 0 0 0 0 0 0 0 0 0 0 0 0 0 0 0 0 0 0 0 0 0 0 0 0 0 0 0 0 0 0 0 0 0 0 0 0 0 0 0 0 0</float_array>
                    <technique_common>
                        <accessor count="72" source="#ID395" stride="3">
                            <param name="X" type="float" />
                            <param name="Y" type="float" />
                            <param name="Z" type="float" />
                        </accessor>
                    </technique_common>
                </source>
                <source id="ID391">
                    <Name_array id="ID397" count="0" />
                    <technique_common>
                        <accessor count="0" source="#ID397" stride="1">
                            <param name="skp_material" type="Name" />
                        </accessor>
                    </technique_common>
                </source>
                <source id="ID393">
                    <float_array id="ID396" count="48">-0.005462098 0.4280921 -0.01249869 0.2448025 0 0.335825 -0.02851276 0.515316 -0.04210641 0.1612277 -0.06758111 0.5915524 -0.08680544 0.09079599 -0.1200047 0.6516061 -0.1435496 0.03830721 -0.182211 0.6913844 -0.2084719 0.007338392 -0.2499607 0.7081765 -0.277148 0 -0.3186367 0.7008381 -0.3448977 0.01679214 -0.383559 0.6698693 -0.4071039 0.05657045 -0.4403032 0.6173805 -0.4595275 0.1166241 -0.4850022 0.5469488 -0.4985959 0.1928606 -0.51461 0.463374 -0.5216466 0.2800844 -0.5271087 0.3723515</float_array>
                    <technique_common>
                        <accessor count="24" source="#ID396" stride="2">
                            <param name="S" type="float" />
                            <param name="T" type="float" />
                        </accessor>
                    </technique_common>
                </source>
                <vertices id="ID392">
                    <input semantic="POSITION" source="#ID389" />
                    <input semantic="NORMAL" source="#ID390" />
                </vertices>
                <triangles count="44" material="Material2">
                    <input offset="0" semantic="VERTEX" source="#ID392" />
                    <input offset="1" semantic="TEXCOORD" source="#ID393" />
                    <p>0 0 1 1 2 2 1 1 0 0 3 3 1 1 3 3 4 4 4 4 3 3 5 5 4 4 5 5 6 6 6 6 5 5 7 7 6 6 7 7 8 8 8 8 7 7 9 9 8 8 9 9 10 10 10 10 9 9 11 11 10 10 11 11 12 12 12 12 11 11 13 13 12 12 13 13 14 14 14 14 13 13 15 15 14 14 15 15 16 16 16 16 15 15 17 17 16 16 17 17 18 18 18 18 17 17 19 19 18 18 19 19 20 20 20 20 19 19 21 21 20 20 21 21 22 22 22 22 21 21 23 23 24 23 25 21 26 22 26 22 25 21 27 20 25 21 28 19 27 20 27 20 28 19 29 18 28 19 30 17 29 18 29 18 30 17 31 16 30 17 32 15 31 16 31 16 32 15 33 14 32 15 34 13 33 14 33 14 34 13 35 12 34 13 36 11 35 12 35 12 36 11 37 10 36 11 38 9 37 10 37 10 38 9 39 8 38 9 40 7 39 8 39 8 40 7 41 6 40 7 42 5 41 6 41 6 42 5 43 4 42 5 44 3 43 4 43 4 44 3 45 1 44 3 46 0 45 1 47 2 45 1 46 0</p>
                </triangles>
                <lines count="24" material="Material3">
                    <input offset="0" semantic="VERTEX" source="#ID392" />
                    <p>48 49 50 48 51 50 52 51 53 52 54 53 55 54 56 55 57 56 58 57 59 58 60 59 61 60 62 61 63 62 64 63 65 64 66 65 67 66 68 67 69 68 70 69 71 70 49 71</p>
                </lines>
            </mesh>
        </geometry>
        <geometry id="ID398">
            <mesh>
                <source id="ID404">
                    <float_array id="ID409" count="432">5.648665 8.697293 94.88189 5.499135 11.59639 1.776357e-15 4.903418 8.559807 94.88189 4.903418 8.559807 94.88189 5.499135 11.59639 1.776357e-15 5.648665 8.697293 94.88189 5.648665 8.697293 94.88189 5.499135 11.59639 1.776357e-15 4.903418 8.559807 94.88189 7.010008 11.47622 1.776357e-15 7.010008 11.47622 1.776357e-15 7.010008 11.47622 1.776357e-15 4.008642 11.32142 1.776357e-15 4.008642 11.32142 1.776357e-15 4.008642 11.32142 1.776357e-15 6.404102 8.63721 94.88189 6.404102 8.63721 94.88189 6.404102 8.63721 94.88189 4.219149 8.234122 94.88189 4.219149 8.234122 94.88189 4.219149 8.234122 94.88189 8.438299 10.96911 1.776357e-15 8.438299 10.96911 1.776357e-15 8.438299 10.96911 1.776357e-15 2.640104 10.67005 1.776357e-15 2.640104 10.67005 1.776357e-15 2.640104 10.67005 1.776357e-15 7.118247 8.383652 94.88189 7.118247 8.383652 94.88189 7.118247 8.383652 94.88189 3.64249 7.742433 94.88189 3.64249 7.742433 94.88189 3.64249 7.742433 94.88189 9.686671 10.10961 1.776357e-15 9.686671 10.10961 1.776357e-15 9.686671 10.10961 1.776357e-15 1.486784 9.686671 1.776357e-15 1.486784 9.686671 1.776357e-15 1.486784 9.686671 1.776357e-15 7.742433 7.953901 94.88189 7.742433 7.953901 94.88189 7.742433 7.953901 94.88189 0.6272806 8.438299 1.776357e-15 0.6272806 8.438299 1.776357e-15 0.6272806 8.438299 1.776357e-15 8.234122 7.377241 94.88189 8.234122 7.377241 94.88189 8.234122 7.377241 94.88189 3.212738 7.118247 94.88189 3.212738 7.118247 94.88189 3.212738 7.118247 94.88189 10.67005 8.956287 1.776357e-15 10.67005 8.956287 1.776357e-15 10.67005 8.956287 1.776357e-15 0.1201662 7.010008 1.776357e-15 0.1201662 7.010008 1.776357e-15 0.1201662 7.010008 1.776357e-15 8.559807 6.692972 94.88189 8.559807 6.692972 94.88189 8.559807 6.692972 94.88189 2.959181 6.404102 94.88189 2.959181 6.404102 94.88189 2.959181 6.404102 94.88189 11.32142 7.587749 1.776357e-15 11.32142 7.587749 1.776357e-15 11.32142 7.587749 1.776357e-15 0 5.499135 1.776357e-15 0 5.499135 1.776357e-15 0 5.499135 1.776357e-15 8.697293 5.947725 94.88189 8.697293 5.947725 94.88189 8.697293 5.947725 94.88189 2.899098 5.648665 94.88189 2.899098 5.648665 94.88189 2.899098 5.648665 94.88189 11.59639 6.097256 1.776357e-15 11.59639 6.097256 1.776357e-15 11.59639 6.097256 1.776357e-15 0.2749713 4.008642 1.776357e-15 0.2749713 4.008642 1.776357e-15 0.2749713 4.008642 1.776357e-15 8.63721 5.192289 94.88189 8.63721 5.192289 94.88189 8.63721 5.192289 94.88189 3.036583 4.903418 94.88189 3.036583 4.903418 94.88189 3.036583 4.903418 94.88189 11.47622 4.586382 1.776357e-15 11.47622 4.586382 1.776357e-15 11.47622 4.586382 1.776357e-15 0.9263411 2.640104 1.776357e-15 0.9263411 2.640104 1.776357e-15 0.9263411 2.640104 1.776357e-15 8.383652 4.478143 94.88189 8.383652 4.478143 94.88189 8.383652 4.478143 94.88189 3.362268 4.219149 94.88189 3.362268 4.219149 94.88189 3.362268 4.219149 94.88189 10.96911 3.158092 1.776357e-15 10.96911 3.158092 1.776357e-15 10.96911 3.158092 1.776357e-15 1.90972 1.486784 1.776357e-15 1.90972 1.486784 1.776357e-15 1.90972 1.486784 1.776357e-15 7.953901 3.853957 94.88189 7.953901 3.853957 94.88189 7.953901 3.853957 94.88189 3.853957 3.64249 94.88189 3.853957 3.64249 94.88189 3.853957 3.64249 94.88189 10.10961 1.90972 1.776357e-15 10.10961 1.90972 1.776357e-15 10.10961 1.90972 1.776357e-15 4.478143 3.212738 94.88189 4.478143 3.212738 94.88189 4.478143 3.212738 94.88189 8.956287 0.9263411 1.776357e-15 8.956287 0.9263411 1.776357e-15 8.956287 0.9263411 1.776357e-15 3.158092 0.6272806 1.776357e-15 3.158092 0.6272806 1.776357e-15 3.158092 0.6272806 1.776357e-15 7.377241 3.362268 94.88189 7.377241 3.362268 94.88189 7.377241 3.362268 94.88189 5.192289 2.959181 94.88189 5.192289 2.959181 94.88189 5.192289 2.959181 94.88189 7.587749 0.2749713 1.776357e-15 7.587749 0.2749713 1.776357e-15 7.587749 0.2749713 1.776357e-15 4.586382 0.1201662 1.776357e-15 4.586382 0.1201662 1.776357e-15 4.586382 0.1201662 1.776357e-15 6.692972 3.036583 94.88189 6.692972 3.036583 94.88189 6.692972 3.036583 94.88189 5.947725 2.899098 94.88189 5.947725 2.899098 94.88189 5.947725 2.899098 94.88189 6.097256 0 1.776357e-15 6.097256 0 1.776357e-15 6.097256 0 1.776357e-15</float_array>
                    <technique_common>
                        <accessor count="144" source="#ID409" stride="3">
                            <param name="X" type="float" />
                            <param name="Y" type="float" />
                            <param name="Z" type="float" />
                        </accessor>
                    </technique_common>
                </source>
                <source id="ID405">
                    <float_array id="ID410" count="432">-0.05148564 0.9982054 0.03058111 -0.05148564 0.9982054 0.03058111 -0.3080859 0.9508669 0.03058111 0.3080859 -0.9508669 -0.03058111 0.05148564 -0.9982054 -0.03058111 0.05148564 -0.9982054 -0.03058111 0 0 0 0 0 0 0 0 0 0.2086233 0.9775178 0.03058111 -0.2086233 -0.9775178 -0.03058111 0 0 0 -0.3080859 0.9508669 0.03058111 0.3080859 -0.9508669 -0.03058111 0 0 0 0.2086233 0.9775178 0.03058111 -0.2086233 -0.9775178 -0.03058111 0 0 0 -0.5436906 0.8387284 0.03058111 0.5436906 -0.8387284 -0.03058111 0 0 0 0.4545148 0.8902141 0.03058111 -0.4545148 -0.8902141 -0.03058111 0 0 0 -0.5436906 0.8387284 0.03058111 0.5436906 -0.8387284 -0.03058111 0 0 0 0.4545148 0.8902141 0.03058111 -0.4545148 -0.8902141 -0.03058111 0 0 0 -0.7422437 0.669432 0.03058111 0.7422437 -0.669432 -0.03058111 0 0 0 0.669432 0.7422437 0.03058111 -0.669432 -0.7422437 -0.03058111 0 0 0 -0.7422437 0.669432 0.03058111 0.7422437 -0.669432 -0.03058111 0 0 0 0.669432 0.7422437 0.03058111 -0.669432 -0.7422437 -0.03058111 0 0 0 -0.8902141 0.4545148 0.03058111 0.8902141 -0.4545148 -0.03058111 0 0 0 0.8387284 0.5436906 0.03058111 -0.8387284 -0.5436906 -0.03058111 0 0 0 -0.8902141 0.4545148 0.03058111 0.8902141 -0.4545148 -0.03058111 0 0 0 0.8387284 0.5436906 0.03058111 -0.8387284 -0.5436906 -0.03058111 0 0 0 -0.9775178 0.2086233 0.03058111 0.9775178 -0.2086233 -0.03058111 0 0 0 0.9508669 0.3080859 0.03058111 -0.9508669 -0.3080859 -0.03058111 0 0 0 -0.9775178 0.2086233 0.03058111 0.9775178 -0.2086233 -0.03058111 0 0 0 0.9508669 0.3080859 0.03058111 -0.9508669 -0.3080859 -0.03058111 0 0 0 -0.9982054 -0.05148564 0.03058111 0.9982054 0.05148564 -0.03058111 0 0 0 0.9982054 0.05148564 0.03058111 -0.9982054 -0.05148564 -0.03058111 0 0 0 -0.9982054 -0.05148564 0.03058111 0.9982054 0.05148564 -0.03058111 0 0 0 0.9982054 0.05148564 0.03058111 -0.9982054 -0.05148564 -0.03058111 0 0 0 -0.9508669 -0.3080859 0.03058111 0.9508669 0.3080859 -0.03058111 0 0 0 0.9775178 -0.2086233 0.03058111 -0.9775178 0.2086233 -0.03058111 0 0 0 -0.9508669 -0.3080859 0.03058111 0.9508669 0.3080859 -0.03058111 0 0 0 0.9775178 -0.2086233 0.03058111 -0.9775178 0.2086233 -0.03058111 0 0 0 -0.8387284 -0.5436906 0.03058111 0.8387284 0.5436906 -0.03058111 0 0 0 0.8902141 -0.4545148 0.03058111 -0.8902141 0.4545148 -0.03058111 0 0 0 -0.8387284 -0.5436906 0.03058111 0.8387284 0.5436906 -0.03058111 0 0 0 0.8902141 -0.4545148 0.03058111 -0.8902141 0.4545148 -0.03058111 0 0 0 -0.669432 -0.7422437 0.03058111 0.669432 0.7422437 -0.03058111 0 0 0 0.7422437 -0.669432 0.03058111 -0.7422437 0.669432 -0.03058111 0 0 0 -0.669432 -0.7422437 0.03058111 0.669432 0.7422437 -0.03058111 0 0 0 0.7422437 -0.669432 0.03058111 -0.7422437 0.669432 -0.03058111 0 0 0 -0.4545148 -0.8902141 0.03058111 0.4545148 0.8902141 -0.03058111 0 0 0 0.5436906 -0.8387284 0.03058111 -0.5436906 0.8387284 -0.03058111 0 0 0 -0.4545148 -0.8902141 0.03058111 0.4545148 0.8902141 -0.03058111 0 0 0 0.5436906 -0.8387284 0.03058111 -0.5436906 0.8387284 -0.03058111 0 0 0 -0.2086233 -0.9775178 0.03058111 0.2086233 0.9775178 -0.03058111 0 0 0 0.3080859 -0.9508669 0.03058111 -0.3080859 0.9508669 -0.03058111 0 0 0 -0.2086233 -0.9775178 0.03058111 0.2086233 0.9775178 -0.03058111 0 0 0 0.3080859 -0.9508669 0.03058111 -0.3080859 0.9508669 -0.03058111 0 0 0 0.05148564 -0.9982054 0.03058111 -0.05148564 0.9982054 -0.03058111 0 0 0 0.05148564 -0.9982054 0.03058111 -0.05148564 0.9982054 -0.03058111 0 0 0</float_array>
                    <technique_common>
                        <accessor count="144" source="#ID410" stride="3">
                            <param name="X" type="float" />
                            <param name="Y" type="float" />
                            <param name="Z" type="float" />
                        </accessor>
                    </technique_common>
                </source>
                <source id="ID406">
                    <Name_array id="ID412" count="0" />
                    <technique_common>
                        <accessor count="0" source="#ID412" stride="1">
                            <param name="skp_material" type="Name" />
                        </accessor>
                    </technique_common>
                </source>
                <source id="ID408">
                    <float_array id="ID411" count="576">-0.03623466 0.7476294 -0.03815953 -0.002493276 -0.03238492 0.7476294 -0.289772 5.777711 -0.3414417 -0.01926814 -0.3242185 5.777711 -0.02510195 0.7472485 -0.03087655 -0.002874131 -0.02317708 -0.002874131 -0.2073826 -0.0222114 -0.2762755 -0.0222114 -0.2246058 5.774768 -0.03238492 0.7476294 -0.03815953 -0.002493276 -0.03046005 -0.002493276 -0.2725488 -0.01926814 -0.3414417 -0.01926814 -0.289772 5.777711 -0.02895169 0.7472485 -0.03087655 -0.002874131 -0.02510195 0.7472485 -0.2246058 5.774768 -0.2762755 -0.0222114 -0.2590523 5.774768 -0.04117948 0.7480862 -0.04310435 -0.002036495 -0.03732974 0.7480862 -0.334017 5.781241 -0.3856867 -0.01573812 -0.3684635 5.781241 -0.01597714 0.7469695 -0.02175175 -0.003153106 -0.01405227 -0.003153106 -0.1257361 -0.02436733 -0.1946291 -0.02436733 -0.1429594 5.772612 -0.03732974 0.7480862 -0.04310435 -0.002036495 -0.03540487 -0.002036495 -0.3167938 -0.01573812 -0.3856867 -0.01573812 -0.334017 5.781241 -0.01982688 0.7469695 -0.02175175 -0.003153106 -0.01597714 0.7469695 -0.1429594 5.772612 -0.1946291 -0.02436733 -0.1774059 5.772612 -0.04344916 0.7485877 -0.04537403 -0.001534918 -0.03959943 0.7485877 -0.3543256 5.785117 -0.4059953 -0.01186191 -0.388772 5.785117 -0.00563234 0.7468115 -0.01140695 -0.003311189 -0.003707471 -0.003311189 -0.03317351 -0.025589 -0.1020664 -0.025589 -0.05039674 5.77139 -0.03959943 0.7485877 -0.04537403 -0.001534918 -0.03767456 -0.001534918 -0.3371023 -0.01186191 -0.4059953 -0.01186191 -0.3543256 5.785117 -0.009482078 0.7468115 -0.01140695 -0.003311189 -0.00563234 0.7468115 -0.05039674 5.77139 -0.1020664 -0.025589 -0.08484321 5.77139 -0.0448139 -0.001022726 -0.03711443 -0.001022726 -0.04288903 0.7490999 -0.3837601 5.789075 -0.3320904 -0.007903668 -0.4009834 -0.007903668 0.00715234 -0.003337607 0.005227472 0.746785 0.001377734 0.746785 0.01232761 5.771186 0.04677408 5.771186 0.06399732 -0.02579316 -0.03711443 -0.001022726 -0.0390393 0.7490999 -0.04288903 0.7490999 -0.3837601 5.789075 -0.3493137 5.789075 -0.3320904 -0.007903668 0.00715234 -0.003337607 0.001377734 0.746785 -0.0005471348 -0.003337607 -0.004895623 -0.02579316 0.01232761 5.771186 0.06399732 -0.02579316 -0.04146213 -0.0005348235 -0.03376266 -0.0005348235 -0.03953726 0.7495878 -0.3537694 5.792846 -0.3020997 -0.004133138 -0.3709926 -0.004133138 0.01778709 -0.003230559 0.01586222 0.7468921 0.01201248 0.7468921 0.1074846 5.772013 0.1419311 5.772013 0.1591543 -0.0249659 -0.03953726 0.7495878 -0.03376266 -0.0005348235 -0.03568753 0.7495878 -0.3193229 5.792846 -0.3020997 -0.004133138 -0.3537694 5.792846 0.01778709 -0.003230559 0.01201248 0.7468921 0.01008761 -0.003230559 0.09026136 -0.0249659 0.1074846 5.772013 0.1591543 -0.0249659 -0.03554714 -0.0001044609 -0.02784767 -0.0001044609 -0.03362227 0.7500182 -0.3008435 5.796172 -0.2491738 -0.000807278 -0.3180668 -0.000807278 0.02747202 -0.002997342 0.02554715 0.7471253 0.02169742 0.7471253 0.194143 5.773815 0.2285894 5.773815 0.2458127 -0.02316358 -0.03362227 0.7500182 -0.02784767 -0.0001044609 -0.02977253 0.7500182 -0.266397 5.796172 -0.2491738 -0.000807278 -0.3008435 5.796172 0.02747202 -0.002997342 0.02169742 0.7471253 0.01977255 -0.002997342 0.1769197 -0.02316358 0.194143 5.773815 0.2458127 -0.02316358 -0.02554715 0.7503617 -0.02747202 0.0002390335 -0.01977255 0.0002390335 -0.1769197 0.001847261 -0.2458127 0.001847261 -0.2285894 5.798826 0.03554714 -0.002653847 0.03362227 0.7474688 0.02977253 0.7474688 0.266397 5.77647 0.3008435 5.77647 0.3180668 -0.02050904 -0.02554715 0.7503617 -0.01977255 0.0002390335 -0.02169742 0.7503617 -0.194143 5.798826 -0.1769197 0.001847261 -0.2285894 5.798826 0.03554714 -0.002653847 0.02977253 0.7474688 0.02784767 -0.002653847 0.2491738 -0.02050904 0.266397 5.77647 0.3180668 -0.02050904 -0.01586222 0.7505949 -0.01778709 0.000472251 -0.01008761 0.000472251 -0.09026136 0.003649576 -0.1591543 0.003649576 -0.1419311 5.800629 0.03953726 0.7478992 0.03568753 0.7478992 0.04146213 -0.002223485 0.3709926 -0.01718318 0.3193229 5.779796 0.3537694 5.779796 -0.01586222 0.7505949 -0.01008761 0.000472251 -0.01201248 0.7505949 -0.1074846 5.800629 -0.09026136 0.003649576 -0.1419311 5.800629 0.04146213 -0.002223485 0.03568753 0.7478992 0.03376266 -0.002223485 0.3020997 -0.01718318 0.3193229 5.779796 0.3709926 -0.01718318 -0.005227472 0.7507019 -0.00715234 0.0005792984 0.0005471348 0.0005792984 0.004895623 0.004476842 -0.06399732 0.004476842 -0.04677408 5.801456 0.04288903 0.7483871 0.0390393 0.7483871 0.0448139 -0.001735583 0.4009834 -0.01341265 0.3493137 5.783566 0.3837601 5.783566 -0.005227472 0.7507019 0.0005471348 0.0005792984 -0.001377734 0.7507019 -0.01232761 5.801456 0.004895623 0.004476842 -0.04677408 5.801456 0.0390393 0.7483871 0.03711443 -0.001735583 0.0448139 -0.001735583 0.4009834 -0.01341265 0.3320904 -0.01341265 0.3493137 5.783566 0.00563234 0.7506755 0.003707471 0.0005528804 0.009482078 0.7506755 0.08484321 5.801252 0.03317351 0.004272683 0.05039674 5.801252 0.04344916 0.7488993 0.03767456 -0.00122339 0.04537403 -0.00122339 0.4059953 -0.00945441 0.3371023 -0.00945441 0.388772 5.787525 0.009482078 0.7506755 0.003707471 0.0005528804 0.01140695 0.0005528804 0.1020664 0.004272683 0.03317351 0.004272683 0.08484321 5.801252 0.03959943 0.7488993 0.03767456 -0.00122339 0.04344916 0.7488993 0.388772 5.787525 0.3371023 -0.00945441 0.3543256 5.787525 0.01597714 0.7505174 0.01405227 0.0003947975 0.01982688 0.7505174 0.1774059 5.80003 0.1257361 0.003051012 0.1429594 5.80003 0.04117948 0.7494008 0.03540487 -0.0007218129 0.04310435 -0.0007218129 0.3856867 -0.0055782 0.3167938 -0.0055782 0.3684635 5.791401 0.01982688 0.7505174 0.01405227 0.0003947975 0.02175175 0.0003947975 0.1946291 0.003051012 0.1257361 0.003051012 0.1774059 5.80003 0.03732974 0.7494008 0.03540487 -0.0007218129 0.04117948 0.7494008 0.3684635 5.791401 0.3167938 -0.0055782 0.334017 5.791401 0.02510195 0.7502385 0.02317708 0.0001158227 0.02895169 0.7502385 0.2590523 5.797874 0.2073826 0.0008950827 0.2246058 5.797874 0.03623466 0.7498576 0.03046005 -0.0002650323 0.03815953 -0.0002650323 0.3414417 -0.002048181 0.2725488 -0.002048181 0.3242185 5.794931 0.02895169 0.7502385 0.02317708 0.0001158227 0.03087655 0.0001158227 0.2762755 0.0008950827 0.2073826 0.0008950827 0.2590523 5.797874 0.03238492 0.7498576 0.03046005 -0.0002650323 0.03623466 0.7498576 0.3242185 5.794931 0.2725488 -0.002048181 0.289772 5.794931</float_array>
                    <technique_common>
                        <accessor count="288" source="#ID411" stride="2">
                            <param name="S" type="float" />
                            <param name="T" type="float" />
                        </accessor>
                    </technique_common>
                </source>
                <vertices id="ID407">
                    <input semantic="POSITION" source="#ID404" />
                    <input semantic="NORMAL" source="#ID405" />
                </vertices>
                <triangles count="48" material="Material3">
                    <input offset="0" semantic="VERTEX" source="#ID407" />
                    <input offset="1" semantic="TEXCOORD" source="#ID408" />
                    <p>0 0 1 1 2 2 0 6 9 7 1 8 2 12 1 13 12 14 15 18 9 19 0 20 2 24 12 25 18 26 15 30 21 31 9 32 18 36 12 37 24 38 27 42 21 43 15 44 18 48 24 49 30 50 27 54 33 55 21 56 30 60 24 61 36 62 39 66 33 67 27 68 36 72 42 73 30 74 33 78 39 79 45 80 42 84 48 85 30 86 33 90 45 91 51 92 42 96 54 97 48 98 51 102 45 103 57 104 48 108 54 109 60 110 51 114 57 115 63 116 54 120 66 121 60 122 63 126 57 127 69 128 60 132 66 133 72 134 63 138 69 139 75 140 72 144 66 145 78 146 75 150 69 151 81 152 72 156 78 157 84 158 75 162 81 163 87 164 84 168 78 169 90 170 81 174 93 175 87 176 84 180 90 181 96 182 87 186 93 187 99 188 96 192 90 193 102 194 93 198 105 199 99 200 96 204 102 205 108 206 105 210 111 211 99 212 108 216 102 217 114 218 105 222 117 223 111 224 114 228 102 229 120 230 123 234 117 235 105 236 114 240 120 241 126 242 123 246 129 247 117 248 126 252 120 253 132 254 135 258 129 259 123 260 126 264 132 265 138 266 135 270 141 271 129 272 138 276 132 277 141 278 138 282 141 283 135 284</p>
                </triangles>
                <triangles count="48" material="Material2">
                    <input offset="0" semantic="VERTEX" source="#ID407" />
                    <input offset="1" semantic="TEXCOORD" source="#ID408" />
                    <p>3 3 4 4 5 5 4 9 10 10 5 11 13 15 4 16 3 17 5 21 10 22 16 23 19 27 13 28 3 29 10 33 22 34 16 35 25 39 13 40 19 41 16 45 22 46 28 47 31 51 25 52 19 53 22 57 34 58 28 59 37 63 25 64 31 65 28 69 34 70 40 71 31 75 43 76 37 77 46 81 40 82 34 83 31 87 49 88 43 89 52 93 46 94 34 95 49 99 55 100 43 101 58 105 46 106 52 107 61 111 55 112 49 113 64 117 58 118 52 119 61 123 67 124 55 125 70 129 58 130 64 131 73 135 67 136 61 137 76 141 70 142 64 143 79 147 67 148 73 149 82 153 70 154 76 155 85 159 79 160 73 161 88 165 82 166 76 167 91 171 79 172 85 173 88 177 94 178 82 179 97 183 91 184 85 185 100 189 94 190 88 191 103 195 91 196 97 197 100 201 106 202 94 203 109 207 103 208 97 209 100 213 112 214 106 215 115 219 103 220 109 221 112 225 118 226 106 227 121 231 103 232 115 233 106 237 118 238 124 239 127 243 121 244 115 245 118 249 130 250 124 251 133 255 121 256 127 257 124 261 130 262 136 263 139 267 133 268 127 269 130 273 142 274 136 275 142 279 133 280 139 281 136 285 142 286 139 287</p>
                </triangles>
                <lines count="96" material="Material4">
                    <input offset="0" semantic="VERTEX" source="#ID407" />
                    <p>6 7 8 7 6 8 6 11 11 7 8 14 7 14 17 11 17 6 20 14 8 20 17 23 23 11 20 26 14 26 29 23 29 17 32 26 20 32 29 35 35 23 32 38 26 38 41 35 41 29 38 44 32 44 47 41 35 47 32 50 50 44 53 35 47 53 44 56 50 56 59 47 53 59 50 62 62 56 65 53 59 65 56 68 62 68 71 59 65 71 62 74 74 68 77 65 71 77 68 80 74 80 83 71 77 83 74 86 86 80 89 77 83 89 80 92 86 92 95 83 89 95 86 98 98 92 101 89 95 101 92 104 98 104 107 95 101 107 98 110 110 104 113 101 107 113 116 104 110 116 107 119 119 113 116 122 104 122 125 119 125 107 128 122 116 128 125 131 131 119 128 134 122 134 137 131 137 125 140 134 128 140 137 143 143 131 140 143 134 143 140 137</p>
                </lines>
            </mesh>
        </geometry>
    </library_geometries>
    <library_materials>
        <material id="ID7" name="__Brick_Rough_Tan_1">
            <instance_effect url="#ID8" />
        </material>
        <material id="ID17" name="edge_color228210169255">
            <instance_effect url="#ID18" />
        </material>
        <material id="ID27" name="__Color_F11_1">
            <instance_effect url="#ID28" />
        </material>
        <material id="ID33" name="Vegetation_Grass1">
            <instance_effect url="#ID34" />
        </material>
        <material id="ID39" name="edge_color831680255">
            <instance_effect url="#ID40" />
        </material>
        <material id="ID50" name="Color_E08">
            <instance_effect url="#ID51" />
        </material>
        <material id="ID173" name="Color_E06">
            <instance_effect url="#ID174" />
        </material>
        <material id="ID179" name="Color_E07">
            <instance_effect url="#ID180" />
        </material>
        <material id="ID181" name="edge_color2042040255">
            <instance_effect url="#ID182" />
        </material>
        <material id="ID183" name="edge_color169222103255">
            <instance_effect url="#ID184" />
        </material>
        <material id="ID241" name="Color_F13">
            <instance_effect url="#ID242" />
        </material>
        <material id="ID247" name="edge_color10715361255">
            <instance_effect url="#ID248" />
        </material>
        <material id="ID257" name="edge_color3413897255">
            <instance_effect url="#ID258" />
        </material>
        <material id="ID267" name="edge_color01530255">
            <instance_effect url="#ID268" />
        </material>
        <material id="ID277" name="Color_G03">
            <instance_effect url="#ID278" />
        </material>
        <material id="ID367" name="Roofing_Slate_Dark">
            <instance_effect url="#ID368" />
        </material>
        <material id="ID377" name="Roofing_Shingles_GAF_Estates">
            <instance_effect url="#ID378" />
        </material>
        <material id="ID382" name="edge_color817774255">
            <instance_effect url="#ID383" />
        </material>
        <material id="ID399" name="Roofing_Tile_Spanish">
            <instance_effect url="#ID400" />
        </material>
    </library_materials>
    <library_effects>
        <effect id="ID8">
            <profile_COMMON>
                <newparam sid="ID10">
                    <surface type="2D">
                        <init_from>ID9</init_from>
                    </surface>
                </newparam>
                <newparam sid="ID11">
                    <sampler2D>
                        <source>ID10</source>
                    </sampler2D>
                </newparam>
                <technique sid="COMMON">
                    <lambert>
                        <diffuse>
                            <texture texture="ID11" texcoord="UVSET0" />
                        </diffuse>
                    </lambert>
                </technique>
            </profile_COMMON>
        </effect>
        <effect id="ID18">
            <profile_COMMON>
                <technique sid="COMMON">
                    <constant>
                        <transparent opaque="A_ONE">
                            <color>0.8941177 0.8235294 0.6627451 1</color>
                        </transparent>
                        <transparency>
                            <float>1</float>
                        </transparency>
                    </constant>
                </technique>
            </profile_COMMON>
        </effect>
        <effect id="ID28">
            <profile_COMMON>
                <technique sid="COMMON">
                    <lambert>
                        <diffuse>
                            <color>0.3254902 0.6588235 0 1</color>
                        </diffuse>
                    </lambert>
                </technique>
            </profile_COMMON>
        </effect>
        <effect id="ID34">
            <profile_COMMON>
                <newparam sid="ID36">
                    <surface type="2D">
                        <init_from>ID35</init_from>
                    </surface>
                </newparam>
                <newparam sid="ID37">
                    <sampler2D>
                        <source>ID36</source>
                    </sampler2D>
                </newparam>
                <technique sid="COMMON">
                    <lambert>
                        <diffuse>
                            <texture texture="ID37" texcoord="UVSET0" />
                        </diffuse>
                    </lambert>
                </technique>
            </profile_COMMON>
        </effect>
        <effect id="ID40">
            <profile_COMMON>
                <technique sid="COMMON">
                    <constant>
                        <transparent opaque="A_ONE">
                            <color>0.3254902 0.6588235 0 1</color>
                        </transparent>
                        <transparency>
                            <float>1</float>
                        </transparency>
                    </constant>
                </technique>
            </profile_COMMON>
        </effect>
        <effect id="ID51">
            <profile_COMMON>
                <technique sid="COMMON">
                    <lambert>
                        <diffuse>
                            <color>0.8 0.8 0.3176471 1</color>
                        </diffuse>
                    </lambert>
                </technique>
            </profile_COMMON>
        </effect>
        <effect id="ID174">
            <profile_COMMON>
                <technique sid="COMMON">
                    <lambert>
                        <diffuse>
                            <color>0.8 0.8 0 1</color>
                        </diffuse>
                    </lambert>
                </technique>
            </profile_COMMON>
        </effect>
        <effect id="ID180">
            <profile_COMMON>
                <technique sid="COMMON">
                    <lambert>
                        <diffuse>
                            <color>0.7333333 0.8 0.1568627 1</color>
                        </diffuse>
                    </lambert>
                </technique>
            </profile_COMMON>
        </effect>
        <effect id="ID182">
            <profile_COMMON>
                <technique sid="COMMON">
                    <constant>
                        <transparent opaque="A_ONE">
                            <color>0.8 0.8 0 1</color>
                        </transparent>
                        <transparency>
                            <float>1</float>
                        </transparency>
                    </constant>
                </technique>
            </profile_COMMON>
        </effect>
        <effect id="ID184">
            <profile_COMMON>
                <technique sid="COMMON">
                    <constant>
                        <transparent opaque="A_ONE">
                            <color>0.6627451 0.8705882 0.4039216 1</color>
                        </transparent>
                        <transparency>
                            <float>1</float>
                        </transparency>
                    </constant>
                </technique>
            </profile_COMMON>
        </effect>
        <effect id="ID242">
            <profile_COMMON>
                <technique sid="COMMON">
                    <lambert>
                        <diffuse>
                            <color>0.4196078 0.6 0.2392157 1</color>
                        </diffuse>
                    </lambert>
                </technique>
            </profile_COMMON>
        </effect>
        <effect id="ID248">
            <profile_COMMON>
                <technique sid="COMMON">
                    <constant>
                        <transparent opaque="A_ONE">
                            <color>0.4196078 0.6 0.2392157 1</color>
                        </transparent>
                        <transparency>
                            <float>1</float>
                        </transparency>
                    </constant>
                </technique>
            </profile_COMMON>
        </effect>
        <effect id="ID258">
            <profile_COMMON>
                <technique sid="COMMON">
                    <constant>
                        <transparent opaque="A_ONE">
                            <color>0.1333333 0.5411765 0.3803922 1</color>
                        </transparent>
                        <transparency>
                            <float>1</float>
                        </transparency>
                    </constant>
                </technique>
            </profile_COMMON>
        </effect>
        <effect id="ID268">
            <profile_COMMON>
                <technique sid="COMMON">
                    <constant>
                        <transparent opaque="A_ONE">
                            <color>0 0.6 0 1</color>
                        </transparent>
                        <transparency>
                            <float>1</float>
                        </transparency>
                    </constant>
                </technique>
            </profile_COMMON>
        </effect>
        <effect id="ID278">
            <profile_COMMON>
                <technique sid="COMMON">
                    <lambert>
                        <diffuse>
                            <color>0.1333333 0.5411765 0.3803922 1</color>
                        </diffuse>
                    </lambert>
                </technique>
            </profile_COMMON>
        </effect>
        <effect id="ID368">
            <profile_COMMON>
                <newparam sid="ID370">
                    <surface type="2D">
                        <init_from>ID369</init_from>
                    </surface>
                </newparam>
                <newparam sid="ID371">
                    <sampler2D>
                        <source>ID370</source>
                    </sampler2D>
                </newparam>
                <technique sid="COMMON">
                    <lambert>
                        <diffuse>
                            <texture texture="ID371" texcoord="UVSET0" />
                        </diffuse>
                    </lambert>
                </technique>
            </profile_COMMON>
        </effect>
        <effect id="ID378">
            <profile_COMMON>
                <newparam sid="ID380">
                    <surface type="2D">
                        <init_from>ID379</init_from>
                    </surface>
                </newparam>
                <newparam sid="ID381">
                    <sampler2D>
                        <source>ID380</source>
                    </sampler2D>
                </newparam>
                <technique sid="COMMON">
                    <lambert>
                        <diffuse>
                            <texture texture="ID381" texcoord="UVSET0" />
                        </diffuse>
                    </lambert>
                </technique>
            </profile_COMMON>
        </effect>
        <effect id="ID383">
            <profile_COMMON>
                <technique sid="COMMON">
                    <constant>
                        <transparent opaque="A_ONE">
                            <color>0.3176471 0.3019608 0.2901961 1</color>
                        </transparent>
                        <transparency>
                            <float>1</float>
                        </transparency>
                    </constant>
                </technique>
            </profile_COMMON>
        </effect>
        <effect id="ID400">
            <profile_COMMON>
                <newparam sid="ID402">
                    <surface type="2D">
                        <init_from>ID401</init_from>
                    </surface>
                </newparam>
                <newparam sid="ID403">
                    <sampler2D>
                        <source>ID402</source>
                    </sampler2D>
                </newparam>
                <technique sid="COMMON">
                    <lambert>
                        <diffuse>
                            <texture texture="ID403" texcoord="UVSET0" />
                        </diffuse>
                    </lambert>
                </technique>
            </profile_COMMON>
        </effect>
    </library_effects>
    <library_images>
        <image id="ID9">
            <init_from>model/__Brick_Rough_Tan_1.jpg</init_from>
        </image>
        <image id="ID35">
            <init_from>model/Vegetation_Grass1.jpg</init_from>
        </image>
        <image id="ID369">
            <init_from>model/Roofing_Slate_Dark.jpg</init_from>
        </image>
        <image id="ID379">
            <init_from>model/Roofing_Shingles_GAF_Estates.jpg</init_from>
        </image>
        <image id="ID401">
            <init_from>model/Roofing_Tile_Spanish.jpg</init_from>
        </image>
    </library_images>
    <library_nodes>
        <node id="ID24" name="feuil_montr">
            <node id="ID25" name="group_3">
                <matrix>0.9335804 0 -0.358368 3.13541 0 1 0 0.002001398 0.358368 -0 0.9335804 6.709051 0 0 0 1</matrix>
                <instance_geometry url="#ID26">
                    <bind_material>
                        <technique_common>
                            <instance_material symbol="Material2" target="#ID27">
                                <bind_vertex_input semantic="UVSET0" input_semantic="TEXCOORD" input_set="0" />
                            </instance_material>
                            <instance_material symbol="Material3" target="#ID33">
                                <bind_vertex_input semantic="UVSET0" input_semantic="TEXCOORD" input_set="0" />
                            </instance_material>
                            <instance_material symbol="Material4" target="#ID39">
                                <bind_vertex_input semantic="UVSET0" input_semantic="TEXCOORD" input_set="0" />
                            </instance_material>
                        </technique_common>
                    </bind_material>
                </instance_geometry>
                <instance_geometry url="#ID45">
                    <bind_material>
                        <technique_common>
                            <instance_material symbol="Material2" target="#ID27">
                                <bind_vertex_input semantic="UVSET0" input_semantic="TEXCOORD" input_set="0" />
                            </instance_material>
                            <instance_material symbol="Material3" target="#ID50">
                                <bind_vertex_input semantic="UVSET0" input_semantic="TEXCOORD" input_set="0" />
                            </instance_material>
                            <instance_material symbol="Material4" target="#ID39">
                                <bind_vertex_input semantic="UVSET0" input_semantic="TEXCOORD" input_set="0" />
                            </instance_material>
                        </technique_common>
                    </bind_material>
                </instance_geometry>
                <instance_geometry url="#ID55">
                    <bind_material>
                        <technique_common>
                            <instance_material symbol="Material2" target="#ID27">
                                <bind_vertex_input semantic="UVSET0" input_semantic="TEXCOORD" input_set="0" />
                            </instance_material>
                            <instance_material symbol="Material3" target="#ID33">
                                <bind_vertex_input semantic="UVSET0" input_semantic="TEXCOORD" input_set="0" />
                            </instance_material>
                            <instance_material symbol="Material4" target="#ID39">
                                <bind_vertex_input semantic="UVSET0" input_semantic="TEXCOORD" input_set="0" />
                            </instance_material>
                        </technique_common>
                    </bind_material>
                </instance_geometry>
                <instance_geometry url="#ID65">
                    <bind_material>
                        <technique_common>
                            <instance_material symbol="Material2" target="#ID27">
                                <bind_vertex_input semantic="UVSET0" input_semantic="TEXCOORD" input_set="0" />
                            </instance_material>
                            <instance_material symbol="Material3" target="#ID33">
                                <bind_vertex_input semantic="UVSET0" input_semantic="TEXCOORD" input_set="0" />
                            </instance_material>
                            <instance_material symbol="Material4" target="#ID39">
                                <bind_vertex_input semantic="UVSET0" input_semantic="TEXCOORD" input_set="0" />
                            </instance_material>
                        </technique_common>
                    </bind_material>
                </instance_geometry>
                <instance_geometry url="#ID75">
                    <bind_material>
                        <technique_common>
                            <instance_material symbol="Material2" target="#ID27">
                                <bind_vertex_input semantic="UVSET0" input_semantic="TEXCOORD" input_set="0" />
                            </instance_material>
                            <instance_material symbol="Material3" target="#ID50">
                                <bind_vertex_input semantic="UVSET0" input_semantic="TEXCOORD" input_set="0" />
                            </instance_material>
                            <instance_material symbol="Material4" target="#ID39">
                                <bind_vertex_input semantic="UVSET0" input_semantic="TEXCOORD" input_set="0" />
                            </instance_material>
                        </technique_common>
                    </bind_material>
                </instance_geometry>
                <instance_geometry url="#ID83">
                    <bind_material>
                        <technique_common>
                            <instance_material symbol="Material2" target="#ID27">
                                <bind_vertex_input semantic="UVSET0" input_semantic="TEXCOORD" input_set="0" />
                            </instance_material>
                            <instance_material symbol="Material3" target="#ID50">
                                <bind_vertex_input semantic="UVSET0" input_semantic="TEXCOORD" input_set="0" />
                            </instance_material>
                            <instance_material symbol="Material4" target="#ID39">
                                <bind_vertex_input semantic="UVSET0" input_semantic="TEXCOORD" input_set="0" />
                            </instance_material>
                        </technique_common>
                    </bind_material>
                </instance_geometry>
                <instance_geometry url="#ID91">
                    <bind_material>
                        <technique_common>
                            <instance_material symbol="Material2" target="#ID27">
                                <bind_vertex_input semantic="UVSET0" input_semantic="TEXCOORD" input_set="0" />
                            </instance_material>
                            <instance_material symbol="Material3" target="#ID50">
                                <bind_vertex_input semantic="UVSET0" input_semantic="TEXCOORD" input_set="0" />
                            </instance_material>
                            <instance_material symbol="Material4" target="#ID39">
                                <bind_vertex_input semantic="UVSET0" input_semantic="TEXCOORD" input_set="0" />
                            </instance_material>
                        </technique_common>
                    </bind_material>
                </instance_geometry>
                <instance_geometry url="#ID99">
                    <bind_material>
                        <technique_common>
                            <instance_material symbol="Material2" target="#ID27">
                                <bind_vertex_input semantic="UVSET0" input_semantic="TEXCOORD" input_set="0" />
                            </instance_material>
                            <instance_material symbol="Material3" target="#ID50">
                                <bind_vertex_input semantic="UVSET0" input_semantic="TEXCOORD" input_set="0" />
                            </instance_material>
                            <instance_material symbol="Material4" target="#ID39">
                                <bind_vertex_input semantic="UVSET0" input_semantic="TEXCOORD" input_set="0" />
                            </instance_material>
                        </technique_common>
                    </bind_material>
                </instance_geometry>
                <instance_geometry url="#ID107">
                    <bind_material>
                        <technique_common>
                            <instance_material symbol="Material2" target="#ID27">
                                <bind_vertex_input semantic="UVSET0" input_semantic="TEXCOORD" input_set="0" />
                            </instance_material>
                            <instance_material symbol="Material3" target="#ID50">
                                <bind_vertex_input semantic="UVSET0" input_semantic="TEXCOORD" input_set="0" />
                            </instance_material>
                            <instance_material symbol="Material4" target="#ID39">
                                <bind_vertex_input semantic="UVSET0" input_semantic="TEXCOORD" input_set="0" />
                            </instance_material>
                        </technique_common>
                    </bind_material>
                </instance_geometry>
                <instance_geometry url="#ID115">
                    <bind_material>
                        <technique_common>
                            <instance_material symbol="Material2" target="#ID27">
                                <bind_vertex_input semantic="UVSET0" input_semantic="TEXCOORD" input_set="0" />
                            </instance_material>
                            <instance_material symbol="Material3" target="#ID50">
                                <bind_vertex_input semantic="UVSET0" input_semantic="TEXCOORD" input_set="0" />
                            </instance_material>
                            <instance_material symbol="Material4" target="#ID39">
                                <bind_vertex_input semantic="UVSET0" input_semantic="TEXCOORD" input_set="0" />
                            </instance_material>
                        </technique_common>
                    </bind_material>
                </instance_geometry>
                <instance_geometry url="#ID123">
                    <bind_material>
                        <technique_common>
                            <instance_material symbol="Material2" target="#ID27">
                                <bind_vertex_input semantic="UVSET0" input_semantic="TEXCOORD" input_set="0" />
                            </instance_material>
                            <instance_material symbol="Material3" target="#ID50">
                                <bind_vertex_input semantic="UVSET0" input_semantic="TEXCOORD" input_set="0" />
                            </instance_material>
                            <instance_material symbol="Material4" target="#ID39">
                                <bind_vertex_input semantic="UVSET0" input_semantic="TEXCOORD" input_set="0" />
                            </instance_material>
                        </technique_common>
                    </bind_material>
                </instance_geometry>
                <instance_geometry url="#ID131">
                    <bind_material>
                        <technique_common>
                            <instance_material symbol="Material2" target="#ID27">
                                <bind_vertex_input semantic="UVSET0" input_semantic="TEXCOORD" input_set="0" />
                            </instance_material>
                            <instance_material symbol="Material3" target="#ID50">
                                <bind_vertex_input semantic="UVSET0" input_semantic="TEXCOORD" input_set="0" />
                            </instance_material>
                            <instance_material symbol="Material4" target="#ID39">
                                <bind_vertex_input semantic="UVSET0" input_semantic="TEXCOORD" input_set="0" />
                            </instance_material>
                        </technique_common>
                    </bind_material>
                </instance_geometry>
                <instance_geometry url="#ID139">
                    <bind_material>
                        <technique_common>
                            <instance_material symbol="Material2" target="#ID27">
                                <bind_vertex_input semantic="UVSET0" input_semantic="TEXCOORD" input_set="0" />
                            </instance_material>
                            <instance_material symbol="Material3" target="#ID50">
                                <bind_vertex_input semantic="UVSET0" input_semantic="TEXCOORD" input_set="0" />
                            </instance_material>
                            <instance_material symbol="Material4" target="#ID39">
                                <bind_vertex_input semantic="UVSET0" input_semantic="TEXCOORD" input_set="0" />
                            </instance_material>
                        </technique_common>
                    </bind_material>
                </instance_geometry>
                <instance_geometry url="#ID147">
                    <bind_material>
                        <technique_common>
                            <instance_material symbol="Material2" target="#ID27">
                                <bind_vertex_input semantic="UVSET0" input_semantic="TEXCOORD" input_set="0" />
                            </instance_material>
                            <instance_material symbol="Material3" target="#ID50">
                                <bind_vertex_input semantic="UVSET0" input_semantic="TEXCOORD" input_set="0" />
                            </instance_material>
                            <instance_material symbol="Material4" target="#ID39">
                                <bind_vertex_input semantic="UVSET0" input_semantic="TEXCOORD" input_set="0" />
                            </instance_material>
                        </technique_common>
                    </bind_material>
                </instance_geometry>
                <instance_geometry url="#ID155">
                    <bind_material>
                        <technique_common>
                            <instance_material symbol="Material2" target="#ID27">
                                <bind_vertex_input semantic="UVSET0" input_semantic="TEXCOORD" input_set="0" />
                            </instance_material>
                            <instance_material symbol="Material3" target="#ID50">
                                <bind_vertex_input semantic="UVSET0" input_semantic="TEXCOORD" input_set="0" />
                            </instance_material>
                            <instance_material symbol="Material4" target="#ID39">
                                <bind_vertex_input semantic="UVSET0" input_semantic="TEXCOORD" input_set="0" />
                            </instance_material>
                        </technique_common>
                    </bind_material>
                </instance_geometry>
                <instance_geometry url="#ID163">
                    <bind_material>
                        <technique_common>
                            <instance_material symbol="Material2" target="#ID27">
                                <bind_vertex_input semantic="UVSET0" input_semantic="TEXCOORD" input_set="0" />
                            </instance_material>
                            <instance_material symbol="Material3" target="#ID50">
                                <bind_vertex_input semantic="UVSET0" input_semantic="TEXCOORD" input_set="0" />
                            </instance_material>
                            <instance_material symbol="Material4" target="#ID39">
                                <bind_vertex_input semantic="UVSET0" input_semantic="TEXCOORD" input_set="0" />
                            </instance_material>
                        </technique_common>
                    </bind_material>
                </instance_geometry>
            </node>
            <node id="ID171" name="group_4">
                <matrix>-0.9829353 0 0.1839514 19.84836 0 1 0 9.099038 0.1839514 -0 0.9829353 0 0 0 0 1</matrix>
                <instance_geometry url="#ID172">
                    <bind_material>
                        <technique_common>
                            <instance_material symbol="Material2" target="#ID173">
                                <bind_vertex_input semantic="UVSET0" input_semantic="TEXCOORD" input_set="0" />
                            </instance_material>
                            <instance_material symbol="Material3" target="#ID179">
                                <bind_vertex_input semantic="UVSET0" input_semantic="TEXCOORD" input_set="0" />
                            </instance_material>
                            <instance_material symbol="Material4" target="#ID181">
                                <bind_vertex_input semantic="UVSET0" input_semantic="TEXCOORD" input_set="0" />
                            </instance_material>
                            <instance_material symbol="Material5" target="#ID183">
                                <bind_vertex_input semantic="UVSET0" input_semantic="TEXCOORD" input_set="0" />
                            </instance_material>
                        </technique_common>
                    </bind_material>
                </instance_geometry>
                <instance_geometry url="#ID188">
                    <bind_material>
                        <technique_common>
                            <instance_material symbol="Material2" target="#ID179">
                                <bind_vertex_input semantic="UVSET0" input_semantic="TEXCOORD" input_set="0" />
                            </instance_material>
                            <instance_material symbol="Material3" target="#ID181">
                                <bind_vertex_input semantic="UVSET0" input_semantic="TEXCOORD" input_set="0" />
                            </instance_material>
                        </technique_common>
                    </bind_material>
                </instance_geometry>
            </node>
        </node>
        <node id="ID239" name="feuil_typh">
            <instance_geometry url="#ID240">
                <bind_material>
                    <technique_common>
                        <instance_material symbol="Material2" target="#ID241">
                            <bind_vertex_input semantic="UVSET0" input_semantic="TEXCOORD" input_set="0" />
                        </instance_material>
                        <instance_material symbol="Material3" target="#ID247">
                            <bind_vertex_input semantic="UVSET0" input_semantic="TEXCOORD" input_set="0" />
                        </instance_material>
                    </technique_common>
                </bind_material>
            </instance_geometry>
            <instance_geometry url="#ID252">
                <bind_material>
                    <technique_common>
                        <instance_material symbol="Material2" target="#ID241">
                            <bind_vertex_input semantic="UVSET0" input_semantic="TEXCOORD" input_set="0" />
                        </instance_material>
                        <instance_material symbol="Material3" target="#ID247">
                            <bind_vertex_input semantic="UVSET0" input_semantic="TEXCOORD" input_set="0" />
                        </instance_material>
                        <instance_material symbol="Material4" target="#ID257">
                            <bind_vertex_input semantic="UVSET0" input_semantic="TEXCOORD" input_set="0" />
                        </instance_material>
                    </technique_common>
                </bind_material>
            </instance_geometry>
            <instance_geometry url="#ID262">
                <bind_material>
                    <technique_common>
                        <instance_material symbol="Material2" target="#ID241">
                            <bind_vertex_input semantic="UVSET0" input_semantic="TEXCOORD" input_set="0" />
                        </instance_material>
                        <instance_material symbol="Material3" target="#ID247">
                            <bind_vertex_input semantic="UVSET0" input_semantic="TEXCOORD" input_set="0" />
                        </instance_material>
                        <instance_material symbol="Material4" target="#ID267">
                            <bind_vertex_input semantic="UVSET0" input_semantic="TEXCOORD" input_set="0" />
                        </instance_material>
                    </technique_common>
                </bind_material>
            </instance_geometry>
            <instance_geometry url="#ID272">
                <bind_material>
                    <technique_common>
                        <instance_material symbol="Material2" target="#ID241">
                            <bind_vertex_input semantic="UVSET0" input_semantic="TEXCOORD" input_set="0" />
                        </instance_material>
                        <instance_material symbol="Material3" target="#ID277">
                            <bind_vertex_input semantic="UVSET0" input_semantic="TEXCOORD" input_set="0" />
                        </instance_material>
                        <instance_material symbol="Material4" target="#ID247">
                            <bind_vertex_input semantic="UVSET0" input_semantic="TEXCOORD" input_set="0" />
                        </instance_material>
                        <instance_material symbol="Material5" target="#ID267">
                            <bind_vertex_input semantic="UVSET0" input_semantic="TEXCOORD" input_set="0" />
                        </instance_material>
                    </technique_common>
                </bind_material>
            </instance_geometry>
            <instance_geometry url="#ID282">
                <bind_material>
                    <technique_common>
                        <instance_material symbol="Material2" target="#ID241">
                            <bind_vertex_input semantic="UVSET0" input_semantic="TEXCOORD" input_set="0" />
                        </instance_material>
                        <instance_material symbol="Material3" target="#ID277">
                            <bind_vertex_input semantic="UVSET0" input_semantic="TEXCOORD" input_set="0" />
                        </instance_material>
                        <instance_material symbol="Material4" target="#ID247">
                            <bind_vertex_input semantic="UVSET0" input_semantic="TEXCOORD" input_set="0" />
                        </instance_material>
                    </technique_common>
                </bind_material>
            </instance_geometry>
            <instance_geometry url="#ID290">
                <bind_material>
                    <technique_common>
                        <instance_material symbol="Material2" target="#ID241">
                            <bind_vertex_input semantic="UVSET0" input_semantic="TEXCOORD" input_set="0" />
                        </instance_material>
                        <instance_material symbol="Material3" target="#ID277">
                            <bind_vertex_input semantic="UVSET0" input_semantic="TEXCOORD" input_set="0" />
                        </instance_material>
                        <instance_material symbol="Material4" target="#ID247">
                            <bind_vertex_input semantic="UVSET0" input_semantic="TEXCOORD" input_set="0" />
                        </instance_material>
                    </technique_common>
                </bind_material>
            </instance_geometry>
            <instance_geometry url="#ID298">
                <bind_material>
                    <technique_common>
                        <instance_material symbol="Material2" target="#ID241">
                            <bind_vertex_input semantic="UVSET0" input_semantic="TEXCOORD" input_set="0" />
                        </instance_material>
                        <instance_material symbol="Material3" target="#ID277">
                            <bind_vertex_input semantic="UVSET0" input_semantic="TEXCOORD" input_set="0" />
                        </instance_material>
                        <instance_material symbol="Material4" target="#ID247">
                            <bind_vertex_input semantic="UVSET0" input_semantic="TEXCOORD" input_set="0" />
                        </instance_material>
                    </technique_common>
                </bind_material>
            </instance_geometry>
            <instance_geometry url="#ID306">
                <bind_material>
                    <technique_common>
                        <instance_material symbol="Material2" target="#ID241">
                            <bind_vertex_input semantic="UVSET0" input_semantic="TEXCOORD" input_set="0" />
                        </instance_material>
                        <instance_material symbol="Material3" target="#ID277">
                            <bind_vertex_input semantic="UVSET0" input_semantic="TEXCOORD" input_set="0" />
                        </instance_material>
                        <instance_material symbol="Material4" target="#ID247">
                            <bind_vertex_input semantic="UVSET0" input_semantic="TEXCOORD" input_set="0" />
                        </instance_material>
                    </technique_common>
                </bind_material>
            </instance_geometry>
            <instance_geometry url="#ID314">
                <bind_material>
                    <technique_common>
                        <instance_material symbol="Material2" target="#ID241">
                            <bind_vertex_input semantic="UVSET0" input_semantic="TEXCOORD" input_set="0" />
                        </instance_material>
                        <instance_material symbol="Material3" target="#ID277">
                            <bind_vertex_input semantic="UVSET0" input_semantic="TEXCOORD" input_set="0" />
                        </instance_material>
                        <instance_material symbol="Material4" target="#ID247">
                            <bind_vertex_input semantic="UVSET0" input_semantic="TEXCOORD" input_set="0" />
                        </instance_material>
                    </technique_common>
                </bind_material>
            </instance_geometry>
            <instance_geometry url="#ID322">
                <bind_material>
                    <technique_common>
                        <instance_material symbol="Material2" target="#ID241">
                            <bind_vertex_input semantic="UVSET0" input_semantic="TEXCOORD" input_set="0" />
                        </instance_material>
                        <instance_material symbol="Material3" target="#ID277">
                            <bind_vertex_input semantic="UVSET0" input_semantic="TEXCOORD" input_set="0" />
                        </instance_material>
                        <instance_material symbol="Material4" target="#ID247">
                            <bind_vertex_input semantic="UVSET0" input_semantic="TEXCOORD" input_set="0" />
                        </instance_material>
                        <instance_material symbol="Material5" target="#ID257">
                            <bind_vertex_input semantic="UVSET0" input_semantic="TEXCOORD" input_set="0" />
                        </instance_material>
                    </technique_common>
                </bind_material>
            </instance_geometry>
            <instance_geometry url="#ID330">
                <bind_material>
                    <technique_common>
                        <instance_material symbol="Material2" target="#ID241">
                            <bind_vertex_input semantic="UVSET0" input_semantic="TEXCOORD" input_set="0" />
                        </instance_material>
                        <instance_material symbol="Material3" target="#ID277">
                            <bind_vertex_input semantic="UVSET0" input_semantic="TEXCOORD" input_set="0" />
                        </instance_material>
                        <instance_material symbol="Material4" target="#ID247">
                            <bind_vertex_input semantic="UVSET0" input_semantic="TEXCOORD" input_set="0" />
                        </instance_material>
                    </technique_common>
                </bind_material>
            </instance_geometry>
            <instance_geometry url="#ID338">
                <bind_material>
                    <technique_common>
                        <instance_material symbol="Material2" target="#ID241">
                            <bind_vertex_input semantic="UVSET0" input_semantic="TEXCOORD" input_set="0" />
                        </instance_material>
                        <instance_material symbol="Material3" target="#ID277">
                            <bind_vertex_input semantic="UVSET0" input_semantic="TEXCOORD" input_set="0" />
                        </instance_material>
                        <instance_material symbol="Material4" target="#ID247">
                            <bind_vertex_input semantic="UVSET0" input_semantic="TEXCOORD" input_set="0" />
                        </instance_material>
                    </technique_common>
                </bind_material>
            </instance_geometry>
            <instance_geometry url="#ID346">
                <bind_material>
                    <technique_common>
                        <instance_material symbol="Material2" target="#ID241">
                            <bind_vertex_input semantic="UVSET0" input_semantic="TEXCOORD" input_set="0" />
                        </instance_material>
                        <instance_material symbol="Material3" target="#ID277">
                            <bind_vertex_input semantic="UVSET0" input_semantic="TEXCOORD" input_set="0" />
                        </instance_material>
                        <instance_material symbol="Material4" target="#ID247">
                            <bind_vertex_input semantic="UVSET0" input_semantic="TEXCOORD" input_set="0" />
                        </instance_material>
                    </technique_common>
                </bind_material>
            </instance_geometry>
            <instance_geometry url="#ID354">
                <bind_material>
                    <technique_common>
                        <instance_material symbol="Material2" target="#ID247">
                            <bind_vertex_input semantic="UVSET0" input_semantic="TEXCOORD" input_set="0" />
                        </instance_material>
                    </technique_common>
                </bind_material>
            </instance_geometry>
        </node>
        <node id="ID365" name="tronc_typho">
            <instance_geometry url="#ID366">
                <bind_material>
                    <technique_common>
                        <instance_material symbol="Material2" target="#ID367">
                            <bind_vertex_input semantic="UVSET0" input_semantic="TEXCOORD" input_set="0" />
                        </instance_material>
                        <instance_material symbol="Material3" target="#ID377">
                            <bind_vertex_input semantic="UVSET0" input_semantic="TEXCOORD" input_set="0" />
                        </instance_material>
                        <instance_material symbol="Material4" target="#ID382">
                            <bind_vertex_input semantic="UVSET0" input_semantic="TEXCOORD" input_set="0" />
                        </instance_material>
                    </technique_common>
                </bind_material>
            </instance_geometry>
            <instance_geometry url="#ID388">
                <bind_material>
                    <technique_common>
                        <instance_material symbol="Material2" target="#ID377">
                            <bind_vertex_input semantic="UVSET0" input_semantic="TEXCOORD" input_set="0" />
                        </instance_material>
                        <instance_material symbol="Material3" target="#ID382">
                            <bind_vertex_input semantic="UVSET0" input_semantic="TEXCOORD" input_set="0" />
                        </instance_material>
                    </technique_common>
                </bind_material>
            </instance_geometry>
            <instance_geometry url="#ID398">
                <bind_material>
                    <technique_common>
                        <instance_material symbol="Material2" target="#ID377">
                            <bind_vertex_input semantic="UVSET0" input_semantic="TEXCOORD" input_set="0" />
                        </instance_material>
                        <instance_material symbol="Material3" target="#ID399">
                            <bind_vertex_input semantic="UVSET0" input_semantic="TEXCOORD" input_set="0" />
                        </instance_material>
                        <instance_material symbol="Material4" target="#ID382">
                            <bind_vertex_input semantic="UVSET0" input_semantic="TEXCOORD" input_set="0" />
                        </instance_material>
                    </technique_common>
                </bind_material>
            </instance_geometry>
        </node>
    </library_nodes>
    <scene>
        <instance_visual_scene url="#ID2" />
    </scene>
</COLLADA>
