<?xml version="1.0" encoding="UTF-8" standalone="no" ?>
<COLLADA xmlns="http://www.collada.org/2005/11/COLLADASchema" version="1.4.1">
    <asset>
        <contributor>
            <author>Jubaea</author>
            <authoring_tool>SketchUp 8.0.4811</authoring_tool>
        </contributor>
        <created>2019-12-09T08:59:58Z</created>
        <modified>2019-12-09T08:59:58Z</modified>
        <unit meter="0.0254" name="inch" />
        <up_axis>Z_UP</up_axis>
    </asset>
    <library_cameras>
        <camera id="ID1" name="skp_camera_Last_Saved_SketchUp_View">
            <optics>
                <technique_common>
                    <perspective>
                        <yfov>35</yfov>
                        <aspect_ratio>0</aspect_ratio>
                        <znear>1</znear>
                        <zfar>1000</zfar>
                    </perspective>
                </technique_common>
            </optics>
        </camera>
    </library_cameras>
    <library_visual_scenes>
        <visual_scene id="ID2">
            <node name="SketchUp">
                <instance_geometry url="#ID92">
                    <bind_material>
                        <technique_common>
                            <instance_material symbol="Material2" target="#ID18">
                                <bind_vertex_input semantic="UVSET0" input_semantic="TEXCOORD" input_set="0" />
                            </instance_material>
                            <instance_material symbol="Material3" target="#ID93">
                                <bind_vertex_input semantic="UVSET0" input_semantic="TEXCOORD" input_set="0" />
                            </instance_material>
                            <instance_material symbol="Material4" target="#ID19">
                                <bind_vertex_input semantic="UVSET0" input_semantic="TEXCOORD" input_set="0" />
                            </instance_material>
                        </technique_common>
                    </bind_material>
                </instance_geometry>
                <node name="skp_camera_Last_Saved_SketchUp_View">
                    <matrix>0.7071068 0.2357023 -0.6666667 1360.302 -0.7071068 0.2357023 -0.6666667 -688.3555 -5.273559e-16 0.942809 0.3333333 129.3405 0 0 0 1</matrix>
                    <instance_camera url="#ID1" />
                </node>
                <node id="ID3" name="group_0">
                    <matrix>1 0 0 1413.319 0 1 0 -626.9625 0 0 1 85.82677 0 0 0 1</matrix>
                    <node id="ID4" name="instance_0">
                        <matrix>0.2733251 0.9442485 0.1835433 12.09553 -0.9619217 0.2683033 0.05215289 3.097028 -2.775558e-17 -0.190809 0.9816272 0.2183956 0 0 0 1</matrix>
                        <instance_node url="#ID5" />
                    </node>
                    <node id="ID43" name="instance_1">
                        <matrix>0.6529214 0.7435096 0.1315165 14.13751 -0.7574257 0.6409254 0.1133708 4.491288 -1.301043e-17 -0.190809 0.8932807 0.2183956 0 0 0 1</matrix>
                        <instance_node url="#ID5" />
                    </node>
                    <node id="ID44" name="instance_2">
                        <matrix>1 0 0 10.54122 0 1 0 3.456055 0 0 1 5.684342e-14 0 0 0 1</matrix>
                        <instance_node url="#ID5" />
                    </node>
                    <node id="ID45" name="instance_3">
                        <matrix>1 0 0 8.288582 0 1 0 1.358346 0 0 1 18.74016 0 0 0 1</matrix>
                        <instance_node url="#ID46" />
                    </node>
                    <node id="ID64" name="instance_4">
                        <matrix>1 5.250525e-17 -7.321355e-18 10.54122 -5.01436e-17 0.9816272 0.190809 4.731236 1.720532e-17 -0.190809 0.9816272 0.2183956 0 0 0 1</matrix>
                        <instance_node url="#ID5" />
                    </node>
                    <node id="ID65" name="instance_5">
                        <matrix>0.907044 0.4210358 0 8.397658 -0.4210358 0.907044 0 3.672194 -1.387779e-17 0 0.86 2.842171e-14 0 0 0 1</matrix>
                        <instance_node url="#ID5" />
                    </node>
                    <node id="ID66" name="instance_6">
                        <matrix>-0.2442544 0.9518949 0.1702272 11.10095 -0.9697112 -0.2397667 -0.04287746 3.383319 -6.765422e-17 -0.190809 0.903097 0.2183956 0 0 0 1</matrix>
                        <instance_node url="#ID5" />
                    </node>
                    <node id="ID67" name="instance_7">
                        <matrix>0.5750053 0.8181497 -5.551115e-17 8.186084 -0.8181497 0.5750053 2.775558e-17 5.730361 5.462742e-17 2.945683e-17 1 5.684342e-14 0 0 0 1</matrix>
                        <instance_node url="#ID5" />
                    </node>
                    <node id="ID68" name="instance_8">
                        <matrix>0.8223679 0.4908136 0.2877726 8.687189 -0.5243572 0.8501141 0.04853469 6.729261 -0.2208181 -0.190809 0.9564681 0.5094921 0 0 0 1</matrix>
                        <instance_node url="#ID5" />
                    </node>
                    <node id="ID69" name="instance_9">
                        <matrix>1 0 0 12.28376 0 1 0 8.685166 0 0 1 5.684342e-14 0 0 0 1</matrix>
                        <instance_node url="#ID5" />
                    </node>
                    <node id="ID70" name="instance_10">
                        <matrix>0.5750053 0.8181497 -5.551115e-17 9.928626 -0.8181497 0.5750053 2.775558e-17 10.95947 5.462742e-17 2.945683e-17 1 5.684342e-14 0 0 0 1</matrix>
                        <instance_node url="#ID5" />
                    </node>
                    <node id="ID71" name="instance_11">
                        <matrix>0.2733251 0.9442485 0.1835433 13.83807 -0.9619217 0.2683033 0.05215289 8.326139 0 -0.190809 0.9816272 0.2183956 0 0 0 1</matrix>
                        <instance_node url="#ID5" />
                    </node>
                    <node id="ID72" name="instance_12">
                        <matrix>1 -4.513648e-18 -7.321355e-18 12.28376 -5.551115e-17 0.9816272 0.1660038 9.960348 -6.722053e-18 -0.190809 0.8540156 0.2183956 0 0 0 1</matrix>
                        <instance_node url="#ID5" />
                    </node>
                    <node id="ID73" name="instance_13">
                        <matrix>0.3534748 -0.935444 2.775558e-17 2.587303 0.935444 0.3534748 0 9.033268 -9.810898e-18 2.596379e-17 1 5.684342e-14 0 0 0 1</matrix>
                        <instance_node url="#ID5" />
                    </node>
                    <node id="ID74" name="instance_14">
                        <matrix>0.9964375 0.08278533 0.01560908 3.472561 -0.0843348 0.9781301 0.1844254 10.36033 -8.673617e-18 -0.190809 0.9521784 0.2183956 0 0 0 1</matrix>
                        <instance_node url="#ID5" />
                    </node>
                    <node id="ID75" name="instance_15">
                        <matrix>0.9685832 -0.2486899 -6.938894e-18 3.902932 0.2486899 0.9685832 0 4.155671 6.720896e-18 -1.725633e-18 1 5.684342e-14 0 0 0 1</matrix>
                        <instance_node url="#ID5" />
                    </node>
                    <node id="ID76" name="instance_16">
                        <matrix>0.3534748 -0.9182573 -0.1570722 5.670038 0.935444 0.3469805 0.05935264 6.005602 -1.298189e-17 -0.190809 0.8638319 0.2183956 0 0 0 1</matrix>
                        <instance_node url="#ID5" />
                    </node>
                    <node id="ID77" name="instance_17">
                        <matrix>1 0 0 1.632035 0 1 0 2.133381 0 0 1 18.74016 0 0 0 1</matrix>
                        <instance_node url="#ID46" />
                    </node>
                    <node id="ID78" name="instance_18">
                        <matrix>1 0 0 0.09537261 0 1 0 7.000153 0 0 1 18.74016 0 0 0 1</matrix>
                        <instance_node url="#ID46" />
                    </node>
                    <node id="ID79" name="instance_19">
                        <matrix>1 0 0 0 0 1 0 5.0891 0 0 1 16.25465 0 0 0 1</matrix>
                        <instance_node url="#ID46" />
                    </node>
                    <node id="ID80" name="instance_20">
                        <matrix>1 0 0 6.213786 0 1 0 1.511348 0 0 1 15.98425 0 0 0 1</matrix>
                        <instance_node url="#ID46" />
                    </node>
                    <node id="ID81" name="instance_21">
                        <matrix>1 0 0 13.55654 0 1 0 1.718298 0 0 1 18.54125 0 0 0 1</matrix>
                        <instance_node url="#ID46" />
                    </node>
                    <node id="ID82" name="instance_22">
                        <matrix>1 0 0 12.24063 0 1 0 0 0 0 1 16.97589 0 0 0 1</matrix>
                        <instance_node url="#ID46" />
                    </node>
                    <node id="ID83" name="instance_23">
                        <matrix>1 0 0 7.78316 0 1 0 8.57366 0 0 1 18.74016 0 0 0 1</matrix>
                        <instance_node url="#ID46" />
                    </node>
                    <node id="ID84" name="instance_24">
                        <matrix>1 0 0 10.08888 0 1 0 11.17047 0 0 1 16.05879 0 0 0 1</matrix>
                        <instance_node url="#ID46" />
                    </node>
                    <node id="ID85" name="instance_25">
                        <matrix>1 0 0 9.975514 0 1 0 6.523493 0 0 1 18.74016 0 0 0 1</matrix>
                        <instance_node url="#ID46" />
                    </node>
                    <node id="ID86" name="instance_26">
                        <matrix>1 0 0 8.326473 0 1 0 6.418527 0 0 1 18.5976 0 0 0 1</matrix>
                        <instance_node url="#ID46" />
                    </node>
                    <node id="ID87" name="instance_27">
                        <matrix>1 0 0 6.173221 0 1 0 3.40616 0 0 1 18.74016 0 0 0 1</matrix>
                        <instance_node url="#ID46" />
                    </node>
                    <node id="ID88" name="instance_28">
                        <matrix>1 0 0 1.579022 0 1 0 11.92613 0 0 1 17.9806 0 0 0 1</matrix>
                        <instance_node url="#ID46" />
                    </node>
                    <node id="ID89" name="instance_29">
                        <matrix>1 0 0 15.3267 0 1 0 6.969568 0 0 1 18.53491 0 0 0 1</matrix>
                        <instance_node url="#ID46" />
                    </node>
                    <node id="ID90" name="instance_30">
                        <matrix>1 0 0 12.19462 0 1 0 5.517091 0 0 1 18.30026 0 0 0 1</matrix>
                        <instance_node url="#ID46" />
                    </node>
                    <node id="ID91" name="instance_31">
                        <matrix>1 0 0 14.65328 0 1 0 4.359837 0 0 1 16.79036 0 0 0 1</matrix>
                        <instance_node url="#ID46" />
                    </node>
                </node>
            </node>
        </visual_scene>
    </library_visual_scenes>
    <library_nodes>
        <node id="ID5" name="tige_haspan">
            <instance_geometry url="#ID6">
                <bind_material>
                    <technique_common>
                        <instance_material symbol="Material2" target="#ID7">
                            <bind_vertex_input semantic="UVSET0" input_semantic="TEXCOORD" input_set="0" />
                        </instance_material>
                        <instance_material symbol="Material3" target="#ID18">
                            <bind_vertex_input semantic="UVSET0" input_semantic="TEXCOORD" input_set="0" />
                        </instance_material>
                        <instance_material symbol="Material4" target="#ID19">
                            <bind_vertex_input semantic="UVSET0" input_semantic="TEXCOORD" input_set="0" />
                        </instance_material>
                    </technique_common>
                </bind_material>
            </instance_geometry>
            <instance_geometry url="#ID25">
                <bind_material>
                    <technique_common>
                        <instance_material symbol="Material2" target="#ID18">
                            <bind_vertex_input semantic="UVSET0" input_semantic="TEXCOORD" input_set="0" />
                        </instance_material>
                        <instance_material symbol="Material3" target="#ID27">
                            <bind_vertex_input semantic="UVSET0" input_semantic="TEXCOORD" input_set="0" />
                        </instance_material>
                        <instance_material symbol="Material4" target="#ID19">
                            <bind_vertex_input semantic="UVSET0" input_semantic="TEXCOORD" input_set="0" />
                        </instance_material>
                    </technique_common>
                </bind_material>
            </instance_geometry>
            <instance_geometry url="#ID35">
                <bind_material>
                    <technique_common>
                        <instance_material symbol="Material2" target="#ID18">
                            <bind_vertex_input semantic="UVSET0" input_semantic="TEXCOORD" input_set="0" />
                        </instance_material>
                        <instance_material symbol="Material3" target="#ID27">
                            <bind_vertex_input semantic="UVSET0" input_semantic="TEXCOORD" input_set="0" />
                        </instance_material>
                        <instance_material symbol="Material4" target="#ID19">
                            <bind_vertex_input semantic="UVSET0" input_semantic="TEXCOORD" input_set="0" />
                        </instance_material>
                    </technique_common>
                </bind_material>
            </instance_geometry>
        </node>
        <node id="ID46" name="Tete_haspan">
            <instance_geometry url="#ID47">
                <bind_material>
                    <technique_common>
                        <instance_material symbol="Material2" target="#ID48">
                            <bind_vertex_input semantic="UVSET0" input_semantic="TEXCOORD" input_set="0" />
                        </instance_material>
                        <instance_material symbol="Material3" target="#ID58">
                            <bind_vertex_input semantic="UVSET0" input_semantic="TEXCOORD" input_set="0" />
                        </instance_material>
                    </technique_common>
                </bind_material>
            </instance_geometry>
        </node>
    </library_nodes>
    <library_geometries>
        <geometry id="ID6">
            <mesh>
                <source id="ID12">
                    <float_array id="ID21" count="432">0.00469526 0.2915696 19.68504 0.02637295 0.2952756 2.842171e-14 0.006707515 0.247799 -2.842171e-14 0.01846107 0.3248031 19.68504 0.01846107 0.3248031 19.68504 0.00469526 0.2915696 19.68504 0.02637295 0.2952756 2.842171e-14 0.006707515 0.247799 -2.842171e-14 0.00469526 0.2915696 19.68504 0.01846107 0.3248031 19.68504 0.02637295 0.2952756 2.842171e-14 0.006707515 0.247799 -2.842171e-14 0.05765615 0.3360446 2.842171e-14 0.0403593 0.3533415 19.68504 0.0403593 0.3533415 19.68504 0.05765615 0.3360446 2.842171e-14 0.0403593 0.3533415 19.68504 0.05765615 0.3360446 2.842171e-14 -1.136868e-13 0.2559055 19.68504 1.705303e-13 0.1968504 0 -1.136868e-13 0.2559055 19.68504 1.705303e-13 0.1968504 0 -1.136868e-13 0.2559055 19.68504 1.705303e-13 0.1968504 0 0.0984252 0.3673278 2.842171e-14 0.06889764 0.3752397 19.68504 0.06889764 0.3752397 19.68504 0.0984252 0.3673278 2.842171e-14 0.06889764 0.3752397 19.68504 0.0984252 0.3673278 2.842171e-14 0.00469526 0.2202415 19.68504 0.006707515 0.1459018 2.842171e-14 0.00469526 0.2202415 19.68504 0.006707515 0.1459018 2.842171e-14 0.00469526 0.2202415 19.68504 0.006707515 0.1459018 2.842171e-14 0.1021312 0.3890055 19.68504 0.1459018 0.3869933 -2.842171e-14 0.1021312 0.3890055 19.68504 0.1459018 0.3869933 -2.842171e-14 0.1021312 0.3890055 19.68504 0.1459018 0.3869933 -2.842171e-14 0.01846107 0.1870079 19.68504 0.02637295 0.0984252 2.842171e-14 0.01846107 0.1870079 19.68504 0.02637295 0.0984252 2.842171e-14 0.01846107 0.1870079 19.68504 0.02637295 0.0984252 2.842171e-14 0.1968504 0.3937008 -2.842171e-14 0.1377953 0.3937008 19.68504 0.1377953 0.3937008 19.68504 0.1968504 0.3937008 -2.842171e-14 0.1377953 0.3937008 19.68504 0.1968504 0.3937008 -2.842171e-14 0.0403593 0.1584695 19.68504 0.05765615 0.05765615 2.842171e-14 0.0403593 0.1584695 19.68504 0.05765615 0.05765615 2.842171e-14 0.0403593 0.1584695 19.68504 0.05765615 0.05765615 2.842171e-14 0.247799 0.3869933 -2.842171e-14 0.1734593 0.3890055 19.68504 0.1734593 0.3890055 19.68504 0.247799 0.3869933 -2.842171e-14 0.1734593 0.3890055 19.68504 0.247799 0.3869933 -2.842171e-14 0.06889764 0.1365713 19.68504 0.0984252 0.02637295 2.842171e-14 0.06889764 0.1365713 19.68504 0.0984252 0.02637295 2.842171e-14 0.0984252 0.02637295 2.842171e-14 0.06889764 0.1365713 19.68504 0.2952756 0.3673278 -2.842171e-14 0.2066929 0.3752397 19.68504 0.2066929 0.3752397 19.68504 0.2952756 0.3673278 -2.842171e-14 0.2066929 0.3752397 19.68504 0.2952756 0.3673278 -2.842171e-14 0.1021312 0.1228055 19.68504 0.1459018 0.006707515 2.842171e-14 0.1021312 0.1228055 19.68504 0.1459018 0.006707515 2.842171e-14 0.1459018 0.006707515 2.842171e-14 0.1021312 0.1228055 19.68504 0.3360446 0.3360446 2.842171e-14 0.2352312 0.3533415 19.68504 0.2352312 0.3533415 19.68504 0.3360446 0.3360446 2.842171e-14 0.2352312 0.3533415 19.68504 0.3360446 0.3360446 2.842171e-14 0.1968504 2.273737e-13 5.684342e-14 0.1377953 0.1181102 19.68504 0.1377953 0.1181102 19.68504 0.1968504 2.273737e-13 5.684342e-14 0.1968504 2.273737e-13 5.684342e-14 0.1377953 0.1181102 19.68504 0.2571295 0.3248031 19.68504 0.3673278 0.2952756 2.842171e-14 0.2571295 0.3248031 19.68504 0.3673278 0.2952756 2.842171e-14 0.3673278 0.2952756 2.842171e-14 0.2571295 0.3248031 19.68504 0.1734593 0.1228055 19.68504 0.247799 0.006707515 2.842171e-14 0.1734593 0.1228055 19.68504 0.247799 0.006707515 2.842171e-14 0.247799 0.006707515 2.842171e-14 0.1734593 0.1228055 19.68504 0.2708953 0.2915696 19.68504 0.3869933 0.247799 0 0.2708953 0.2915696 19.68504 0.3869933 0.247799 0 0.3869933 0.247799 0 0.2708953 0.2915696 19.68504 0.2066929 0.1365713 19.68504 0.2952756 0.02637295 2.842171e-14 0.2066929 0.1365713 19.68504 0.2952756 0.02637295 2.842171e-14 0.2952756 0.02637295 2.842171e-14 0.2066929 0.1365713 19.68504 0.2755906 0.2559055 19.68504 0.3937008 0.1968504 0 0.2755906 0.2559055 19.68504 0.3937008 0.1968504 0 0.3937008 0.1968504 0 0.2755906 0.2559055 19.68504 0.2352312 0.1584695 19.68504 0.3360446 0.05765615 2.842171e-14 0.2352312 0.1584695 19.68504 0.3360446 0.05765615 2.842171e-14 0.3360446 0.05765615 2.842171e-14 0.2352312 0.1584695 19.68504 0.2708953 0.2202415 19.68504 0.3869933 0.1459018 0 0.2708953 0.2202415 19.68504 0.3869933 0.1459018 0 0.3869933 0.1459018 0 0.2708953 0.2202415 19.68504 0.3673278 0.0984252 2.842171e-14 0.2571295 0.1870079 19.68504 0.2571295 0.1870079 19.68504 0.3673278 0.0984252 2.842171e-14 0.3673278 0.0984252 2.842171e-14 0.2571295 0.1870079 19.68504</float_array>
                    <technique_common>
                        <accessor count="144" source="#ID21" stride="3">
                            <param name="X" type="float" />
                            <param name="Y" type="float" />
                            <param name="Z" type="float" />
                        </accessor>
                    </technique_common>
                </source>
                <source id="ID13">
                    <float_array id="ID22" count="432">-0.96588 0.2589892 -0.0006746083 -0.8660705 0.4999207 -0.001097975 -0.9659712 0.2586487 -0.0006738605 -0.8659793 0.5000787 -0.001098176 0.8659793 -0.5000787 0.001098176 0.96588 -0.2589892 0.0006746083 0.8660705 -0.4999207 0.001097975 0.9659712 -0.2586487 0.0006738605 0 0 0 0 0 0 0 0 0 0 0 0 -0.7071062 0.7071062 -0.00124264 -0.7071062 0.7071062 -0.00124264 0.7071062 -0.7071062 0.00124264 0.7071062 -0.7071062 0.00124264 0 0 0 0 0 0 -1 0.0002492859 -7.478577e-07 -1 -0.0002492859 7.478577e-07 1 -0.0002492859 7.478577e-07 1 0.0002492859 -7.478577e-07 0 0 0 0 0 0 -0.4999207 0.8660705 -0.001097975 -0.5000787 0.8659793 -0.001098176 0.5000787 -0.8659793 0.001098176 0.4999207 -0.8660705 0.001097975 0 0 0 0 0 0 -0.9660044 -0.258524 0.0008775574 -0.9658464 -0.2591138 0.0008798009 0.9660044 0.258524 -0.0008775574 0.9658464 0.2591138 -0.0008798009 0 0 0 0 0 0 -0.2589892 0.96588 -0.0006746083 -0.2586487 0.9659712 -0.0006738605 0.2589892 -0.96588 0.0006746083 0.2586487 -0.9659712 0.0006738605 0 0 0 0 0 0 -0.8661941 -0.4997041 0.001900524 -0.8658536 -0.5002939 0.001903315 0.8661941 0.4997041 -0.001900524 0.8658536 0.5002939 -0.001903315 0 0 0 0 0 0 0.0002492859 1 7.478577e-07 -0.0002492859 1 -7.478577e-07 0.0002492859 -1 7.478577e-07 -0.0002492859 -1 -7.478577e-07 0 0 0 0 0 0 -0.7073529 -0.7068542 0.00299849 -0.7068544 -0.7073527 0.003001481 0.7073529 0.7068542 -0.00299849 0.7068544 0.7073527 -0.003001481 0 0 0 0 0 0 0.2591138 0.9658464 0.0008798009 0.258524 0.9660044 0.0008775574 -0.258524 -0.9660044 -0.0008775574 -0.2591138 -0.9658464 -0.0008798009 0 0 0 0 0 0 -0.5002908 -0.8658477 0.004096645 -0.499701 -0.8661883 0.004099436 0.5002908 0.8658477 -0.004096645 0.499701 0.8661883 -0.004099436 0 0 0 0 0 0 0.5002939 0.8658536 0.001903315 0.4997041 0.8661941 0.001900524 -0.4997041 -0.8661941 -0.001900524 -0.5002939 -0.8658536 -0.001903315 0 0 0 0 0 0 -0.2591107 -0.9658341 0.005120131 -0.2585209 -0.9659921 0.005122374 0.2591107 0.9658341 -0.005120131 0.2585209 0.9659921 -0.005122374 0 0 0 0 0 0 0.7073527 0.7068544 0.003001481 0.7068542 0.7073529 0.00299849 -0.7068542 -0.7073529 -0.00299849 -0.7073527 -0.7068544 -0.003001481 0 0 0 0 0 0 0.0002490947 -0.999982 0.006000639 -0.0002494594 -0.999982 0.005999143 0.0002494594 0.999982 -0.005999143 -0.0002490947 0.999982 -0.006000639 0 0 0 0 0 0 0.8658477 0.5002908 0.004096645 0.8661883 0.499701 0.004099436 -0.8658477 -0.5002908 -0.004096645 -0.8661883 -0.499701 -0.004099436 0 0 0 0 0 0 0.2586429 -0.96595 0.006673712 0.2589834 -0.9658587 0.006674459 -0.2586429 0.96595 -0.006673712 -0.2589834 0.9658587 -0.006674459 0 0 0 0 0 0 0.9658341 0.2591107 0.005120131 0.9659921 0.2585209 0.005122374 -0.9658341 -0.2591107 -0.005120131 -0.9659921 -0.2585209 -0.005122374 0 0 0 0 0 0 0.4999083 -0.8660492 0.007097797 0.5000664 -0.865958 0.007097997 -0.4999083 0.8660492 -0.007097797 -0.5000664 0.865958 -0.007097997 0 0 0 0 0 0 0.999982 0.0002494594 0.005999143 0.999982 -0.0002490947 0.006000639 -0.999982 -0.0002494594 -0.005999143 -0.999982 0.0002490947 -0.006000639 0 0 0 0 0 0 0.7070882 -0.7070882 0.007242451 0.7070882 -0.7070882 0.007242451 -0.7070882 0.7070882 -0.007242451 -0.7070882 0.7070882 -0.007242451 0 0 0 0 0 0 0.96595 -0.2586429 0.006673712 0.9658587 -0.2589834 0.006674459 -0.96595 0.2586429 -0.006673712 -0.9658587 0.2589834 -0.006674459 0 0 0 0 0 0 0.865958 -0.5000664 0.007097997 0.8660492 -0.4999083 0.007097797 -0.8660492 0.4999083 -0.007097797 -0.865958 0.5000664 -0.007097997 0 0 0 0 0 0</float_array>
                    <technique_common>
                        <accessor count="144" source="#ID22" stride="3">
                            <param name="X" type="float" />
                            <param name="Y" type="float" />
                            <param name="Z" type="float" />
                        </accessor>
                    </technique_common>
                </source>
                <source id="ID14">
                    <Name_array id="ID24" count="0" />
                    <technique_common>
                        <accessor count="0" source="#ID24" stride="1">
                            <param name="skp_material" type="Name" />
                        </accessor>
                    </technique_common>
                </source>
                <source id="ID16">
                    <float_array id="ID23" count="192">7.84508 8.808949 7.842103 7.142282 7.855156 7.142282 7.835943 8.808949 -94.58932 8.775922 -94.59764 7.109254 -94.58459 7.109254 -94.59845 8.775922 109.7452 8.883833 109.747 7.217166 109.76 7.217166 109.736 8.883833 -190.5773 8.79134 -190.5912 7.124672 -190.5781 7.124672 -190.5864 8.79134 204.1666 8.977438 204.1723 7.310771 204.1854 7.310771 204.1575 8.977438 -273.5836 7.176968 -273.5866 8.843636 -273.5967 7.176968 -273.5774 8.843636 284.6747 9.056489 284.6832 7.389821 284.6963 7.389821 284.6656 9.056489 -337.9334 8.906689 -337.9574 7.240022 -337.9444 7.240022 -337.9426 8.906689 345.7831 9.08705 345.793 7.420379 345.8061 7.420379 345.7739 9.08705 -379.2595 8.947652 -379.2874 7.280985 -379.2744 7.280985 -379.2686 8.947652 383.3272 9.044482 383.3371 7.377805 383.3502 7.377805 383.318 9.044482 -394.7393 8.93684 -394.77 7.270172 -394.757 7.270172 -394.7485 8.93684 394.7485 8.921169 394.757 7.254485 394.77 7.254485 394.7393 8.921169 -383.318 8.856956 -383.3502 7.190284 -383.3371 7.190284 -383.3272 8.856956 379.2874 7.063162 379.2595 8.729855 379.2744 7.063162 379.2686 8.729855 -345.793 7.04243 -345.7831 8.709107 -345.8061 7.04243 -345.7739 8.709107 337.9426 8.50161 337.9444 6.83491 337.9574 6.83491 337.9334 8.50161 -284.6832 6.847203 -284.6747 8.513887 -284.6963 6.847203 -284.6656 8.513887 273.5866 8.278883 273.5836 6.612176 273.5967 6.612176 273.5774 8.278883 -204.1723 6.640464 -204.1666 8.307157 -204.1854 6.640464 -204.1575 8.307157 190.5864 8.1054 190.5781 6.43869 190.5912 6.43869 190.5773 8.1054 -109.747 6.464854 -109.7452 8.131554 -109.76 6.464854 -109.736 8.131554 94.59764 6.348828 94.58932 8.015538 94.58459 6.348828 94.59845 8.015538 -7.842103 6.359232 -7.84508 8.025938 -7.855156 6.359232 -7.835943 8.025938</float_array>
                    <technique_common>
                        <accessor count="96" source="#ID23" stride="2">
                            <param name="S" type="float" />
                            <param name="T" type="float" />
                        </accessor>
                    </technique_common>
                </source>
                <vertices id="ID15">
                    <input semantic="POSITION" source="#ID12" />
                    <input semantic="NORMAL" source="#ID13" />
                </vertices>
                <triangles count="48" material="Material2">
                    <input offset="0" semantic="VERTEX" source="#ID15" />
                    <input offset="1" semantic="TEXCOORD" source="#ID16" />
                    <p>0 0 1 1 2 2 1 1 0 0 3 3 3 4 12 5 1 6 12 5 3 4 13 7 18 8 2 9 19 10 2 9 18 8 0 11 13 12 24 13 12 14 24 13 13 12 25 15 30 16 19 17 31 18 19 17 30 16 18 19 24 20 36 21 37 22 36 21 24 20 25 23 42 24 31 25 43 26 31 25 42 24 30 27 36 28 48 29 37 30 48 29 36 28 49 31 54 32 43 33 55 34 43 33 54 32 42 35 49 36 60 37 48 38 60 37 49 36 61 39 66 40 55 41 67 42 55 41 66 40 54 43 61 44 72 45 60 46 72 45 61 44 73 47 78 48 67 49 79 50 67 49 78 48 66 51 73 52 84 53 72 54 84 53 73 52 85 55 90 56 78 57 79 58 78 57 90 56 91 59 84 60 96 61 97 62 96 61 84 60 85 63 102 64 90 65 103 66 90 65 102 64 91 67 97 68 108 69 109 70 108 69 97 68 96 71 114 72 103 73 115 74 103 73 114 72 102 75 109 76 120 77 121 78 120 77 109 76 108 79 126 80 115 81 127 82 115 81 126 80 114 83 121 84 132 85 133 86 132 85 121 84 120 87 138 88 126 89 127 90 126 89 138 88 139 91 133 92 139 93 138 94 139 93 133 92 132 95</p>
                </triangles>
                <triangles count="48" material="Material3">
                    <input offset="0" semantic="VERTEX" source="#ID15" />
                    <p>4 5 6 7 6 5 14 4 15 6 15 4 5 20 7 21 7 20 26 14 27 15 27 14 20 32 21 33 21 32 26 27 38 39 38 27 32 44 33 45 33 44 50 38 51 39 51 38 44 56 45 57 45 56 62 50 63 51 63 50 56 68 57 69 57 68 74 62 75 63 75 62 68 80 69 81 69 80 86 74 87 75 87 74 92 93 80 81 80 93 86 87 98 99 98 87 92 104 93 105 93 104 98 99 110 111 110 99 104 116 105 117 105 116 110 111 122 123 122 111 116 128 117 129 117 128 122 123 134 135 134 123 140 141 128 129 128 141 134 135 140 141 140 135</p>
                </triangles>
                <lines count="72" material="Material4">
                    <input offset="0" semantic="VERTEX" source="#ID15" />
                    <p>8 9 10 9 11 10 11 8 9 16 17 16 10 17 22 8 23 11 23 22 16 28 29 28 17 29 34 22 35 23 35 34 28 40 41 40 29 41 46 34 47 35 47 46 40 52 53 52 41 53 58 46 59 47 59 58 52 64 65 64 53 65 70 71 71 58 70 59 64 76 77 76 65 77 82 83 83 71 82 70 76 88 89 88 77 89 94 95 95 83 94 82 89 100 88 101 100 101 106 107 107 95 106 94 100 112 101 113 112 113 118 119 119 107 118 106 112 124 113 125 124 125 130 131 131 119 130 118 124 136 125 137 136 137 142 130 142 143 143 131 136 142 137 143</p>
                </lines>
            </mesh>
        </geometry>
        <geometry id="ID25">
            <mesh>
                <source id="ID28">
                    <float_array id="ID32" count="216">0.00469526 0.2202415 19.68504 0.00469526 0.2915696 19.68504 -1.136868e-13 0.2559055 19.68504 0.01846107 0.1870079 19.68504 0.01846107 0.3248031 19.68504 0.0403593 0.1584695 19.68504 0.0403593 0.3533415 19.68504 0.06889764 0.3752397 19.68504 0.06889764 0.1365713 19.68504 0.1021312 0.3890055 19.68504 0.1021312 0.1228055 19.68504 0.1377953 0.1181102 19.68504 0.1377953 0.3937008 19.68504 0.1734593 0.1228055 19.68504 0.1734593 0.3890055 19.68504 0.2066929 0.3752397 19.68504 0.2066929 0.1365713 19.68504 0.2352312 0.3533415 19.68504 0.2352312 0.1584695 19.68504 0.2571295 0.3248031 19.68504 0.2571295 0.1870079 19.68504 0.2708953 0.2202415 19.68504 0.2708953 0.2915696 19.68504 0.2755906 0.2559055 19.68504 0.2755906 0.2559055 19.68504 0.2708953 0.2202415 19.68504 0.2708953 0.2915696 19.68504 0.2571295 0.3248031 19.68504 0.2571295 0.1870079 19.68504 0.2352312 0.1584695 19.68504 0.2352312 0.3533415 19.68504 0.2066929 0.1365713 19.68504 0.2066929 0.3752397 19.68504 0.1734593 0.1228055 19.68504 0.1734593 0.3890055 19.68504 0.1377953 0.3937008 19.68504 0.1377953 0.1181102 19.68504 0.1021312 0.3890055 19.68504 0.1021312 0.1228055 19.68504 0.06889764 0.1365713 19.68504 0.06889764 0.3752397 19.68504 0.0403593 0.1584695 19.68504 0.0403593 0.3533415 19.68504 0.01846107 0.3248031 19.68504 0.01846107 0.1870079 19.68504 0.00469526 0.2915696 19.68504 0.00469526 0.2202415 19.68504 -1.136868e-13 0.2559055 19.68504 0.1377953 0.1181102 19.68504 0.1021312 0.1228055 19.68504 0.1734593 0.1228055 19.68504 0.2066929 0.1365713 19.68504 0.2352312 0.1584695 19.68504 0.2571295 0.1870079 19.68504 0.2708953 0.2202415 19.68504 0.2755906 0.2559055 19.68504 0.2708953 0.2915696 19.68504 0.2571295 0.3248031 19.68504 0.2352312 0.3533415 19.68504 0.2066929 0.3752397 19.68504 0.1734593 0.3890055 19.68504 0.1377953 0.3937008 19.68504 0.1021312 0.3890055 19.68504 0.06889764 0.3752397 19.68504 0.0403593 0.3533415 19.68504 0.01846107 0.3248031 19.68504 0.00469526 0.2915696 19.68504 -1.136868e-13 0.2559055 19.68504 0.00469526 0.2202415 19.68504 0.01846107 0.1870079 19.68504 0.0403593 0.1584695 19.68504 0.06889764 0.1365713 19.68504</float_array>
                    <technique_common>
                        <accessor count="72" source="#ID32" stride="3">
                            <param name="X" type="float" />
                            <param name="Y" type="float" />
                            <param name="Z" type="float" />
                        </accessor>
                    </technique_common>
                </source>
                <source id="ID29">
                    <float_array id="ID33" count="216">-1.577021e-17 3.154043e-17 1 -1.577021e-17 3.154043e-17 1 -1.577021e-17 3.154043e-17 1 -1.577021e-17 3.154043e-17 1 -1.577021e-17 3.154043e-17 1 -1.577021e-17 3.154043e-17 1 -1.577021e-17 3.154043e-17 1 -1.577021e-17 3.154043e-17 1 -1.577021e-17 3.154043e-17 1 -1.577021e-17 3.154043e-17 1 -1.577021e-17 3.154043e-17 1 -1.577021e-17 3.154043e-17 1 -1.577021e-17 3.154043e-17 1 -1.577021e-17 3.154043e-17 1 -1.577021e-17 3.154043e-17 1 -1.577021e-17 3.154043e-17 1 -1.577021e-17 3.154043e-17 1 -1.577021e-17 3.154043e-17 1 -1.577021e-17 3.154043e-17 1 -1.577021e-17 3.154043e-17 1 -1.577021e-17 3.154043e-17 1 -1.577021e-17 3.154043e-17 1 -1.577021e-17 3.154043e-17 1 -1.577021e-17 3.154043e-17 1 1.577021e-17 -3.154043e-17 -1 1.577021e-17 -3.154043e-17 -1 1.577021e-17 -3.154043e-17 -1 1.577021e-17 -3.154043e-17 -1 1.577021e-17 -3.154043e-17 -1 1.577021e-17 -3.154043e-17 -1 1.577021e-17 -3.154043e-17 -1 1.577021e-17 -3.154043e-17 -1 1.577021e-17 -3.154043e-17 -1 1.577021e-17 -3.154043e-17 -1 1.577021e-17 -3.154043e-17 -1 1.577021e-17 -3.154043e-17 -1 1.577021e-17 -3.154043e-17 -1 1.577021e-17 -3.154043e-17 -1 1.577021e-17 -3.154043e-17 -1 1.577021e-17 -3.154043e-17 -1 1.577021e-17 -3.154043e-17 -1 1.577021e-17 -3.154043e-17 -1 1.577021e-17 -3.154043e-17 -1 1.577021e-17 -3.154043e-17 -1 1.577021e-17 -3.154043e-17 -1 1.577021e-17 -3.154043e-17 -1 1.577021e-17 -3.154043e-17 -1 1.577021e-17 -3.154043e-17 -1 0 0 0 0 0 0 0 0 0 0 0 0 0 0 0 0 0 0 0 0 0 0 0 0 0 0 0 0 0 0 0 0 0 0 0 0 0 0 0 0 0 0 0 0 0 0 0 0 0 0 0 0 0 0 0 0 0 0 0 0 0 0 0 0 0 0 0 0 0 0 0 0</float_array>
                    <technique_common>
                        <accessor count="72" source="#ID33" stride="3">
                            <param name="X" type="float" />
                            <param name="Y" type="float" />
                            <param name="Z" type="float" />
                        </accessor>
                    </technique_common>
                </source>
                <source id="ID30">
                    <Name_array id="ID34" count="0" />
                    <technique_common>
                        <accessor count="0" source="#ID34" stride="1">
                            <param name="skp_material" type="Name" />
                        </accessor>
                    </technique_common>
                </source>
                <vertices id="ID31">
                    <input semantic="POSITION" source="#ID28" />
                    <input semantic="NORMAL" source="#ID29" />
                </vertices>
                <triangles count="22" material="Material3">
                    <input offset="0" semantic="VERTEX" source="#ID31" />
                    <p>0 1 2 1 0 3 1 3 4 4 3 5 4 5 6 6 5 7 7 5 8 7 8 9 9 8 10 9 10 11 9 11 12 12 11 13 12 13 14 14 13 15 15 13 16 15 16 17 17 16 18 17 18 19 19 18 20 19 20 21 19 21 22 22 21 23</p>
                </triangles>
                <triangles count="22" material="Material2">
                    <input offset="0" semantic="VERTEX" source="#ID31" />
                    <p>24 25 26 26 25 27 25 28 27 28 29 27 27 29 30 29 31 30 30 31 32 31 33 32 32 33 34 34 33 35 33 36 35 35 36 37 36 38 37 38 39 37 37 39 40 39 41 40 40 41 42 42 41 43 41 44 43 43 44 45 44 46 45 47 45 46</p>
                </triangles>
                <lines count="24" material="Material4">
                    <input offset="0" semantic="VERTEX" source="#ID31" />
                    <p>48 49 50 48 51 50 52 51 53 52 54 53 55 54 56 55 57 56 58 57 59 58 60 59 61 60 62 61 63 62 64 63 65 64 66 65 67 66 68 67 69 68 70 69 71 70 49 71</p>
                </lines>
            </mesh>
        </geometry>
        <geometry id="ID35">
            <mesh>
                <source id="ID36">
                    <float_array id="ID40" count="216">0.006707515 0.247799 -2.842171e-14 0.006707515 0.1459018 2.842171e-14 1.705303e-13 0.1968504 0 0.02637295 0.2952756 2.842171e-14 0.02637295 0.0984252 2.842171e-14 0.05765615 0.3360446 2.842171e-14 0.05765615 0.05765615 2.842171e-14 0.0984252 0.3673278 2.842171e-14 0.0984252 0.02637295 2.842171e-14 0.1459018 0.3869933 -2.842171e-14 0.1459018 0.006707515 2.842171e-14 0.1968504 2.273737e-13 5.684342e-14 0.1968504 0.3937008 -2.842171e-14 0.247799 0.006707515 2.842171e-14 0.247799 0.3869933 -2.842171e-14 0.2952756 0.02637295 2.842171e-14 0.2952756 0.3673278 -2.842171e-14 0.3360446 0.05765615 2.842171e-14 0.3360446 0.3360446 2.842171e-14 0.3673278 0.0984252 2.842171e-14 0.3673278 0.2952756 2.842171e-14 0.3869933 0.1459018 0 0.3869933 0.247799 0 0.3937008 0.1968504 0 0.3937008 0.1968504 0 0.3869933 0.247799 0 0.3869933 0.1459018 0 0.3673278 0.2952756 2.842171e-14 0.3673278 0.0984252 2.842171e-14 0.3360446 0.3360446 2.842171e-14 0.3360446 0.05765615 2.842171e-14 0.2952756 0.3673278 -2.842171e-14 0.2952756 0.02637295 2.842171e-14 0.247799 0.3869933 -2.842171e-14 0.247799 0.006707515 2.842171e-14 0.1968504 0.3937008 -2.842171e-14 0.1968504 2.273737e-13 5.684342e-14 0.1459018 0.3869933 -2.842171e-14 0.1459018 0.006707515 2.842171e-14 0.0984252 0.02637295 2.842171e-14 0.0984252 0.3673278 2.842171e-14 0.05765615 0.05765615 2.842171e-14 0.05765615 0.3360446 2.842171e-14 0.02637295 0.0984252 2.842171e-14 0.02637295 0.2952756 2.842171e-14 0.006707515 0.1459018 2.842171e-14 0.006707515 0.247799 -2.842171e-14 1.705303e-13 0.1968504 0 0.1968504 2.273737e-13 5.684342e-14 0.1459018 0.006707515 2.842171e-14 0.0984252 0.02637295 2.842171e-14 0.05765615 0.05765615 2.842171e-14 0.02637295 0.0984252 2.842171e-14 0.006707515 0.1459018 2.842171e-14 1.705303e-13 0.1968504 0 0.006707515 0.247799 -2.842171e-14 0.02637295 0.2952756 2.842171e-14 0.05765615 0.3360446 2.842171e-14 0.0984252 0.3673278 2.842171e-14 0.1459018 0.3869933 -2.842171e-14 0.1968504 0.3937008 -2.842171e-14 0.247799 0.3869933 -2.842171e-14 0.2952756 0.3673278 -2.842171e-14 0.3360446 0.3360446 2.842171e-14 0.3673278 0.2952756 2.842171e-14 0.3869933 0.247799 0 0.3937008 0.1968504 0 0.3869933 0.1459018 0 0.3673278 0.0984252 2.842171e-14 0.3360446 0.05765615 2.842171e-14 0.2952756 0.02637295 2.842171e-14 0.247799 0.006707515 2.842171e-14</float_array>
                    <technique_common>
                        <accessor count="72" source="#ID40" stride="3">
                            <param name="X" type="float" />
                            <param name="Y" type="float" />
                            <param name="Z" type="float" />
                        </accessor>
                    </technique_common>
                </source>
                <source id="ID37">
                    <float_array id="ID41" count="216">1.577021e-17 -3.154043e-17 -1 1.577021e-17 -3.154043e-17 -1 1.577021e-17 -3.154043e-17 -1 1.577021e-17 -3.154043e-17 -1 1.577021e-17 -3.154043e-17 -1 1.577021e-17 -3.154043e-17 -1 1.577021e-17 -3.154043e-17 -1 1.577021e-17 -3.154043e-17 -1 1.577021e-17 -3.154043e-17 -1 1.577021e-17 -3.154043e-17 -1 1.577021e-17 -3.154043e-17 -1 1.577021e-17 -3.154043e-17 -1 1.577021e-17 -3.154043e-17 -1 1.577021e-17 -3.154043e-17 -1 1.577021e-17 -3.154043e-17 -1 1.577021e-17 -3.154043e-17 -1 1.577021e-17 -3.154043e-17 -1 1.577021e-17 -3.154043e-17 -1 1.577021e-17 -3.154043e-17 -1 1.577021e-17 -3.154043e-17 -1 1.577021e-17 -3.154043e-17 -1 1.577021e-17 -3.154043e-17 -1 1.577021e-17 -3.154043e-17 -1 1.577021e-17 -3.154043e-17 -1 -1.577021e-17 3.154043e-17 1 -1.577021e-17 3.154043e-17 1 -1.577021e-17 3.154043e-17 1 -1.577021e-17 3.154043e-17 1 -1.577021e-17 3.154043e-17 1 -1.577021e-17 3.154043e-17 1 -1.577021e-17 3.154043e-17 1 -1.577021e-17 3.154043e-17 1 -1.577021e-17 3.154043e-17 1 -1.577021e-17 3.154043e-17 1 -1.577021e-17 3.154043e-17 1 -1.577021e-17 3.154043e-17 1 -1.577021e-17 3.154043e-17 1 -1.577021e-17 3.154043e-17 1 -1.577021e-17 3.154043e-17 1 -1.577021e-17 3.154043e-17 1 -1.577021e-17 3.154043e-17 1 -1.577021e-17 3.154043e-17 1 -1.577021e-17 3.154043e-17 1 -1.577021e-17 3.154043e-17 1 -1.577021e-17 3.154043e-17 1 -1.577021e-17 3.154043e-17 1 -1.577021e-17 3.154043e-17 1 -1.577021e-17 3.154043e-17 1 0 0 0 0 0 0 0 0 0 0 0 0 0 0 0 0 0 0 0 0 0 0 0 0 0 0 0 0 0 0 0 0 0 0 0 0 0 0 0 0 0 0 0 0 0 0 0 0 0 0 0 0 0 0 0 0 0 0 0 0 0 0 0 0 0 0 0 0 0 0 0 0</float_array>
                    <technique_common>
                        <accessor count="72" source="#ID41" stride="3">
                            <param name="X" type="float" />
                            <param name="Y" type="float" />
                            <param name="Z" type="float" />
                        </accessor>
                    </technique_common>
                </source>
                <source id="ID38">
                    <Name_array id="ID42" count="0" />
                    <technique_common>
                        <accessor count="0" source="#ID42" stride="1">
                            <param name="skp_material" type="Name" />
                        </accessor>
                    </technique_common>
                </source>
                <vertices id="ID39">
                    <input semantic="POSITION" source="#ID36" />
                    <input semantic="NORMAL" source="#ID37" />
                </vertices>
                <triangles count="22" material="Material3">
                    <input offset="0" semantic="VERTEX" source="#ID39" />
                    <p>0 1 2 1 0 3 1 3 4 4 3 5 4 5 6 6 5 7 6 7 8 8 7 9 8 9 10 10 9 11 11 9 12 11 12 13 13 12 14 13 14 15 15 14 16 15 16 17 17 16 18 17 18 19 19 18 20 19 20 21 21 20 22 21 22 23</p>
                </triangles>
                <triangles count="22" material="Material2">
                    <input offset="0" semantic="VERTEX" source="#ID39" />
                    <p>24 25 26 25 27 26 26 27 28 27 29 28 28 29 30 29 31 30 30 31 32 31 33 32 32 33 34 33 35 34 34 35 36 35 37 36 36 37 38 38 37 39 37 40 39 39 40 41 40 42 41 41 42 43 42 44 43 43 44 45 44 46 45 47 45 46</p>
                </triangles>
                <lines count="24" material="Material4">
                    <input offset="0" semantic="VERTEX" source="#ID39" />
                    <p>48 49 49 50 50 51 51 52 52 53 53 54 54 55 55 56 56 57 57 58 58 59 59 60 60 61 61 62 62 63 63 64 64 65 65 66 66 67 67 68 68 69 69 70 70 71 71 48</p>
                </lines>
            </mesh>
        </geometry>
        <geometry id="ID47">
            <mesh>
                <source id="ID53">
                    <float_array id="ID60" count="2385">2.362205 2.362205 2.834646 2.056513 1.832731 2.770254 1.929891 1.929891 2.770254 1.929891 1.929891 2.770254 2.056513 1.832731 2.770254 2.362205 2.362205 2.834646 2.056513 1.832731 2.770254 2.362205 2.362205 2.834646 1.929891 1.929891 2.770254 2.203967 1.771654 2.770254 2.203967 1.771654 2.770254 2.203967 1.771654 2.770254 1.771654 1.33934 2.581465 1.527039 1.527039 2.581465 1.771654 1.33934 2.581465 1.527039 1.527039 2.581465 1.771654 1.33934 2.581465 1.527039 1.527039 2.581465 1.832731 2.056513 2.770254 1.832731 2.056513 2.770254 1.832731 2.056513 2.770254 2.362205 1.750821 2.770254 2.362205 1.750821 2.770254 2.362205 1.750821 2.770254 2.056513 1.221347 2.581465 2.056513 1.221347 2.581465 2.056513 1.221347 2.581465 1.527039 0.9156557 2.281147 1.181102 1.181102 2.281147 1.527039 0.9156557 2.281147 1.181102 1.181102 2.281147 1.527039 0.9156557 2.281147 1.181102 1.181102 2.281147 1.33934 1.771654 2.581465 1.33934 1.771654 2.581465 1.33934 1.771654 2.581465 1.771654 2.203967 2.770254 1.771654 2.203967 2.770254 1.771654 2.203967 2.770254 2.520442 1.771654 2.770254 2.520442 1.771654 2.770254 2.520442 1.771654 2.770254 2.362205 1.181102 2.581465 2.362205 1.181102 2.581465 2.362205 1.181102 2.581465 1.929891 0.7487889 2.281147 1.929891 0.7487889 2.281147 1.929891 0.7487889 2.281147 1.33934 0.5905512 1.889764 0.9156557 0.9156557 1.889764 1.33934 0.5905512 1.889764 0.9156557 0.9156557 1.889764 1.33934 0.5905512 1.889764 0.9156557 0.9156557 1.889764 0.9156557 1.527039 2.281147 0.9156557 1.527039 2.281147 0.9156557 1.527039 2.281147 1.221347 2.056513 2.581465 1.221347 2.056513 2.581465 1.221347 2.056513 2.581465 1.750821 2.362205 2.770254 1.750821 2.362205 2.770254 1.750821 2.362205 2.770254 2.667897 1.832731 2.770254 2.667897 1.832731 2.770254 2.667897 1.832731 2.770254 2.667897 1.221347 2.581465 2.667897 1.221347 2.581465 2.667897 1.221347 2.581465 2.362205 0.6918737 2.281147 2.362205 0.6918737 2.281147 2.362205 0.6918737 2.281147 1.832731 0.386182 1.889764 1.832731 0.386182 1.889764 1.832731 0.386182 1.889764 1.221347 0.386182 1.433989 0.7487889 0.7487889 1.433989 1.221347 0.386182 1.433989 0.7487889 0.7487889 1.433989 1.221347 0.386182 1.433989 0.7487889 0.7487889 1.433989 0.5905512 1.33934 1.889764 0.5905512 1.33934 1.889764 0.5905512 1.33934 1.889764 0.7487889 1.929891 2.281147 0.7487889 1.929891 2.281147 0.7487889 1.929891 2.281147 1.181102 2.362205 2.581465 1.181102 2.362205 2.581465 1.181102 2.362205 2.581465 1.771654 2.520442 2.770254 1.771654 2.520442 2.770254 1.771654 2.520442 2.770254 2.794518 1.929891 2.770254 2.794518 1.929891 2.770254 2.794518 1.929891 2.770254 2.952756 1.33934 2.581465 2.952756 1.33934 2.581465 2.952756 1.33934 2.581465 2.794518 0.7487889 2.281147 2.794518 0.7487889 2.281147 2.794518 0.7487889 2.281147 2.362205 0.3164754 1.889764 2.362205 0.3164754 1.889764 2.362205 0.3164754 1.889764 1.771654 0.1582377 1.433989 1.771654 0.1582377 1.433989 1.771654 0.1582377 1.433989 1.181102 0.3164754 0.9448819 0.6918737 0.6918737 0.9448819 1.181102 0.3164754 0.9448819 0.6918737 0.6918737 0.9448819 1.181102 0.3164754 0.9448819 0.6918737 0.6918737 0.9448819 0.386182 1.221347 1.433989 0.386182 1.221347 1.433989 0.386182 1.221347 1.433989 0.386182 1.832731 1.889764 0.386182 1.832731 1.889764 0.386182 1.832731 1.889764 0.6918737 2.362205 2.281147 0.6918737 2.362205 2.281147 0.6918737 2.362205 2.281147 1.221347 2.667897 2.581465 1.221347 2.667897 2.581465 1.221347 2.667897 2.581465 1.832731 2.667897 2.770254 1.832731 2.667897 2.770254 1.832731 2.667897 2.770254 2.891678 2.056513 2.770254 2.891678 2.056513 2.770254 2.891678 2.056513 2.770254 3.19737 1.527039 2.581465 3.19737 1.527039 2.581465 3.19737 1.527039 2.581465 3.19737 0.9156557 2.281147 3.19737 0.9156557 2.281147 3.19737 0.9156557 2.281147 2.891678 0.386182 1.889764 2.891678 0.386182 1.889764 2.891678 0.386182 1.889764 2.362205 0.08049017 1.433989 2.362205 0.08049017 1.433989 2.362205 0.08049017 1.433989 1.750821 0.08049017 0.9448819 1.750821 0.08049017 0.9448819 1.750821 0.08049017 0.9448819 0.6918737 0.6918737 0.9448819 1.221347 0.386182 0.455775 0.7487889 0.7487889 0.455775 1.181102 0.3164754 0.9448819 1.181102 0.3164754 0.9448819 0.6918737 0.6918737 0.9448819 1.221347 0.386182 0.455775 0.7487889 0.7487889 0.455775 1.221347 0.386182 0.455775 0.7487889 0.7487889 0.455775 0.3164754 1.181102 0.9448819 0.3164754 1.181102 0.9448819 0.3164754 1.181102 0.9448819 0.1582377 1.771654 1.433989 0.1582377 1.771654 1.433989 0.1582377 1.771654 1.433989 0.3164754 2.362205 1.889764 0.3164754 2.362205 1.889764 0.3164754 2.362205 1.889764 0.7487889 2.794518 2.281147 0.7487889 2.794518 2.281147 0.7487889 2.794518 2.281147 1.33934 2.952756 2.581465 1.33934 2.952756 2.581465 1.33934 2.952756 2.581465 1.929891 2.794518 2.770254 1.929891 2.794518 2.770254 1.929891 2.794518 2.770254 2.952756 2.203967 2.770254 2.952756 2.203967 2.770254 2.952756 2.203967 2.770254 3.385069 1.771654 2.581465 3.385069 1.771654 2.581465 3.385069 1.771654 2.581465 3.543307 1.181102 2.281147 3.543307 1.181102 2.281147 3.543307 1.181102 2.281147 3.385069 0.5905512 1.889764 3.385069 0.5905512 1.889764 3.385069 0.5905512 1.889764 2.952756 0.1582377 1.433989 2.952756 0.1582377 1.433989 2.952756 0.1582377 1.433989 2.362205 0 0.9448819 2.362205 0 0.9448819 2.362205 0 0.9448819 1.771654 0.1582377 0.455775 1.750821 0.08049017 0.9448819 1.750821 0.08049017 0.9448819 1.771654 0.1582377 0.455775 1.771654 0.1582377 0.455775 1.33934 0.5905512 0 0.9156557 0.9156557 0 1.33934 0.5905512 0 0.9156557 0.9156557 0 1.33934 0.5905512 0 0.9156557 0.9156557 0 0.3164754 1.181102 0.9448819 0.386182 1.221347 0.455775 0.386182 1.221347 0.455775 0.3164754 1.181102 0.9448819 0.386182 1.221347 0.455775 0.08049017 1.750821 0.9448819 0.08049017 1.750821 0.9448819 0.08049017 1.750821 0.9448819 0.08049017 2.362205 1.433989 0.08049017 2.362205 1.433989 0.08049017 2.362205 1.433989 0.386182 2.891678 1.889764 0.386182 2.891678 1.889764 0.386182 2.891678 1.889764 0.9156557 3.19737 2.281147 0.9156557 3.19737 2.281147 0.9156557 3.19737 2.281147 1.527039 3.19737 2.581465 1.527039 3.19737 2.581465 1.527039 3.19737 2.581465 2.056513 2.891678 2.770254 2.056513 2.891678 2.770254 2.056513 2.891678 2.770254 2.973588 2.362205 2.770254 2.973588 2.362205 2.770254 2.973588 2.362205 2.770254 3.503062 2.056513 2.581465 3.503062 2.056513 2.581465 3.503062 2.056513 2.581465 3.808754 1.527039 2.281147 3.808754 1.527039 2.281147 3.808754 1.527039 2.281147 3.808754 0.9156557 1.889764 3.808754 0.9156557 1.889764 3.808754 0.9156557 1.889764 3.503062 0.386182 1.433989 3.503062 0.386182 1.433989 3.503062 0.386182 1.433989 2.973588 0.08049017 0.9448819 2.973588 0.08049017 0.9448819 2.973588 0.08049017 0.9448819 2.362205 0.08049017 0.455775 2.362205 0 0.9448819 2.362205 0 0.9448819 2.362205 0.08049017 0.455775 2.362205 0.08049017 0.455775 1.832731 0.386182 0 1.832731 0.386182 0 1.832731 0.386182 0 1.33934 0.5905512 0 2.22301 2.22301 0.9448819 0.9156557 0.9156557 0 2.26378 2.191727 0.9448819 2.26378 2.191727 0.9448819 1.33934 0.5905512 0 2.22301 2.22301 0.9448819 0.9156557 0.9156557 0 2.26378 2.191727 0.9448819 2.22301 2.22301 0.9448819 0.5905512 1.33934 0 0.5905512 1.33934 0 0.5905512 1.33934 0 0.08049017 1.750821 0.9448819 0.1582377 1.771654 0.455775 0.1582377 1.771654 0.455775 0.08049017 1.750821 0.9448819 0.1582377 1.771654 0.455775 0 2.362205 0.9448819 0 2.362205 0.9448819 0 2.362205 0.9448819 0.1582377 2.952756 1.433989 0.1582377 2.952756 1.433989 0.1582377 2.952756 1.433989 0.5905512 3.385069 1.889764 0.5905512 3.385069 1.889764 0.5905512 3.385069 1.889764 1.181102 3.543307 2.281147 1.181102 3.543307 2.281147 1.181102 3.543307 2.281147 1.771654 3.385069 2.581465 1.771654 3.385069 2.581465 1.771654 3.385069 2.581465 2.203967 2.952756 2.770254 2.203967 2.952756 2.770254 2.203967 2.952756 2.770254 2.952756 2.520442 2.770254 2.952756 2.520442 2.770254 2.952756 2.520442 2.770254 3.543307 2.362205 2.581465 3.543307 2.362205 2.581465 3.543307 2.362205 2.581465 3.975621 1.929891 2.281147 3.975621 1.929891 2.281147 3.975621 1.929891 2.281147 4.133858 1.33934 1.889764 4.133858 1.33934 1.889764 4.133858 1.33934 1.889764 3.975621 0.7487889 1.433989 3.975621 0.7487889 1.433989 3.975621 0.7487889 1.433989 3.543307 0.3164754 0.9448819 3.543307 0.3164754 0.9448819 3.543307 0.3164754 0.9448819 2.952756 0.1582377 0.455775 2.973588 0.08049017 0.9448819 2.973588 0.08049017 0.9448819 2.952756 0.1582377 0.455775 2.952756 0.1582377 0.455775 2.362205 0.3164754 0 2.362205 0.3164754 0 2.362205 0.3164754 0 1.832731 0.386182 0 2.311256 2.172062 0.9448819 2.311256 2.172062 0.9448819 1.832731 0.386182 0 2.311256 2.172062 0.9448819 2.172062 2.311256 0.9448819 2.172062 2.413153 0.9448819 2.165354 2.362205 0.9448819 2.191727 2.26378 0.9448819 2.191727 2.46063 0.9448819 2.22301 2.22301 0.9448819 2.22301 2.501399 0.9448819 2.26378 2.191727 0.9448819 2.26378 2.532682 0.9448819 2.311256 2.172062 0.9448819 2.311256 2.552348 0.9448819 2.362205 2.165354 0.9448819 2.362205 2.559055 0.9448819 2.413153 2.172062 0.9448819 2.413153 2.552348 0.9448819 2.46063 2.191727 0.9448819 2.46063 2.532682 0.9448819 2.501399 2.22301 0.9448819 2.501399 2.501399 0.9448819 2.532682 2.46063 0.9448819 2.532682 2.26378 0.9448819 2.552348 2.311256 0.9448819 2.552348 2.413153 0.9448819 2.559055 2.362205 0.9448819 2.559055 2.362205 0.9448819 2.552348 2.311256 0.9448819 2.552348 2.413153 0.9448819 2.532682 2.46063 0.9448819 2.532682 2.26378 0.9448819 2.501399 2.22301 0.9448819 2.501399 2.501399 0.9448819 2.46063 2.532682 0.9448819 2.46063 2.191727 0.9448819 2.413153 2.552348 0.9448819 2.413153 2.172062 0.9448819 2.362205 2.559055 0.9448819 2.362205 2.165354 0.9448819 2.311256 2.552348 0.9448819 2.311256 2.172062 0.9448819 2.26378 2.532682 0.9448819 2.26378 2.191727 0.9448819 2.22301 2.501399 0.9448819 2.22301 2.22301 0.9448819 2.191727 2.46063 0.9448819 2.191727 2.26378 0.9448819 2.172062 2.413153 0.9448819 2.172062 2.311256 0.9448819 2.165354 2.362205 0.9448819 2.362205 2.165354 0.9448819 2.413153 2.172062 0.9448819 2.46063 2.191727 0.9448819 2.501399 2.22301 0.9448819 2.532682 2.26378 0.9448819 2.552348 2.311256 0.9448819 2.559055 2.362205 0.9448819 2.552348 2.413153 0.9448819 2.532682 2.46063 0.9448819 2.501399 2.501399 0.9448819 2.46063 2.532682 0.9448819 2.413153 2.552348 0.9448819 2.362205 2.559055 0.9448819 2.311256 2.552348 0.9448819 2.26378 2.532682 0.9448819 2.22301 2.501399 0.9448819 2.191727 2.46063 0.9448819 2.172062 2.413153 0.9448819 2.165354 2.362205 0.9448819 2.172062 2.311256 0.9448819 2.191727 2.26378 0.9448819 2.191727 2.26378 0.9448819 0.5905512 1.33934 0 2.191727 2.26378 0.9448819 0.5905512 1.33934 0 0.386182 1.832731 0 0.386182 1.832731 0 0.386182 1.832731 0 0 2.362205 0.9448819 0.08049017 2.362205 0.455775 0.08049017 2.362205 0.455775 0 2.362205 0.9448819 0.08049017 2.362205 0.455775 0.08049017 2.973588 0.9448819 0.08049017 2.973588 0.9448819 0.08049017 2.973588 0.9448819 0.386182 3.503062 1.433989 0.386182 3.503062 1.433989 0.386182 3.503062 1.433989 0.9156557 3.808754 1.889764 0.9156557 3.808754 1.889764 0.9156557 3.808754 1.889764 1.527039 3.808754 2.281147 1.527039 3.808754 2.281147 1.527039 3.808754 2.281147 2.056513 3.503062 2.581465 2.056513 3.503062 2.581465 2.056513 3.503062 2.581465 2.362205 2.973588 2.770254 2.362205 2.973588 2.770254 2.362205 2.973588 2.770254 2.891678 2.667897 2.770254 2.891678 2.667897 2.770254 2.891678 2.667897 2.770254 3.503062 2.667897 2.581465 3.503062 2.667897 2.581465 3.503062 2.667897 2.581465 4.032536 2.362205 2.281147 4.032536 2.362205 2.281147 4.032536 2.362205 2.281147 4.338227 1.832731 1.889764 4.338227 1.832731 1.889764 4.338227 1.832731 1.889764 4.338227 1.221347 1.433989 4.338227 1.221347 1.433989 4.338227 1.221347 1.433989 4.032536 0.6918737 0.9448819 4.032536 0.6918737 0.9448819 4.032536 0.6918737 0.9448819 3.503062 0.386182 0.455775 3.543307 0.3164754 0.9448819 3.543307 0.3164754 0.9448819 3.503062 0.386182 0.455775 3.503062 0.386182 0.455775 2.891678 0.386182 0 2.891678 0.386182 0 2.891678 0.386182 0 2.362205 0.3164754 0 2.362205 2.165354 0.9448819 2.362205 2.165354 0.9448819 2.362205 0.3164754 0 2.413153 2.172062 0.9448819 2.891678 0.386182 0 2.891678 0.386182 0 2.413153 2.172062 0.9448819 2.46063 2.191727 0.9448819 3.385069 0.5905512 0 3.385069 0.5905512 0 2.46063 2.191727 0.9448819 3.385069 0.5905512 0 2.501399 2.22301 0.9448819 3.808754 0.9156557 0 3.808754 0.9156557 0 2.501399 2.22301 0.9448819 3.808754 0.9156557 0 2.532682 2.26378 0.9448819 4.133858 1.33934 0 4.133858 1.33934 0 2.532682 2.26378 0.9448819 4.133858 1.33934 0 2.552348 2.311256 0.9448819 4.338227 1.832731 0 4.338227 1.832731 0 2.552348 2.311256 0.9448819 4.338227 1.832731 0 2.559055 2.362205 0.9448819 4.407934 2.362205 0 4.407934 2.362205 0 2.559055 2.362205 0.9448819 4.407934 2.362205 0 4.338227 2.891678 0 2.552348 2.413153 0.9448819 4.338227 2.891678 0 2.552348 2.413153 0.9448819 4.338227 2.891678 0 4.133858 3.385069 0 2.532682 2.46063 0.9448819 4.133858 3.385069 0 2.532682 2.46063 0.9448819 4.133858 3.385069 0 3.808754 3.808754 0 2.501399 2.501399 0.9448819 3.808754 3.808754 0 2.501399 2.501399 0.9448819 3.808754 3.808754 0 3.385069 4.133858 0 2.46063 2.532682 0.9448819 3.385069 4.133858 0 2.46063 2.532682 0.9448819 3.385069 4.133858 0 2.891678 4.338227 0 2.413153 2.552348 0.9448819 2.891678 4.338227 0 2.413153 2.552348 0.9448819 2.891678 4.338227 0 2.362205 4.407934 0 2.362205 2.559055 0.9448819 2.362205 4.407934 0 2.362205 2.559055 0.9448819 2.362205 4.407934 0 2.311256 2.552348 0.9448819 1.832731 4.338227 0 2.311256 2.552348 0.9448819 1.832731 4.338227 0 1.832731 4.338227 0 2.26378 2.532682 0.9448819 1.33934 4.133858 0 2.26378 2.532682 0.9448819 1.33934 4.133858 0 1.33934 4.133858 0 2.22301 2.501399 0.9448819 0.9156557 3.808754 0 2.22301 2.501399 0.9448819 0.9156557 3.808754 0 0.9156557 3.808754 0 2.191727 2.46063 0.9448819 0.5905512 3.385069 0 2.191727 2.46063 0.9448819 0.5905512 3.385069 0 0.5905512 3.385069 0 2.172062 2.413153 0.9448819 0.386182 2.891678 0 2.172062 2.413153 0.9448819 0.386182 2.891678 0 0.386182 2.891678 0 2.165354 2.362205 0.9448819 0.3164754 2.362205 0 2.165354 2.362205 0.9448819 0.3164754 2.362205 0 0.3164754 2.362205 0 0.386182 1.832731 0 2.172062 2.311256 0.9448819 2.172062 2.311256 0.9448819 0.386182 1.832731 0 0.3164754 2.362205 0 0.3164754 2.362205 0 0.08049017 2.973588 0.9448819 0.1582377 2.952756 0.455775 0.1582377 2.952756 0.455775 0.08049017 2.973588 0.9448819 0.1582377 2.952756 0.455775 0.3164754 3.543307 0.9448819 0.3164754 3.543307 0.9448819 0.3164754 3.543307 0.9448819 0.7487889 3.975621 1.433989 0.7487889 3.975621 1.433989 0.7487889 3.975621 1.433989 1.33934 4.133858 1.889764 1.33934 4.133858 1.889764 1.33934 4.133858 1.889764 1.929891 3.975621 2.281147 1.929891 3.975621 2.281147 1.929891 3.975621 2.281147 2.362205 3.543307 2.581465 2.362205 3.543307 2.581465 2.362205 3.543307 2.581465 2.520442 2.952756 2.770254 2.520442 2.952756 2.770254 2.520442 2.952756 2.770254 2.794518 2.794518 2.770254 2.794518 2.794518 2.770254 2.794518 2.794518 2.770254 3.385069 2.952756 2.581465 3.385069 2.952756 2.581465 3.385069 2.952756 2.581465 3.975621 2.794518 2.281147 3.975621 2.794518 2.281147 3.975621 2.794518 2.281147 4.407934 2.362205 1.889764 4.407934 2.362205 1.889764 4.407934 2.362205 1.889764 4.566172 1.771654 1.433989 4.566172 1.771654 1.433989 4.566172 1.771654 1.433989 4.407934 1.181102 0.9448819 4.407934 1.181102 0.9448819 4.407934 1.181102 0.9448819 3.975621 0.7487889 0.455775 4.032536 0.6918737 0.9448819 4.032536 0.6918737 0.9448819 3.975621 0.7487889 0.455775 3.975621 0.7487889 0.455775 3.385069 0.5905512 0 3.385069 0.5905512 0 3.808754 0.9156557 0 3.808754 0.9156557 0 4.338227 1.221347 0.455775 4.133858 1.33934 0 4.133858 1.33934 0 4.338227 1.221347 0.455775 4.338227 1.221347 0.455775 4.566172 1.771654 0.455775 4.338227 1.832731 0 4.338227 1.832731 0 4.566172 1.771654 0.455775 4.566172 1.771654 0.455775 4.643919 2.362205 0.455775 4.407934 2.362205 0 4.407934 2.362205 0 4.643919 2.362205 0.455775 4.643919 2.362205 0.455775 4.566172 2.952756 0.455775 4.338227 2.891678 0 4.338227 2.891678 0 4.566172 2.952756 0.455775 4.566172 2.952756 0.455775 4.133858 3.385069 0 4.338227 3.503062 0.455775 4.338227 3.503062 0.455775 4.133858 3.385069 0 4.338227 3.503062 0.455775 3.808754 3.808754 0 3.975621 3.975621 0.455775 3.975621 3.975621 0.455775 3.808754 3.808754 0 3.975621 3.975621 0.455775 3.385069 4.133858 0 3.503062 4.338227 0.455775 3.503062 4.338227 0.455775 3.385069 4.133858 0 3.503062 4.338227 0.455775 2.891678 4.338227 0 2.952756 4.566172 0.455775 2.952756 4.566172 0.455775 2.891678 4.338227 0 2.952756 4.566172 0.455775 2.362205 4.407934 0 2.362205 4.643919 0.455775 2.362205 4.643919 0.455775 2.362205 4.407934 0 2.362205 4.643919 0.455775 1.832731 4.338227 0 1.771654 4.566172 0.455775 1.771654 4.566172 0.455775 1.832731 4.338227 0 1.771654 4.566172 0.455775 1.33934 4.133858 0 1.221347 4.338227 0.455775 1.221347 4.338227 0.455775 1.33934 4.133858 0 1.221347 4.338227 0.455775 0.9156557 3.808754 0 0.7487889 3.975621 0.455775 0.7487889 3.975621 0.455775 0.9156557 3.808754 0 0.7487889 3.975621 0.455775 0.386182 3.503062 0.455775 0.5905512 3.385069 0 0.386182 3.503062 0.455775 0.5905512 3.385069 0 0.386182 3.503062 0.455775 0.386182 2.891678 0 0.386182 2.891678 0 0.3164754 3.543307 0.9448819 0.3164754 3.543307 0.9448819 0.6918737 4.032536 0.9448819 0.6918737 4.032536 0.9448819 0.6918737 4.032536 0.9448819 1.221347 4.338227 1.433989 1.221347 4.338227 1.433989 1.221347 4.338227 1.433989 1.832731 4.338227 1.889764 1.832731 4.338227 1.889764 1.832731 4.338227 1.889764 2.362205 4.032536 2.281147 2.362205 4.032536 2.281147 2.362205 4.032536 2.281147 2.667897 3.503062 2.581465 2.667897 3.503062 2.581465 2.667897 3.503062 2.581465 2.667897 2.891678 2.770254 2.667897 2.891678 2.770254 2.667897 2.891678 2.770254 3.19737 3.19737 2.581465 3.19737 3.19737 2.581465 3.19737 3.19737 2.581465 3.808754 3.19737 2.281147 3.808754 3.19737 2.281147 3.808754 3.19737 2.281147 4.338227 2.891678 1.889764 4.338227 2.891678 1.889764 4.338227 2.891678 1.889764 4.643919 2.362205 1.433989 4.643919 2.362205 1.433989 4.643919 2.362205 1.433989 4.643919 1.750821 0.9448819 4.643919 1.750821 0.9448819 4.643919 1.750821 0.9448819 4.407934 1.181102 0.9448819 4.407934 1.181102 0.9448819 4.643919 1.750821 0.9448819 4.643919 1.750821 0.9448819 4.724409 2.362205 0.9448819 4.724409 2.362205 0.9448819 4.724409 2.362205 0.9448819 4.643919 2.973588 0.9448819 4.643919 2.973588 0.9448819 4.643919 2.973588 0.9448819 4.407934 3.543307 0.9448819 4.407934 3.543307 0.9448819 4.407934 3.543307 0.9448819 4.032536 4.032536 0.9448819 4.032536 4.032536 0.9448819 4.032536 4.032536 0.9448819 3.543307 4.407934 0.9448819 3.543307 4.407934 0.9448819 3.543307 4.407934 0.9448819 2.973588 4.643919 0.9448819 2.973588 4.643919 0.9448819 2.973588 4.643919 0.9448819 2.362205 4.724409 0.9448819 2.362205 4.724409 0.9448819 2.362205 4.724409 0.9448819 1.750821 4.643919 0.9448819 1.750821 4.643919 0.9448819 1.750821 4.643919 0.9448819 1.181102 4.407934 0.9448819 1.181102 4.407934 0.9448819 1.181102 4.407934 0.9448819 0.6918737 4.032536 0.9448819 0.6918737 4.032536 0.9448819 1.181102 4.407934 0.9448819 1.181102 4.407934 0.9448819 1.771654 4.566172 1.433989 1.771654 4.566172 1.433989 1.771654 4.566172 1.433989 2.362205 4.407934 1.889764 2.362205 4.407934 1.889764 2.362205 4.407934 1.889764 2.794518 3.975621 2.281147 2.794518 3.975621 2.281147 2.794518 3.975621 2.281147 2.952756 3.385069 2.581465 2.952756 3.385069 2.581465 2.952756 3.385069 2.581465 3.543307 3.543307 2.281147 3.543307 3.543307 2.281147 3.543307 3.543307 2.281147 4.133858 3.385069 1.889764 4.133858 3.385069 1.889764 4.133858 3.385069 1.889764 4.566172 2.952756 1.433989 4.566172 2.952756 1.433989 4.566172 2.952756 1.433989 4.724409 2.362205 0.9448819 4.724409 2.362205 0.9448819 4.643919 2.973588 0.9448819 4.643919 2.973588 0.9448819 4.338227 3.503062 1.433989 4.407934 3.543307 0.9448819 4.407934 3.543307 0.9448819 4.338227 3.503062 1.433989 4.338227 3.503062 1.433989 3.975621 3.975621 1.433989 4.032536 4.032536 0.9448819 4.032536 4.032536 0.9448819 3.975621 3.975621 1.433989 3.975621 3.975621 1.433989 3.543307 4.407934 0.9448819 3.503062 4.338227 1.433989 3.503062 4.338227 1.433989 3.543307 4.407934 0.9448819 3.503062 4.338227 1.433989 2.973588 4.643919 0.9448819 2.952756 4.566172 1.433989 2.952756 4.566172 1.433989 2.973588 4.643919 0.9448819 2.952756 4.566172 1.433989 2.362205 4.724409 0.9448819 2.362205 4.643919 1.433989 2.362205 4.643919 1.433989 2.362205 4.724409 0.9448819 2.362205 4.643919 1.433989 1.750821 4.643919 0.9448819 1.750821 4.643919 0.9448819 2.891678 4.338227 1.889764 2.891678 4.338227 1.889764 2.891678 4.338227 1.889764 3.19737 3.808754 2.281147 3.19737 3.808754 2.281147 3.19737 3.808754 2.281147 3.808754 3.808754 1.889764 3.808754 3.808754 1.889764 3.808754 3.808754 1.889764 3.385069 4.133858 1.889764 3.385069 4.133858 1.889764 3.385069 4.133858 1.889764</float_array>
                    <technique_common>
                        <accessor count="795" source="#ID60" stride="3">
                            <param name="X" type="float" />
                            <param name="Y" type="float" />
                            <param name="Z" type="float" />
                        </accessor>
                    </technique_common>
                </source>
                <source id="ID54">
                    <float_array id="ID61" count="2385">3.096751e-15 -8.719592e-15 -1 0.1096883 0.1899857 -0.9756403 0.1551226 0.1551226 -0.9756403 -0.1551226 -0.1551226 0.9756403 -0.1096883 -0.1899857 0.9756403 -3.096751e-15 8.719592e-15 1 0 0 0 0 0 0 0 0 0 0.05677883 0.2119015 -0.9756403 -0.05677883 -0.2119015 0.9756403 0 0 0 0.2147333 0.371929 -0.9030827 0.3036787 0.3036787 -0.9030827 -0.2147333 -0.371929 0.9030827 -0.3036787 -0.3036787 0.9030827 0 0 0 0 0 0 0.1899857 0.1096883 -0.9756403 -0.1899857 -0.1096883 0.9756403 0 0 0 1.54318e-15 0.2193765 -0.9756403 -1.54318e-15 -0.2193765 0.9756403 0 0 0 0.1111541 0.4148329 -0.9030827 -0.1111541 -0.4148329 0.9030827 0 0 0 0.3169471 0.5489685 -0.7734198 0.4482309 0.4482309 -0.7734198 -0.3169471 -0.5489685 0.7734198 -0.4482309 -0.4482309 0.7734198 0 0 0 0 0 0 0.371929 0.2147333 -0.9030827 -0.371929 -0.2147333 0.9030827 0 0 0 0.2119015 0.05677883 -0.9756403 -0.2119015 -0.05677883 0.9756403 0 0 0 -0.05677883 0.2119015 -0.9756403 0.05677883 -0.2119015 0.9756403 0 0 0 1.041054e-14 0.4294666 -0.9030827 -1.041054e-14 -0.4294666 0.9030827 0 0 0 0.1640639 0.6122948 -0.7734198 -0.1640639 -0.6122948 0.7734198 0 0 0 0.4085779 0.7076777 -0.5764168 0.5778165 0.5778165 -0.5764168 -0.4085779 -0.7076777 0.5764168 -0.5778165 -0.5778165 0.5764168 0 0 0 0 0 0 0.5489685 0.3169471 -0.7734198 -0.5489685 -0.3169471 0.7734198 0 0 0 0.4148329 0.1111541 -0.9030827 -0.4148329 -0.1111541 0.9030827 0 0 0 0.2193765 -4.956882e-15 -0.9756403 -0.2193765 4.956882e-15 0.9756403 0 0 0 -0.1096883 0.1899857 -0.9756403 0.1096883 -0.1899857 0.9756403 0 0 0 -0.1111541 0.4148329 -0.9030827 0.1111541 -0.4148329 0.9030827 0 0 0 -2.209836e-14 0.6338942 -0.7734198 2.209836e-14 -0.6338942 0.7734198 0 0 0 0.2114955 0.789312 -0.5764168 -0.2114955 -0.789312 0.5764168 0 0 0 0.4751804 0.8230366 -0.3111501 0.6720066 0.6720066 -0.3111501 -0.4751804 -0.8230366 0.3111501 -0.6720066 -0.6720066 0.3111501 0 0 0 0 0 0 0.7076777 0.4085779 -0.5764168 -0.7076777 -0.4085779 0.5764168 0 0 0 0.6122948 0.1640639 -0.7734198 -0.6122948 -0.1640639 0.7734198 0 0 0 0.4294666 3.141165e-14 -0.9030827 -0.4294666 -3.141165e-14 0.9030827 0 0 0 0.2119015 -0.05677883 -0.9756403 -0.2119015 0.05677883 0.9756403 0 0 0 -0.1551226 0.1551226 -0.9756403 0.1551226 -0.1551226 0.9756403 0 0 0 -0.2147333 0.371929 -0.9030827 0.2147333 -0.371929 0.9030827 0 0 0 -0.1640639 0.6122948 -0.7734198 0.1640639 -0.6122948 0.7734198 0 0 0 -5.525155e-15 0.8171559 -0.5764168 5.525155e-15 -0.8171559 0.5764168 0 0 0 0.2459715 0.917978 -0.3111501 -0.2459715 -0.917978 0.3111501 0 0 0 0.493364 0.8545316 -0.1623815 0.6977221 0.6977221 -0.1623815 -0.493364 -0.8545316 0.1623815 -0.6977221 -0.6977221 0.1623815 0 0 0 0 0 0 0.8230366 0.4751804 -0.3111501 -0.8230366 -0.4751804 0.3111501 0 0 0 0.789312 0.2114955 -0.5764168 -0.789312 -0.2114955 0.5764168 0 0 0 0.6338942 4.905598e-14 -0.7734198 -0.6338942 -4.905598e-14 0.7734198 0 0 0 0.4148329 -0.1111541 -0.9030827 -0.4148329 0.1111541 0.9030827 0 0 0 0.1899857 -0.1096883 -0.9756403 -0.1899857 0.1096883 0.9756403 0 0 0 -0.1899857 0.1096883 -0.9756403 0.1899857 -0.1096883 0.9756403 0 0 0 -0.3036787 0.3036787 -0.9030827 0.3036787 -0.3036787 0.9030827 0 0 0 -0.3169471 0.5489685 -0.7734198 0.3169471 -0.5489685 0.7734198 0 0 0 -0.2114955 0.789312 -0.5764168 0.2114955 -0.789312 0.5764168 0 0 0 3.213398e-14 0.9503608 -0.3111501 -3.213398e-14 -0.9503608 0.3111501 0 0 0 0.255384 0.9531061 -0.1623815 -0.255384 -0.9531061 0.1623815 0 0 0 0.6977221 0.6977221 0.1623815 0.4751804 0.8230366 0.3111501 0.6720066 0.6720066 0.3111501 0.493364 0.8545316 0.1623815 -0.493364 -0.8545316 -0.1623815 -0.6977221 -0.6977221 -0.1623815 -0.4751804 -0.8230366 -0.3111501 -0.6720066 -0.6720066 -0.3111501 0 0 0 0 0 0 0.8545316 0.493364 -0.1623815 -0.8545316 -0.493364 0.1623815 0 0 0 0.917978 0.2459715 -0.3111501 -0.917978 -0.2459715 0.3111501 0 0 0 0.8171559 8.855205e-14 -0.5764168 -0.8171559 -8.855205e-14 0.5764168 0 0 0 0.6122948 -0.1640639 -0.7734198 -0.6122948 0.1640639 0.7734198 0 0 0 0.371929 -0.2147333 -0.9030827 -0.371929 0.2147333 0.9030827 0 0 0 0.1551226 -0.1551226 -0.9756403 -0.1551226 0.1551226 0.9756403 0 0 0 -0.2119015 0.05677883 -0.9756403 0.2119015 -0.05677883 0.9756403 0 0 0 -0.371929 0.2147333 -0.9030827 0.371929 -0.2147333 0.9030827 0 0 0 -0.4482309 0.4482309 -0.7734198 0.4482309 -0.4482309 0.7734198 0 0 0 -0.4085779 0.7076777 -0.5764168 0.4085779 -0.7076777 0.5764168 0 0 0 -0.2459715 0.917978 -0.3111501 0.2459715 -0.917978 0.3111501 0 0 0 -4.611215e-14 0.986728 -0.1623815 4.611215e-14 -0.986728 0.1623815 0 0 0 0.2459715 0.917978 0.3111501 0.255384 0.9531061 0.1623815 -0.255384 -0.9531061 -0.1623815 -0.2459715 -0.917978 -0.3111501 0 0 0 0.4440136 0.769054 0.4597911 0.62793 0.62793 0.4597911 -0.4440136 -0.769054 -0.4597911 -0.62793 -0.62793 -0.4597911 0 0 0 0 0 0 0.8545316 0.493364 0.1623815 0.8230366 0.4751804 0.3111501 -0.8230366 -0.4751804 -0.3111501 -0.8545316 -0.493364 -0.1623815 0 0 0 0.9531061 0.255384 -0.1623815 -0.9531061 -0.255384 0.1623815 0 0 0 0.9503608 1.27564e-13 -0.3111501 -0.9503608 -1.27564e-13 0.3111501 0 0 0 0.789312 -0.2114955 -0.5764168 -0.789312 0.2114955 0.5764168 0 0 0 0.5489685 -0.3169471 -0.7734198 -0.5489685 0.3169471 0.7734198 0 0 0 0.3036787 -0.3036787 -0.9030827 -0.3036787 0.3036787 0.9030827 0 0 0 0.1096883 -0.1899857 -0.9756403 -0.1096883 0.1899857 0.9756403 0 0 0 -0.2193765 -7.282229e-15 -0.9756403 0.2193765 7.282229e-15 0.9756403 0 0 0 -0.4148329 0.1111541 -0.9030827 0.4148329 -0.1111541 0.9030827 0 0 0 -0.5489685 0.3169471 -0.7734198 0.5489685 -0.3169471 0.7734198 0 0 0 -0.5778165 0.5778165 -0.5764168 0.5778165 -0.5778165 0.5764168 0 0 0 -0.4751804 0.8230366 -0.3111501 0.4751804 -0.8230366 0.3111501 0 0 0 -0.255384 0.9531061 -0.1623815 0.255384 -0.9531061 0.1623815 0 0 0 3.212941e-14 0.9503608 0.3111501 -4.609409e-14 0.986728 0.1623815 4.609409e-14 -0.986728 -0.1623815 -3.212941e-14 -0.9503608 -0.3111501 0 0 0 0.2298383 0.8577683 0.4597911 -0.2298383 -0.8577683 -0.4597911 0 0 0 -0.2275363 -0.3941044 0.8904543 -0.3217849 -0.3217849 0.8904543 -0.3217849 -0.3217849 0.8904543 -0.2275363 -0.3941044 0.8904543 0.2275363 0.3941044 -0.8904543 0.2275363 0.3941044 -0.8904543 0.3217849 0.3217849 -0.8904543 0.3217849 0.3217849 -0.8904543 0 0 0 0 0 0 0.769054 0.4440136 0.4597911 -0.769054 -0.4440136 -0.4597911 0 0 0 0.9531061 0.255384 0.1623815 0.917978 0.2459715 0.3111501 -0.917978 -0.2459715 -0.3111501 -0.9531061 -0.255384 -0.1623815 0 0 0 0.986728 1.881513e-13 -0.1623815 -0.986728 -1.881513e-13 0.1623815 0 0 0 0.917978 -0.2459715 -0.3111501 -0.917978 0.2459715 0.3111501 0 0 0 0.7076777 -0.4085779 -0.5764168 -0.7076777 0.4085779 0.5764168 0 0 0 0.4482309 -0.4482309 -0.7734198 -0.4482309 0.4482309 0.7734198 0 0 0 0.2147333 -0.371929 -0.9030827 -0.2147333 0.371929 0.9030827 0 0 0 0.05677883 -0.2119015 -0.9756403 -0.05677883 0.2119015 0.9756403 0 0 0 -0.2119015 -0.05677883 -0.9756403 0.2119015 0.05677883 0.9756403 0 0 0 -0.4294666 -3.113883e-15 -0.9030827 0.4294666 3.113883e-15 0.9030827 0 0 0 -0.6122948 0.1640639 -0.7734198 0.6122948 -0.1640639 0.7734198 0 0 0 -0.7076777 0.4085779 -0.5764168 0.7076777 -0.4085779 0.5764168 0 0 0 -0.6720066 0.6720066 -0.3111501 0.6720066 -0.6720066 0.3111501 0 0 0 -0.493364 0.8545316 -0.1623815 0.493364 -0.8545316 0.1623815 0 0 0 -0.2459715 0.917978 0.3111501 -0.255384 0.9531061 0.1623815 0.255384 -0.9531061 -0.1623815 0.2459715 -0.917978 -0.3111501 0 0 0 -3.156273e-14 0.8880271 0.4597911 3.156273e-14 -0.8880271 -0.4597911 0 0 0 -0.1177815 -0.4395664 0.8904543 -0.1177815 -0.4395664 0.8904543 0.1177815 0.4395664 -0.8904543 0.1177815 0.4395664 -0.8904543 0 0 0 0 0 1 0 0 1 0 0 1 0 0 1 0 0 1 0 0 1 0 0 1 0 0 1 0 0 1 0 0 1 0 0 1 0 0 1 0 0 1 0 0 1 0 0 1 0 0 1 0 0 1 0 0 1 0 0 1 0 0 1 0 0 1 0 0 1 0 0 1 0 0 1 -0 -0 -1 -0 -0 -1 -0 -0 -1 -0 -0 -1 -0 -0 -1 -0 -0 -1 -0 -0 -1 -0 -0 -1 -0 -0 -1 -0 -0 -1 -0 -0 -1 -0 -0 -1 -0 -0 -1 -0 -0 -1 -0 -0 -1 -0 -0 -1 -0 -0 -1 -0 -0 -1 -0 -0 -1 -0 -0 -1 -0 -0 -1 -0 -0 -1 -0 -0 -1 -0 -0 -1 0 0 0 0 0 0 0 0 0 0 0 0 0 0 0 0 0 0 0 0 0 0 0 0 0 0 0 0 0 0 0 0 0 0 0 0 0 0 0 0 0 0 0 0 0 0 0 0 0 0 0 0 0 0 0 0 0 0 0 0 0 0 0 -0.3941044 -0.2275363 0.8904543 -0.3941044 -0.2275363 0.8904543 0.3941044 0.2275363 -0.8904543 0.3941044 0.2275363 -0.8904543 0.8577683 0.2298383 0.4597911 -0.8577683 -0.2298383 -0.4597911 0 0 0 0.986728 1.881332e-13 0.1623815 0.9503608 1.275548e-13 0.3111501 -0.9503608 -1.275548e-13 -0.3111501 -0.986728 -1.881332e-13 -0.1623815 0 0 0 0.9531061 -0.255384 -0.1623815 -0.9531061 0.255384 0.1623815 0 0 0 0.8230366 -0.4751804 -0.3111501 -0.8230366 0.4751804 0.3111501 0 0 0 0.5778165 -0.5778165 -0.5764168 -0.5778165 0.5778165 0.5764168 0 0 0 0.3169471 -0.5489685 -0.7734198 -0.3169471 0.5489685 0.7734198 0 0 0 0.1111541 -0.4148329 -0.9030827 -0.1111541 0.4148329 0.9030827 0 0 0 -7.119672e-15 -0.2193765 -0.9756403 7.119672e-15 0.2193765 0.9756403 0 0 0 -0.1899857 -0.1096883 -0.9756403 0.1899857 0.1096883 0.9756403 0 0 0 -0.4148329 -0.1111541 -0.9030827 0.4148329 0.1111541 0.9030827 0 0 0 -0.6338942 -1.439779e-16 -0.7734198 0.6338942 1.439779e-16 0.7734198 0 0 0 -0.789312 0.2114955 -0.5764168 0.789312 -0.2114955 0.5764168 0 0 0 -0.8230366 0.4751804 -0.3111501 0.8230366 -0.4751804 0.3111501 0 0 0 -0.6977221 0.6977221 -0.1623815 0.6977221 -0.6977221 0.1623815 0 0 0 -0.4751804 0.8230366 0.3111501 -0.493364 0.8545316 0.1623815 0.493364 -0.8545316 -0.1623815 0.4751804 -0.8230366 -0.3111501 0 0 0 -0.2298383 0.8577683 0.4597911 0.2298383 -0.8577683 -0.4597911 0 0 0 4.096316e-15 -0.4550726 0.8904543 -1.339769e-14 -0.4550726 0.8904543 1.339769e-14 0.4550726 -0.8904543 -4.096316e-15 0.4550726 -0.8904543 0.1177815 -0.4395664 0.8904543 0.1177815 -0.4395664 0.8904543 -0.1177815 0.4395664 -0.8904543 -0.1177815 0.4395664 -0.8904543 0.2275363 -0.3941044 0.8904543 0.2275363 -0.3941044 0.8904543 -0.2275363 0.3941044 -0.8904543 -0.2275363 0.3941044 -0.8904543 0 0 0 0.3217849 -0.3217849 0.8904543 0.3217849 -0.3217849 0.8904543 -0.3217849 0.3217849 -0.8904543 -0.3217849 0.3217849 -0.8904543 0 0 0 0.3941044 -0.2275363 0.8904543 0.3941044 -0.2275363 0.8904543 -0.3941044 0.2275363 -0.8904543 -0.3941044 0.2275363 -0.8904543 0 0 0 0.4395664 -0.1177815 0.8904543 0.4395664 -0.1177815 0.8904543 -0.4395664 0.1177815 -0.8904543 -0.4395664 0.1177815 -0.8904543 0 0 0 0.4550726 1.935496e-14 0.8904543 0.4550726 1.1376e-14 0.8904543 -0.4550726 -1.1376e-14 -0.8904543 -0.4550726 -1.935496e-14 -0.8904543 0 0 0 0.4395664 0.1177815 0.8904543 0.4395664 0.1177815 0.8904543 -0.4395664 -0.1177815 -0.8904543 -0.4395664 -0.1177815 -0.8904543 0 0 0 0.3941044 0.2275363 0.8904543 0.3941044 0.2275363 0.8904543 -0.3941044 -0.2275363 -0.8904543 -0.3941044 -0.2275363 -0.8904543 0 0 0 0.3217849 0.3217849 0.8904543 0.3217849 0.3217849 0.8904543 -0.3217849 -0.3217849 -0.8904543 -0.3217849 -0.3217849 -0.8904543 0 0 0 0.2275363 0.3941044 0.8904543 0.2275363 0.3941044 0.8904543 -0.2275363 -0.3941044 -0.8904543 -0.2275363 -0.3941044 -0.8904543 0 0 0 0.1177815 0.4395664 0.8904543 0.1177815 0.4395664 0.8904543 -0.1177815 -0.4395664 -0.8904543 -0.1177815 -0.4395664 -0.8904543 0 0 0 1.018104e-15 0.4550726 0.8904543 -9.113063e-15 0.4550726 0.8904543 -1.018104e-15 -0.4550726 -0.8904543 9.113063e-15 -0.4550726 -0.8904543 0 0 0 -0.1177815 0.4395664 0.8904543 -0.1177815 0.4395664 0.8904543 0.1177815 -0.4395664 -0.8904543 0.1177815 -0.4395664 -0.8904543 0 0 0 -0.2275363 0.3941044 0.8904543 -0.2275363 0.3941044 0.8904543 0.2275363 -0.3941044 -0.8904543 0.2275363 -0.3941044 -0.8904543 0 0 0 -0.3217849 0.3217849 0.8904543 -0.3217849 0.3217849 0.8904543 0.3217849 -0.3217849 -0.8904543 0.3217849 -0.3217849 -0.8904543 0 0 0 -0.3941044 0.2275363 0.8904543 -0.3941044 0.2275363 0.8904543 0.3941044 -0.2275363 -0.8904543 0.3941044 -0.2275363 -0.8904543 0 0 0 -0.4395664 0.1177815 0.8904543 -0.4395664 0.1177815 0.8904543 0.4395664 -0.1177815 -0.8904543 0.4395664 -0.1177815 -0.8904543 0 0 0 -0.4550726 1.417015e-13 0.8904543 -0.4550726 -8.282493e-14 0.8904543 0.4550726 -1.417015e-13 -0.8904543 0.4550726 8.282493e-14 -0.8904543 0 0 0 -0.4395664 -0.1177815 0.8904543 -0.4395664 -0.1177815 0.8904543 0.4395664 0.1177815 -0.8904543 0.4395664 0.1177815 -0.8904543 0.8880271 1.339188e-13 0.4597911 -0.8880271 -1.339188e-13 -0.4597911 0.9531061 -0.255384 0.1623815 0.917978 -0.2459715 0.3111501 -0.917978 0.2459715 -0.3111501 -0.9531061 0.255384 -0.1623815 0 0 0 0.8545316 -0.493364 -0.1623815 -0.8545316 0.493364 0.1623815 0 0 0 0.6720066 -0.6720066 -0.3111501 -0.6720066 0.6720066 0.3111501 0 0 0 0.4085779 -0.7076777 -0.5764168 -0.4085779 0.7076777 0.5764168 0 0 0 0.1640639 -0.6122948 -0.7734198 -0.1640639 0.6122948 0.7734198 0 0 0 2.839951e-15 -0.4294666 -0.9030827 -2.839951e-15 0.4294666 0.9030827 0 0 0 -0.05677883 -0.2119015 -0.9756403 0.05677883 0.2119015 0.9756403 0 0 0 -0.1551226 -0.1551226 -0.9756403 0.1551226 0.1551226 0.9756403 0 0 0 -0.371929 -0.2147333 -0.9030827 0.371929 0.2147333 0.9030827 0 0 0 -0.6122948 -0.1640639 -0.7734198 0.6122948 0.1640639 0.7734198 0 0 0 -0.8171559 -6.390868e-16 -0.5764168 0.8171559 6.390868e-16 0.5764168 0 0 0 -0.917978 0.2459715 -0.3111501 0.917978 -0.2459715 0.3111501 0 0 0 -0.8545316 0.493364 -0.1623815 0.8545316 -0.493364 0.1623815 0 0 0 -0.6720066 0.6720066 0.3111501 -0.6977221 0.6977221 0.1623815 0.6977221 -0.6977221 -0.1623815 0.6720066 -0.6720066 -0.3111501 0 0 0 -0.4440136 0.769054 0.4597911 0.4440136 -0.769054 -0.4597911 -0.62793 0.62793 0.4597911 0.62793 -0.62793 -0.4597911 -0.8230366 0.4751804 0.3111501 -0.769054 0.4440136 0.4597911 0.769054 -0.4440136 -0.4597911 0.8230366 -0.4751804 -0.3111501 0 0 0 -0.917978 0.2459715 0.3111501 -0.8577683 0.2298383 0.4597911 0.8577683 -0.2298383 -0.4597911 0.917978 -0.2459715 -0.3111501 0 0 0 -0.9503608 2.213147e-14 0.3111501 -0.8880271 5.106239e-15 0.4597911 0.8880271 -5.106239e-15 -0.4597911 0.9503608 -2.213147e-14 -0.3111501 0 0 0 -0.917978 -0.2459715 0.3111501 -0.8577683 -0.2298383 0.4597911 0.8577683 0.2298383 -0.4597911 0.917978 0.2459715 -0.3111501 0 0 0 -0.769054 -0.4440136 0.4597911 -0.8230366 -0.4751804 0.3111501 0.8230366 0.4751804 -0.3111501 0.769054 0.4440136 -0.4597911 0 0 0 -0.62793 -0.62793 0.4597911 -0.6720066 -0.6720066 0.3111501 0.6720066 0.6720066 -0.3111501 0.62793 0.62793 -0.4597911 0 0 0 -0.4440136 -0.769054 0.4597911 -0.4751804 -0.8230366 0.3111501 0.4751804 0.8230366 -0.3111501 0.4440136 0.769054 -0.4597911 0 0 0 -0.2298383 -0.8577683 0.4597911 -0.2459715 -0.917978 0.3111501 0.2459715 0.917978 -0.3111501 0.2298383 0.8577683 -0.4597911 0 0 0 -5.997261e-16 -0.8880271 0.4597911 5.010382e-15 -0.9503608 0.3111501 -5.010382e-15 0.9503608 -0.3111501 5.997261e-16 0.8880271 -0.4597911 0 0 0 0.2298383 -0.8577683 0.4597911 0.2459715 -0.917978 0.3111501 -0.2459715 0.917978 -0.3111501 -0.2298383 0.8577683 -0.4597911 0 0 0 0.4440136 -0.769054 0.4597911 0.4751804 -0.8230366 0.3111501 -0.4751804 0.8230366 -0.3111501 -0.4440136 0.769054 -0.4597911 0 0 0 0.62793 -0.62793 0.4597911 0.6720066 -0.6720066 0.3111501 -0.6720066 0.6720066 -0.3111501 -0.62793 0.62793 -0.4597911 0 0 0 0.8230366 -0.4751804 0.3111501 0.769054 -0.4440136 0.4597911 -0.8230366 0.4751804 -0.3111501 -0.769054 0.4440136 -0.4597911 0 0 0 0.8577683 -0.2298383 0.4597911 -0.8577683 0.2298383 -0.4597911 0.8545316 -0.493364 0.1623815 -0.8545316 0.493364 -0.1623815 0.6977221 -0.6977221 -0.1623815 -0.6977221 0.6977221 0.1623815 0 0 0 0.4751804 -0.8230366 -0.3111501 -0.4751804 0.8230366 0.3111501 0 0 0 0.2114955 -0.789312 -0.5764168 -0.2114955 0.789312 0.5764168 0 0 0 1.030342e-15 -0.6338942 -0.7734198 -1.030342e-15 0.6338942 0.7734198 0 0 0 -0.1111541 -0.4148329 -0.9030827 0.1111541 0.4148329 0.9030827 0 0 0 -0.1096883 -0.1899857 -0.9756403 0.1096883 0.1899857 0.9756403 0 0 0 -0.3036787 -0.3036787 -0.9030827 0.3036787 0.3036787 0.9030827 0 0 0 -0.5489685 -0.3169471 -0.7734198 0.5489685 0.3169471 0.7734198 0 0 0 -0.789312 -0.2114955 -0.5764168 0.789312 0.2114955 0.5764168 0 0 0 -0.9503608 2.212234e-14 -0.3111501 0.9503608 -2.212234e-14 0.3111501 0 0 0 -0.9531061 0.255384 -0.1623815 0.9531061 -0.255384 0.1623815 0 0 0 -0.8545316 0.493364 0.1623815 0.8545316 -0.493364 -0.1623815 -0.9531061 0.255384 0.1623815 0.9531061 -0.255384 -0.1623815 -0.986728 8.311205e-14 0.1623815 0.986728 -8.311205e-14 -0.1623815 0 0 0 -0.9531061 -0.255384 0.1623815 0.9531061 0.255384 -0.1623815 0 0 0 -0.8545316 -0.493364 0.1623815 0.8545316 0.493364 -0.1623815 0 0 0 -0.6977221 -0.6977221 0.1623815 0.6977221 0.6977221 -0.1623815 0 0 0 -0.493364 -0.8545316 0.1623815 0.493364 0.8545316 -0.1623815 0 0 0 -0.255384 -0.9531061 0.1623815 0.255384 0.9531061 -0.1623815 0 0 0 1.156868e-14 -0.986728 0.1623815 -1.156868e-14 0.986728 -0.1623815 0 0 0 0.255384 -0.9531061 0.1623815 -0.255384 0.9531061 -0.1623815 0 0 0 0.493364 -0.8545316 0.1623815 -0.493364 0.8545316 -0.1623815 0 0 0 0.6977221 -0.6977221 0.1623815 -0.6977221 0.6977221 -0.1623815 0.493364 -0.8545316 -0.1623815 -0.493364 0.8545316 0.1623815 0.2459715 -0.917978 -0.3111501 -0.2459715 0.917978 0.3111501 0 0 0 -4.985784e-17 -0.8171559 -0.5764168 4.985784e-17 0.8171559 0.5764168 0 0 0 -0.1640639 -0.6122948 -0.7734198 0.1640639 0.6122948 0.7734198 0 0 0 -0.2147333 -0.371929 -0.9030827 0.2147333 0.371929 0.9030827 0 0 0 -0.4482309 -0.4482309 -0.7734198 0.4482309 0.4482309 0.7734198 0 0 0 -0.7076777 -0.4085779 -0.5764168 0.7076777 0.4085779 0.5764168 0 0 0 -0.917978 -0.2459715 -0.3111501 0.917978 0.2459715 0.3111501 0 0 0 -0.986728 8.310302e-14 -0.1623815 0.986728 -8.310302e-14 0.1623815 -0.9531061 -0.255384 -0.1623815 0.9531061 0.255384 0.1623815 -0.8230366 -0.4751804 -0.3111501 -0.8545316 -0.493364 -0.1623815 0.8545316 0.493364 0.1623815 0.8230366 0.4751804 0.3111501 0 0 0 -0.6720066 -0.6720066 -0.3111501 -0.6977221 -0.6977221 -0.1623815 0.6977221 0.6977221 0.1623815 0.6720066 0.6720066 0.3111501 0 0 0 -0.493364 -0.8545316 -0.1623815 -0.4751804 -0.8230366 -0.3111501 0.4751804 0.8230366 0.3111501 0.493364 0.8545316 0.1623815 0 0 0 -0.255384 -0.9531061 -0.1623815 -0.2459715 -0.917978 -0.3111501 0.2459715 0.917978 0.3111501 0.255384 0.9531061 0.1623815 0 0 0 1.156868e-14 -0.986728 -0.1623815 5.014945e-15 -0.9503608 -0.3111501 -5.014945e-15 0.9503608 0.3111501 -1.156868e-14 0.986728 0.1623815 0 0 0 0.255384 -0.9531061 -0.1623815 -0.255384 0.9531061 0.1623815 -0.2114955 -0.789312 -0.5764168 0.2114955 0.789312 0.5764168 0 0 0 -0.3169471 -0.5489685 -0.7734198 0.3169471 0.5489685 0.7734198 0 0 0 -0.5778165 -0.5778165 -0.5764168 0.5778165 0.5778165 0.5764168 0 0 0 -0.4085779 -0.7076777 -0.5764168 0.4085779 0.7076777 0.5764168 0 0 0</float_array>
                    <technique_common>
                        <accessor count="795" source="#ID61" stride="3">
                            <param name="X" type="float" />
                            <param name="Y" type="float" />
                            <param name="Z" type="float" />
                        </accessor>
                    </technique_common>
                </source>
                <source id="ID55">
                    <Name_array id="ID63" count="0" />
                    <technique_common>
                        <accessor count="0" source="#ID63" stride="1">
                            <param name="skp_material" type="Name" />
                        </accessor>
                    </technique_common>
                </source>
                <source id="ID57">
                    <float_array id="ID62" count="1728">-0.0181685 0.149708 -0.02149356 0.1243095 -0.01484343 0.1243095 -0.05326733 0.1403559 -0.0565924 0.1149574 -0.04994227 0.1149574 -0.01484343 0.1435221 -0.02459203 0.1187071 -0.01174496 0.1187071 -0.02149356 0.1435221 0.0181685 0.149708 0.01484343 0.1243095 0.02149356 0.1243095 -0.08806115 0.0968906 -0.08141102 0.0968906 -0.08473609 0.1222891 -0.04994227 0.1346024 -0.05969087 0.1097874 -0.0468438 0.1097874 -0.0565924 0.1346024 -0.01174496 0.1324725 -0.02725274 0.1087022 -0.009084248 0.1087022 -0.02459203 0.1324725 0.02149356 0.1435221 0.01174496 0.1187071 0.02459203 0.1187071 0.01484343 0.1435221 0.05326733 0.1403559 0.04994227 0.1149574 0.0565924 0.1149574 -0.1137553 0.07134023 -0.1071052 0.07134023 -0.1104302 0.09673872 -0.08141102 0.1173709 -0.09115962 0.09255593 -0.07831256 0.09255593 -0.08806115 0.1173709 -0.0468438 0.1244765 -0.06235158 0.1007061 -0.04418309 0.1007061 -0.05969087 0.1244765 -0.009084248 0.1164267 -0.02929438 0.09392274 -0.00704261 0.09392274 -0.02725274 0.1164267 0.02459203 0.1324725 0.009084248 0.1087022 0.02725274 0.1087022 0.01174496 0.1324725 0.0565924 0.1346024 0.0468438 0.1097874 0.05969087 0.1097874 0.04994227 0.1346024 0.08473609 0.1222891 0.08141102 0.0968906 0.08806115 0.0968906 -0.1319238 0.04004755 -0.1252737 0.04004755 -0.1285987 0.06544604 -0.1137553 0.09300186 -0.1040067 0.0681869 -0.1071052 0.09300186 -0.1168538 0.0681869 -0.07831256 0.1090292 -0.09382034 0.08525879 -0.07565184 0.08525879 -0.09115962 0.1090292 -0.04418309 0.1099458 -0.06439322 0.08744184 -0.04214145 0.08744184 -0.06235158 0.1099458 -0.00704261 0.0944793 -0.03057781 0.07313266 -0.005759182 0.07313266 -0.02929438 0.0944793 0.02725274 0.1164267 0.00704261 0.09392274 0.02929438 0.09392274 0.009084248 0.1164267 0.05969087 0.1244765 0.04418309 0.1007061 0.06235158 0.1007061 0.0468438 0.1244765 0.08806115 0.1173709 0.07831256 0.09255593 0.09115962 0.09255593 0.08141102 0.1173709 0.1104302 0.09673872 0.1071052 0.07134023 0.1137553 0.07134023 -0.1413285 0.005145095 -0.1346784 0.005145095 -0.1380034 0.03054358 -0.1319238 0.06315602 -0.1221752 0.03834106 -0.1252737 0.06315602 -0.1350223 0.03834106 -0.1168538 0.08718344 -0.101346 0.06341305 -0.1040067 0.08718344 -0.1195145 0.06341305 -0.07565184 0.0974257 -0.09586198 0.07492171 -0.0736102 0.07492171 -0.09382034 0.0974257 -0.04214145 0.09018436 -0.06567665 0.06883772 -0.04085802 0.06883772 -0.06439322 0.09018436 -0.005759182 0.06601403 -0.03101556 0.0453651 -0.005321429 0.0453651 -0.03057781 0.06601403 0.03057781 0.07313266 0.00704261 0.0944793 0.005759182 0.07313266 0.02929438 0.0944793 0.06235158 0.1099458 0.04214145 0.08744184 0.06439322 0.08744184 0.04418309 0.1099458 0.09115962 0.1090292 0.07565184 0.08525879 0.09382034 0.08525879 0.07831256 0.1090292 0.1168538 0.0681869 0.1071052 0.09300186 0.1040067 0.0681869 0.1137553 0.09300186 0.1285987 0.06544604 0.1252737 0.04004755 0.1319238 0.04004755 -0.1413285 -0.03098858 -0.1346784 -0.03098858 -0.1380034 -0.005590095 -0.1413285 0.02986731 -0.1315799 0.005052345 -0.1346784 0.02986731 -0.144427 0.005052345 -0.1350223 0.06042798 -0.1195145 0.03665759 -0.1221752 0.06042798 -0.137683 0.03665759 -0.101346 0.07971955 -0.1215561 0.05721556 -0.09930434 0.05721556 -0.1195145 0.07971955 -0.0736102 0.08188716 -0.0971454 0.06054052 -0.07232678 0.06054052 -0.09586198 0.08188716 -0.04085802 0.0644996 -0.0661144 0.04385068 -0.04042027 0.04385068 -0.06567665 0.0644996 -0.005321429 0.03234748 -0.03057781 0.01169855 -0.005759182 0.01169855 -0.03101556 0.03234748 0.03101556 0.0453651 0.005759182 0.06601403 0.005321429 0.0453651 0.03057781 0.06601403 0.06567665 0.06883772 0.04214145 0.09018436 0.04085802 0.06883772 0.06439322 0.09018436 0.09586198 0.07492171 0.07565184 0.0974257 0.0736102 0.07492171 0.09382034 0.0974257 0.1195145 0.06341305 0.1040067 0.08718344 0.101346 0.06341305 0.1168538 0.08718344 0.1350223 0.03834106 0.1252737 0.06315602 0.1221752 0.03834106 0.1319238 0.06315602 0.1380034 0.03054358 0.1346784 0.005145095 0.1413285 0.005145095 -0.1319238 -0.06589104 -0.1252737 -0.06589104 -0.1285987 -0.04049255 -0.1413285 -0.004595705 -0.1315799 -0.02941067 -0.1346784 -0.004595705 -0.144427 -0.02941067 -0.144427 0.03058615 -0.1289192 0.006815754 -0.1315799 0.03058615 -0.1470877 0.006815754 -0.137683 0.05803405 -0.1174728 0.03553005 -0.1195145 0.05803405 -0.1397246 0.03553005 -0.09930434 0.07015314 -0.1228395 0.0488065 -0.09802091 0.0488065 -0.1215561 0.07015314 -0.07232678 0.06157396 -0.09758316 0.04092503 -0.07188902 0.04092503 -0.0971454 0.06157396 -0.04042027 0.0338619 -0.06567665 0.01321297 -0.04085802 0.01321297 -0.0661144 0.0338619 -0.005759182 -0.003083004 -0.02929438 -0.02442964 -0.00704261 -0.02442964 -0.03057781 -0.003083004 0.005759182 0.01169855 0.03101556 0.03234748 0.005321429 0.03234748 0.03057781 0.01169855 0.0661144 0.04385068 0.04085802 0.0644996 0.04042027 0.04385068 0.06567665 0.0644996 0.0971454 0.06054052 0.0736102 0.08188716 0.07232678 0.06054052 0.09586198 0.08188716 0.1215561 0.05721556 0.101346 0.07971955 0.09930434 0.05721556 0.1195145 0.07971955 0.137683 0.03665759 0.1221752 0.06042798 0.1195145 0.03665759 0.1350223 0.06042798 0.144427 0.005052345 0.1346784 0.02986731 0.1315799 0.005052345 0.1413285 0.02986731 0.1380034 -0.005590095 0.1346784 -0.03098858 0.1413285 -0.03098858 -0.1137553 -0.09718372 -0.1071052 -0.09718372 -0.1104302 -0.07178523 -0.1319238 -0.03788442 -0.1221752 -0.06269938 -0.1252737 -0.03788442 -0.1350223 -0.06269938 -0.144427 -0.0003083953 -0.1289192 -0.02407879 -0.1315799 -0.0003083953 -0.1470877 -0.02407879 -0.1470877 0.033847 -0.1268775 0.01134301 -0.1289192 0.033847 -0.1491293 0.01134301 -0.1174728 0.05578197 -0.141008 0.03443533 -0.1161894 0.03443533 -0.1397246 0.05578197 -0.09802091 0.05743647 -0.1232773 0.03678755 -0.09758316 0.03678755 -0.1228395 0.05743647 -0.07188902 0.03678755 -0.0971454 0.01613862 -0.07232678 0.01613862 -0.09758316 0.03678755 -0.04085802 0.001211943 -0.06439322 -0.0201347 -0.04214145 -0.0201347 -0.06567665 0.001211943 0.02929438 0.04754864 0.01709791 0.1334761 0.00704261 0.04754864 0.01923908 0.1334761 0.00704261 -0.02442964 0.03057781 -0.003083004 0.005759182 -0.003083004 0.02929438 -0.02442964 0.04085802 0.01321297 0.0661144 0.0338619 0.04042027 0.0338619 0.06567665 0.01321297 0.09758316 0.04092503 0.07232678 0.06157396 0.07188902 0.04092503 0.0971454 0.06157396 0.09802091 0.0488065 0.1215561 0.07015314 0.09930434 0.07015314 0.1228395 0.0488065 0.1397246 0.03553005 0.1195145 0.05803405 0.1174728 0.03553005 0.137683 0.05803405 0.1470877 0.006815754 0.1315799 0.03058615 0.1289192 0.006815754 0.144427 0.03058615 0.144427 -0.02941067 0.1346784 -0.004595705 0.1315799 -0.02941067 0.1413285 -0.004595705 0.1285987 -0.04049255 0.1252737 -0.06589104 0.1319238 -0.06589104 -0.08141102 -0.1227341 -0.08473609 -0.0973356 -0.08806115 -0.1227341 -0.1137553 -0.06773026 -0.1040067 -0.09254522 -0.1071052 -0.06773026 -0.1168538 -0.09254522 -0.1350223 -0.03015023 -0.1195145 -0.05392062 -0.1221752 -0.03015023 -0.137683 -0.05392062 -0.1470877 0.008806733 -0.1268775 -0.01369726 -0.1289192 0.008806733 -0.1491293 -0.01369726 -0.1268775 0.03975301 -0.1504127 0.01840637 -0.1255941 0.01840637 -0.1491293 0.03975301 -0.1161894 0.05236911 -0.1414458 0.03172018 -0.1157517 0.03172018 -0.141008 0.05236911 -0.09758316 0.04092503 -0.1228395 0.02027611 -0.09802091 0.02027611 -0.1232773 0.04092503 -0.07232678 0.009509144 -0.09586198 -0.0118375 -0.0736102 -0.0118375 -0.0971454 0.009509144 0.06439322 0.03918917 0.05219674 0.1251167 0.04214145 0.03918917 0.05433792 0.1251167 0.09050258 0.09630234 0.09050258 0.1005481 0.0902231 0.0984252 0.09132197 0.09432415 0.09132197 0.1025262 0.09262544 0.09262544 0.09262544 0.104225 0.09432415 0.09132197 0.09432415 0.1055284 0.09630234 0.09050258 0.09630234 0.1063478 0.0984252 0.0902231 0.0984252 0.1066273 0.1005481 0.09050258 0.1005481 0.1063478 0.1025262 0.09132197 0.1025262 0.1055284 0.104225 0.09262544 0.104225 0.104225 0.1055284 0.1025262 0.1055284 0.09432415 0.1063478 0.09630234 0.1063478 0.1005481 0.1066273 0.0984252 -0.00704261 0.04754864 -0.01923908 0.1334761 -0.02929438 0.04754864 -0.01709791 0.1334761 0.04214145 -0.0201347 0.06567665 0.001211943 0.04085802 0.001211943 0.06439322 -0.0201347 0.07232678 0.01613862 0.09758316 0.03678755 0.07188902 0.03678755 0.0971454 0.01613862 0.1232773 0.03678755 0.09802091 0.05743647 0.09758316 0.03678755 0.1228395 0.05743647 0.1161894 0.03443533 0.1397246 0.05578197 0.1174728 0.05578197 0.141008 0.03443533 0.1491293 0.01134301 0.1289192 0.033847 0.1268775 0.01134301 0.1470877 0.033847 0.1470877 -0.02407879 0.1315799 -0.0003083953 0.1289192 -0.02407879 0.144427 -0.0003083953 0.1350223 -0.06269938 0.1252737 -0.03788442 0.1221752 -0.06269938 0.1319238 -0.03788442 0.1137553 -0.09718372 0.1104302 -0.07178523 0.1071052 -0.09718372 -0.04994227 -0.1408009 -0.05326733 -0.1154024 -0.0565924 -0.1408009 -0.09115962 -0.1169143 -0.08141102 -0.09209929 -0.08806115 -0.09209929 -0.07831256 -0.1169143 -0.1168538 -0.05690569 -0.101346 -0.08067608 -0.1040067 -0.05690569 -0.1195145 -0.08067608 -0.137683 -0.01538031 -0.1174728 -0.0378843 -0.1195145 -0.01538031 -0.1397246 -0.0378843 -0.1268775 0.02315861 -0.1504127 0.001811966 -0.1255941 0.001811966 -0.1491293 0.02315861 -0.1255941 0.04671719 -0.1508505 0.02606827 -0.1251564 0.02606827 -0.1504127 0.04671719 -0.1157517 0.0459924 -0.141008 0.02534347 -0.1161894 0.02534347 -0.1414458 0.0459924 -0.09802091 0.02124316 -0.1215561 -0.0001034828 -0.09930434 -0.0001034828 -0.1228395 0.02124316 0.09586198 0.02303991 0.0836655 0.1089674 0.0736102 0.02303991 0.08580668 0.1089674 0.09930434 0.0002014138 0.1115008 0.08612891 0.1093596 0.08612891 0.1215561 0.0002014138 0.1174728 -0.02776992 0.1296693 0.05815758 0.1275281 0.05815758 0.1397246 -0.02776992 0.1268775 -0.05896789 0.139074 0.02695961 0.1369328 0.02695961 0.1491293 -0.05896789 0.1268775 -0.09126641 0.139074 -0.005338911 0.1369328 -0.005338911 0.1491293 -0.09126641 0.1174728 -0.1224644 0.1296693 -0.03653688 0.1275281 -0.03653688 0.1397246 -0.1224644 0.09930434 -0.1504357 0.1115008 -0.06450822 0.1093596 -0.06450822 0.1215561 -0.1504357 0.0836655 -0.08734672 0.09586198 -0.1732742 0.08580668 -0.08734672 0.0736102 -0.1732742 0.05219674 -0.103496 0.06439322 -0.1894235 0.05433792 -0.103496 0.04214145 -0.1894235 0.01709791 -0.1118554 0.02929438 -0.1977829 0.01923908 -0.1118554 0.00704261 -0.1977829 -0.01923908 -0.1118554 -0.00704261 -0.1977829 -0.01709791 -0.1118554 -0.02929438 -0.1977829 -0.05433792 -0.103496 -0.04214145 -0.1894235 -0.05219674 -0.103496 -0.06439322 -0.1894235 -0.08580668 -0.08734672 -0.0736102 -0.1732742 -0.0836655 -0.08734672 -0.09586198 -0.1732742 -0.1093596 -0.06450822 -0.1215561 -0.1504357 -0.09930434 -0.1504357 -0.1115008 -0.06450822 -0.1275281 -0.03653688 -0.1397246 -0.1224644 -0.1174728 -0.1224644 -0.1296693 -0.03653688 -0.1369328 -0.005338911 -0.1491293 -0.09126641 -0.1268775 -0.09126641 -0.139074 -0.005338911 -0.1369328 0.02695961 -0.1491293 -0.05896789 -0.1268775 -0.05896789 -0.139074 0.02695961 -0.1275281 0.05815758 -0.1397246 -0.02776992 -0.1174728 -0.02776992 -0.1296693 0.05815758 -0.1093596 0.08612891 -0.1215561 0.0002014138 -0.09930434 0.0002014138 -0.1115008 0.08612891 -0.0736102 0.02303991 -0.08580668 0.1089674 -0.09586198 0.02303991 -0.0836655 0.1089674 -0.04214145 0.03918917 -0.05433792 0.1251167 -0.06439322 0.03918917 -0.05219674 0.1251167 0.0736102 -0.0118375 0.0971454 0.009509144 0.07232678 0.009509144 0.09586198 -0.0118375 0.09802091 0.02027611 0.1232773 0.04092503 0.09758316 0.04092503 0.1228395 0.02027611 0.1157517 0.03172018 0.141008 0.05236911 0.1161894 0.05236911 0.1414458 0.03172018 0.1255941 0.01840637 0.1491293 0.03975301 0.1268775 0.03975301 0.1504127 0.01840637 0.1491293 -0.01369726 0.1289192 0.008806733 0.1268775 -0.01369726 0.1470877 0.008806733 0.137683 -0.05392062 0.1221752 -0.03015023 0.1195145 -0.05392062 0.1350223 -0.03015023 0.1168538 -0.09254522 0.1071052 -0.06773026 0.1040067 -0.09254522 0.1137553 -0.06773026 0.08806115 -0.1227341 0.08473609 -0.0973356 0.08141102 -0.1227341 -0.01484343 -0.150153 -0.0181685 -0.1247545 -0.02149356 -0.150153 -0.05969087 -0.1341458 -0.04994227 -0.1093308 -0.0565924 -0.1093308 -0.0468438 -0.1341458 -0.09382034 -0.1025218 -0.07831256 -0.07875143 -0.09115962 -0.07875143 -0.07565184 -0.1025218 -0.101346 -0.03706582 -0.1215561 -0.05956981 -0.09930434 -0.05956981 -0.1195145 -0.03706582 -0.1174728 0.007129645 -0.141008 -0.014217 -0.1161894 -0.014217 -0.1397246 0.007129645 -0.1255941 0.0408659 -0.1508505 0.02021698 -0.1251564 0.02021698 -0.1504127 0.0408659 -0.1251564 0.05164431 -0.1504127 0.03099539 -0.1255941 0.03099539 -0.1508505 0.05164431 -0.1161894 0.03561433 -0.1397246 0.01426769 -0.1174728 0.01426769 -0.141008 0.03561433 -0.1255941 0.05164329 -0.1491293 0.03029665 -0.1268775 0.03029665 -0.1504127 0.05164329 -0.1504127 0.06823769 -0.1268775 0.04689105 -0.1255941 0.06823769 -0.1491293 0.04689105 -0.141008 0.08426666 -0.1174728 0.06292001 -0.1161894 0.08426666 -0.1397246 0.06292001 -0.1228395 0.09863783 -0.09930434 0.07729119 -0.09802091 0.09863783 -0.1215561 0.07729119 -0.0971454 0.1103718 -0.0736102 0.0890252 -0.07232678 0.1103718 -0.09586198 0.0890252 -0.04085802 0.118669 -0.06439322 0.0973224 -0.04214145 0.0973224 -0.06567665 0.118669 -0.005759182 0.122964 -0.02929438 0.1016174 -0.00704261 0.1016174 -0.03057781 0.122964 0.03057781 0.122964 0.00704261 0.1016174 0.02929438 0.1016174 0.005759182 0.122964 0.06567665 0.118669 0.04214145 0.0973224 0.06439322 0.0973224 0.04085802 0.118669 0.0971454 0.1103718 0.0736102 0.0890252 0.09586198 0.0890252 0.07232678 0.1103718 0.1228395 0.09863783 0.09930434 0.07729119 0.1215561 0.07729119 0.09802091 0.09863783 0.141008 0.08426666 0.1174728 0.06292001 0.1397246 0.06292001 0.1161894 0.08426666 0.1504127 0.06823769 0.1268775 0.04689105 0.1491293 0.04689105 0.1255941 0.06823769 0.1491293 0.03029665 0.1255941 0.05164329 0.1268775 0.03029665 0.1504127 0.05164329 0.1397246 0.01426769 0.1161894 0.03561433 0.1174728 0.01426769 0.141008 0.03561433 0.1215561 -0.0001034828 0.09802091 0.02124316 0.09930434 -0.0001034828 0.1228395 0.02124316 0.141008 0.02534347 0.1157517 0.0459924 0.1161894 0.02534347 0.1414458 0.0459924 0.1251564 0.02606827 0.1504127 0.04671719 0.1255941 0.04671719 0.1508505 0.02606827 0.1491293 0.02315861 0.1255941 0.001811966 0.1504127 0.001811966 0.1268775 0.02315861 0.1397246 -0.0378843 0.1195145 -0.01538031 0.1174728 -0.0378843 0.137683 -0.01538031 0.1195145 -0.08067608 0.1040067 -0.05690569 0.101346 -0.08067608 0.1168538 -0.05690569 0.09115962 -0.1169143 0.08141102 -0.09209929 0.07831256 -0.1169143 0.08806115 -0.09209929 0.0565924 -0.1408009 0.05326733 -0.1154024 0.04994227 -0.1408009 0.02149356 -0.150153 0.0181685 -0.1247545 0.01484343 -0.150153 -0.02459203 -0.1430654 -0.01484343 -0.1182505 -0.02149356 -0.1182505 -0.01174496 -0.1430654 -0.06235158 -0.1179691 -0.0468438 -0.0941987 -0.05969087 -0.0941987 -0.04418309 -0.1179691 -0.09382034 -0.05477196 -0.0736102 -0.07727596 -0.07565184 -0.05477196 -0.09586198 -0.07727596 -0.09930434 -0.007241528 -0.1228395 -0.02858817 -0.09802091 -0.02858817 -0.1215561 -0.007241528 -0.1161894 0.03521399 -0.1414458 0.01456506 -0.1157517 0.01456506 -0.141008 0.03521399 -0.1508505 0.0574956 -0.1255941 0.03684668 -0.1251564 0.0574956 -0.1504127 0.03684668 -0.1414458 0.06314752 -0.1161894 0.04249859 -0.1157517 0.06314752 -0.141008 0.04249859 -0.1232773 0.06821488 -0.09802091 0.04756596 -0.09758316 0.06821488 -0.1228395 0.04756596 -0.09758316 0.07235237 -0.07232678 0.05170344 -0.07188902 0.07235237 -0.0971454 0.05170344 -0.04042027 0.07527802 -0.06567665 0.05462909 -0.04085802 0.05462909 -0.0661144 0.07527802 -0.005321429 0.07679244 -0.03057781 0.05614352 -0.005759182 0.05614352 -0.03101556 0.07679244 0.03101556 0.07679244 0.005759182 0.05614352 0.03057781 0.05614352 0.005321429 0.07679244 0.0661144 0.07527802 0.04085802 0.05462909 0.06567665 0.05462909 0.04042027 0.07527802 0.09758316 0.07235237 0.07232678 0.05170344 0.0971454 0.05170344 0.07188902 0.07235237 0.1232773 0.06821488 0.09802091 0.04756596 0.1228395 0.04756596 0.09758316 0.06821488 0.1414458 0.06314752 0.1161894 0.04249859 0.141008 0.04249859 0.1157517 0.06314752 0.1508505 0.0574956 0.1255941 0.03684668 0.1504127 0.03684668 0.1251564 0.0574956 0.1504127 0.03099539 0.1251564 0.05164431 0.1255941 0.03099539 0.1508505 0.05164431 0.1504127 0.0408659 0.1251564 0.02021698 0.1508505 0.02021698 0.1255941 0.0408659 0.1397246 0.007129645 0.1161894 -0.014217 0.141008 -0.014217 0.1174728 0.007129645 0.1195145 -0.03706582 0.09930434 -0.05956981 0.1215561 -0.05956981 0.101346 -0.03706582 0.09382034 -0.1025218 0.07831256 -0.07875143 0.07565184 -0.1025218 0.09115962 -0.07875143 0.0468438 -0.1341458 0.0565924 -0.1093308 0.04994227 -0.1093308 0.05969087 -0.1341458 0.01174496 -0.1430654 0.02149356 -0.1182505 0.01484343 -0.1182505 0.02459203 -0.1430654 -0.02725274 -0.1259652 -0.01174496 -0.1021948 -0.02459203 -0.1021948 -0.009084248 -0.1259652 -0.06439322 -0.08979609 -0.04418309 -0.0672921 -0.06235158 -0.0672921 -0.04214145 -0.08979609 -0.09586198 -0.01897554 -0.07232678 -0.04032218 -0.0736102 -0.01897554 -0.0971454 -0.04032218 -0.09802091 0.03014662 -0.1232773 0.009497697 -0.09758316 0.009497697 -0.1228395 0.03014662 -0.07232678 0.02600913 -0.09758316 0.005360209 -0.07188902 0.005360209 -0.0971454 0.02600913 -0.06567665 0.02308349 -0.04042027 0.002434564 -0.04085802 0.02308349 -0.0661144 0.002434564 -0.03057781 0.02156906 -0.005321429 0.0009201383 -0.005759182 0.02156906 -0.03101556 0.0009201383 0.03057781 0.02156906 0.005321429 0.0009201383 0.03101556 0.0009201383 0.005759182 0.02156906 0.06567665 0.02308349 0.04042027 0.002434564 0.0661144 0.002434564 0.04085802 0.02308349 0.0971454 0.02600913 0.07188902 0.005360209 0.09758316 0.005360209 0.07232678 0.02600913 0.1228395 0.03014662 0.09758316 0.009497697 0.1232773 0.009497697 0.09802091 0.03014662 0.141008 0.03521399 0.1157517 0.01456506 0.1414458 0.01456506 0.1161894 0.03521399 0.1215561 -0.007241528 0.09802091 -0.02858817 0.1228395 -0.02858817 0.09930434 -0.007241528 0.09382034 -0.05477196 0.0736102 -0.07727596 0.09586198 -0.07727596 0.07565184 -0.05477196 0.04418309 -0.1179691 0.05969087 -0.0941987 0.0468438 -0.0941987 0.06235158 -0.1179691 0.009084248 -0.1259652 0.02459203 -0.1021948 0.01174496 -0.1021948 0.02725274 -0.1259652 -0.02929438 -0.09627699 -0.009084248 -0.073773 -0.02725274 -0.073773 -0.00704261 -0.09627699 -0.06439322 -0.02727274 -0.04085802 -0.04861938 -0.04214145 -0.02727274 -0.06567665 -0.04861938 -0.02929438 -0.03156769 -0.005759182 -0.05291433 -0.00704261 -0.03156769 -0.03057781 -0.05291433 0.02929438 -0.03156769 0.005759182 -0.05291433 0.03057781 -0.05291433 0.00704261 -0.03156769 0.06439322 -0.02727274 0.04085802 -0.04861938 0.06567665 -0.04861938 0.04214145 -0.02727274 0.09586198 -0.01897554 0.07232678 -0.04032218 0.0971454 -0.04032218 0.0736102 -0.01897554 0.04214145 -0.08979609 0.06235158 -0.0672921 0.04418309 -0.0672921 0.06439322 -0.08979609 0.00704261 -0.09627699 0.02725274 -0.073773 0.009084248 -0.073773 0.02929438 -0.09627699</float_array>
                    <technique_common>
                        <accessor count="864" source="#ID62" stride="2">
                            <param name="S" type="float" />
                            <param name="T" type="float" />
                        </accessor>
                    </technique_common>
                </source>
                <vertices id="ID56">
                    <input semantic="POSITION" source="#ID53" />
                    <input semantic="NORMAL" source="#ID54" />
                </vertices>
                <triangles count="860" material="Material2">
                    <input offset="0" semantic="VERTEX" source="#ID56" />
                    <input offset="1" semantic="TEXCOORD" source="#ID57" />
                    <p>0 0 1 1 2 2 3 2 4 1 5 0 0 3 9 4 1 5 4 5 10 4 5 3 2 6 12 7 13 8 12 7 2 6 1 9 4 9 3 6 14 7 15 8 14 7 3 6 0 10 2 11 18 12 19 12 3 11 5 10 21 13 9 14 0 15 5 15 10 14 22 13 1 16 24 17 12 18 24 17 1 16 9 19 10 19 4 16 25 17 14 18 25 17 4 16 13 20 27 21 28 22 27 21 13 20 12 23 14 23 15 20 29 21 30 22 29 21 15 20 18 24 13 25 33 26 13 25 18 24 2 27 3 27 19 24 15 25 34 26 15 25 19 24 0 28 18 29 36 30 37 30 19 29 5 28 39 31 21 32 0 33 5 33 22 32 40 31 9 34 42 35 24 36 42 35 9 34 21 37 22 37 10 34 43 35 25 36 43 35 10 34 12 38 45 39 27 40 45 39 12 38 24 41 25 41 14 38 46 39 29 40 46 39 14 38 28 42 48 43 49 44 48 43 28 42 27 45 29 45 30 42 50 43 51 44 50 43 30 42 33 46 28 47 54 48 28 47 33 46 13 49 15 49 34 46 30 47 55 48 30 47 34 46 36 50 33 51 57 52 33 51 36 50 18 53 19 53 37 50 34 51 58 52 34 51 37 50 0 54 36 55 60 56 61 56 37 55 5 54 63 57 39 58 0 59 5 59 40 58 64 57 39 60 42 61 21 62 42 61 39 60 66 63 67 63 40 60 43 61 22 62 43 61 40 60 24 64 69 65 45 66 69 65 24 64 42 67 43 67 25 64 70 65 46 66 70 65 25 64 27 68 72 69 48 70 72 69 27 68 45 71 46 71 29 68 73 69 50 70 73 69 29 68 49 72 75 73 76 74 75 73 49 72 48 75 50 75 51 72 77 73 78 74 77 73 51 72 54 76 49 77 81 78 49 77 54 76 28 79 30 79 55 76 51 77 82 78 51 77 55 76 57 80 54 81 84 82 54 81 57 80 33 83 34 83 58 80 55 81 85 82 55 81 58 80 60 84 57 85 87 86 57 85 60 84 36 87 37 87 61 84 58 85 88 86 58 85 61 84 0 88 60 89 90 90 91 90 61 89 5 88 93 91 63 92 0 93 5 93 64 92 94 91 63 94 66 95 39 96 66 95 63 94 96 97 97 97 64 94 67 95 40 96 67 95 64 94 66 98 69 99 42 100 69 99 66 98 99 101 100 101 67 98 70 99 43 100 70 99 67 98 45 102 102 103 72 104 102 103 45 102 69 105 70 105 46 102 103 103 73 104 103 103 46 102 48 106 105 107 75 108 105 107 48 106 72 109 73 109 50 106 106 107 77 108 106 107 50 106 76 110 108 111 109 112 108 111 76 110 75 113 77 113 78 110 110 111 111 112 110 111 78 110 114 114 49 115 76 116 49 115 114 114 81 117 82 117 115 114 51 115 78 116 51 115 115 114 84 118 81 119 117 120 81 119 84 118 54 121 55 121 85 118 82 119 118 120 82 119 85 118 87 122 84 123 120 124 84 123 87 122 57 125 58 125 88 122 85 123 121 124 85 123 88 122 123 126 60 127 87 128 60 127 123 126 90 129 91 129 124 126 61 127 88 128 61 127 124 126 0 130 90 131 126 132 127 132 91 131 5 130 129 133 93 134 0 135 5 135 94 134 130 133 93 136 96 137 63 138 96 137 93 136 132 139 133 139 94 136 97 137 64 138 97 137 94 136 96 140 99 141 66 142 99 141 96 140 135 143 136 143 97 140 100 141 67 142 100 141 97 140 69 144 138 145 102 146 138 145 69 144 99 147 100 147 70 144 139 145 103 146 139 145 70 144 72 148 141 149 105 150 141 149 72 148 102 151 103 151 73 148 142 149 106 150 142 149 73 148 75 152 144 153 108 154 144 153 75 152 105 155 106 155 77 152 145 153 110 154 145 153 77 152 147 156 148 157 149 158 148 157 147 156 150 159 151 159 152 156 153 157 154 158 153 157 152 156 157 160 76 161 109 162 76 161 157 160 114 163 115 163 158 160 78 161 111 162 78 161 158 160 160 164 81 165 114 166 81 165 160 164 117 167 118 167 161 164 82 165 115 166 82 165 161 164 163 168 84 169 117 170 84 169 163 168 120 171 121 171 164 168 85 169 118 170 85 169 164 168 166 172 87 173 120 174 87 173 166 172 123 175 124 175 167 172 88 173 121 174 88 173 167 172 169 176 90 177 123 178 90 177 169 176 126 179 127 179 170 176 91 177 124 178 91 177 170 176 0 180 126 181 172 182 173 182 127 181 5 180 175 183 129 184 0 185 5 185 130 184 176 183 129 186 132 187 93 188 132 187 129 186 178 189 179 189 130 186 133 187 94 188 133 187 130 186 132 190 135 191 96 192 135 191 132 190 181 193 182 193 133 190 136 191 97 192 136 191 133 190 135 194 138 195 99 196 138 195 135 194 184 197 185 197 136 194 139 195 100 196 139 195 136 194 102 198 187 199 141 200 187 199 102 198 138 201 139 201 103 198 188 199 142 200 188 199 103 198 105 202 190 203 144 204 190 203 105 202 141 205 142 205 106 202 191 203 145 204 191 203 106 202 150 206 193 207 148 208 193 207 150 206 194 209 195 209 151 206 196 207 153 208 196 207 151 206 149 210 198 211 199 212 198 211 149 210 148 213 153 213 154 210 200 211 201 212 200 211 154 210 149 214 204 215 147 216 204 215 149 214 205 217 206 217 154 214 207 215 152 216 207 215 154 214 209 218 114 219 157 220 114 219 209 218 160 221 161 221 210 218 115 219 158 220 115 219 210 218 212 222 117 223 160 224 117 223 212 222 163 225 164 225 213 222 118 223 161 224 118 223 213 222 215 226 120 227 163 228 120 227 215 226 166 229 167 229 216 226 121 227 164 228 121 227 216 226 218 230 123 231 166 232 123 231 218 230 169 233 170 233 219 230 124 231 167 232 124 231 219 230 221 234 126 235 169 236 126 235 221 234 172 237 173 237 222 234 127 235 170 236 127 235 222 234 0 238 172 239 224 240 225 240 173 239 5 238 227 241 175 242 0 243 5 243 176 242 228 241 175 244 178 245 129 246 178 245 175 244 230 247 231 247 176 244 179 245 130 246 179 245 176 244 178 248 181 249 132 250 181 249 178 248 233 251 234 251 179 248 182 249 133 250 182 249 179 248 181 252 184 253 135 254 184 253 181 252 236 255 237 255 182 252 185 253 136 254 185 253 182 252 138 256 239 257 187 258 239 257 138 256 184 259 185 259 139 256 240 257 188 258 240 257 139 256 141 260 242 261 190 262 242 261 141 260 187 263 188 263 142 260 243 261 191 262 243 261 142 260 194 264 245 265 193 266 245 265 194 264 246 267 247 267 195 264 248 265 196 266 248 265 195 264 148 268 250 269 198 270 250 269 148 268 193 271 196 271 153 268 251 269 200 270 251 269 153 268 253 272 254 273 255 274 254 273 253 272 256 275 257 275 258 272 259 273 260 274 259 273 258 272 199 276 205 277 149 278 205 277 199 276 263 279 264 279 201 276 206 277 154 278 206 277 201 276 205 280 266 281 204 282 266 281 205 280 267 283 268 283 206 280 269 281 207 282 269 281 206 280 271 284 160 285 209 286 160 285 271 284 212 287 213 287 272 284 161 285 210 286 161 285 272 284 212 288 215 289 163 290 215 289 212 288 274 291 275 291 213 288 216 289 164 290 216 289 213 288 277 292 166 293 215 294 166 293 277 292 218 295 219 295 278 292 167 293 216 294 167 293 278 292 280 296 169 297 218 298 169 297 280 296 221 299 222 299 281 296 170 297 219 298 170 297 281 296 283 300 172 301 221 302 172 301 283 300 224 303 225 303 284 300 173 301 222 302 173 301 284 300 0 304 224 305 286 306 287 306 225 305 5 304 227 307 0 308 289 309 290 309 5 308 228 307 227 310 230 311 175 312 230 311 227 310 292 313 293 313 228 310 231 311 176 312 231 311 228 310 230 314 233 315 178 316 233 315 230 314 295 317 296 317 231 314 234 315 179 316 234 315 231 314 233 318 236 319 181 320 236 319 233 318 298 321 299 321 234 318 237 319 182 320 237 319 234 318 184 322 301 323 239 324 301 323 184 322 236 325 237 325 185 322 302 323 240 324 302 323 185 322 187 326 304 327 242 328 304 327 187 326 239 329 240 329 188 326 305 327 243 328 305 327 188 326 246 330 307 331 245 332 307 331 246 330 308 333 309 333 247 330 310 331 248 332 310 331 247 330 193 334 312 335 250 336 312 335 193 334 245 337 248 337 196 334 313 335 251 336 313 335 196 334 315 338 256 339 253 340 256 339 315 338 316 341 317 341 318 338 257 339 258 340 257 339 318 338 320 342 321 343 322 344 321 343 320 342 323 345 321 343 323 345 324 346 324 346 323 345 325 347 324 346 325 347 326 348 326 348 325 347 327 349 326 348 327 349 328 350 328 350 327 349 329 351 328 350 329 351 330 352 330 352 329 351 331 353 330 352 331 353 332 354 332 354 331 353 333 355 332 354 333 355 334 356 334 356 333 355 335 357 334 356 335 357 336 358 336 358 335 357 337 359 336 358 337 359 338 360 338 360 337 359 339 361 339 361 337 359 340 362 339 361 340 362 341 363 339 361 341 363 342 364 342 364 341 363 343 365 344 365 345 363 346 364 346 364 345 363 347 361 345 363 348 362 347 361 348 362 349 359 347 361 347 361 349 359 350 360 350 360 349 359 351 358 349 359 352 357 351 358 351 358 352 357 353 356 352 357 354 355 353 356 353 356 354 355 355 354 354 355 356 353 355 354 355 354 356 353 357 352 356 353 358 351 357 352 357 352 358 351 359 350 358 351 360 349 359 350 359 350 360 349 361 348 360 349 362 347 361 348 361 348 362 347 363 346 362 347 364 345 363 346 363 346 364 345 365 343 364 345 366 342 365 343 367 344 365 343 366 342 255 366 389 367 390 368 389 367 255 366 254 369 259 369 260 366 391 367 392 368 391 367 260 366 263 370 267 371 205 372 267 371 263 370 393 373 394 373 264 370 268 371 206 372 268 371 264 370 267 374 396 375 266 376 396 375 267 374 397 377 398 377 268 374 399 375 269 376 399 375 268 374 401 378 212 379 271 380 212 379 401 378 274 381 275 381 402 378 213 379 272 380 213 379 402 378 274 382 277 383 215 384 277 383 274 382 404 385 405 385 275 382 278 383 216 384 278 383 275 382 407 386 218 387 277 388 218 387 407 386 280 389 281 389 408 386 219 387 278 388 219 387 408 386 410 390 221 391 280 392 221 391 410 390 283 393 284 393 411 390 222 391 281 392 222 391 411 390 413 394 224 395 283 396 224 395 413 394 286 397 287 397 414 394 225 395 284 396 225 395 414 394 416 398 0 399 286 400 287 400 5 399 417 398 289 401 0 402 419 403 420 403 5 402 290 401 422 404 227 405 289 406 227 405 422 404 292 407 293 407 423 404 228 405 290 406 228 405 423 404 292 408 295 409 230 410 295 409 292 408 425 411 426 411 293 408 296 409 231 410 296 409 293 408 295 412 298 413 233 414 298 413 295 412 428 415 429 415 296 412 299 413 234 414 299 413 296 412 236 416 431 417 301 418 431 417 236 416 298 419 299 419 237 416 432 417 302 418 432 417 237 416 239 420 434 421 304 422 434 421 239 420 301 423 302 423 240 420 435 421 305 422 435 421 240 420 308 424 437 425 307 426 437 425 308 424 438 427 439 427 309 424 440 425 310 426 440 425 309 424 245 428 442 429 312 430 442 429 245 428 307 431 310 431 248 428 443 429 313 430 443 429 248 428 445 432 316 433 315 434 316 433 445 432 446 435 447 435 448 432 317 433 318 434 317 433 448 432 445 436 449 437 446 438 449 437 445 436 450 439 451 439 448 436 452 437 447 438 452 437 448 436 450 440 453 441 449 442 453 441 450 440 454 443 455 443 451 440 456 441 452 442 456 441 451 440 454 444 458 445 453 446 458 445 454 444 459 447 460 447 455 444 461 445 456 446 461 445 455 444 459 448 463 449 458 450 463 449 459 448 464 451 465 451 460 448 466 449 461 450 466 449 460 448 464 452 468 453 463 454 468 453 464 452 469 455 470 455 465 452 471 453 466 454 471 453 465 452 469 456 473 457 468 458 473 457 469 456 474 459 475 459 470 456 476 457 471 458 476 457 470 456 473 460 478 461 479 462 478 461 473 460 474 463 475 463 476 460 480 461 481 462 480 461 476 460 479 464 483 465 484 466 483 465 479 464 478 467 480 467 481 464 485 465 486 466 485 465 481 464 484 468 488 469 489 470 488 469 484 468 483 471 485 471 486 468 490 469 491 470 490 469 486 468 489 472 493 473 494 474 493 473 489 472 488 475 490 475 491 472 495 473 496 474 495 473 491 472 494 476 498 477 499 478 498 477 494 476 493 479 495 479 496 476 500 477 501 478 500 477 496 476 499 480 503 481 504 482 503 481 499 480 498 483 500 483 501 480 505 481 506 482 505 481 501 480 508 484 503 485 509 486 503 485 508 484 504 487 506 487 510 484 505 485 511 486 505 485 510 484 513 488 509 489 514 490 509 489 513 488 508 491 510 491 515 488 511 489 516 490 511 489 515 488 518 492 514 493 519 494 514 493 518 492 513 495 515 495 520 492 516 493 521 494 516 493 520 492 523 496 519 497 524 498 519 497 523 496 518 499 520 499 525 496 521 497 526 498 521 497 525 496 528 500 524 501 529 502 524 501 528 500 523 503 525 503 530 500 526 501 531 502 526 501 530 500 533 504 529 505 534 506 529 505 533 504 528 507 530 507 535 504 531 505 536 506 531 505 535 504 538 508 533 509 534 510 533 509 538 508 539 511 540 511 541 508 535 509 536 510 535 509 541 508 390 512 539 513 538 514 539 513 390 512 389 515 391 515 392 512 540 513 541 514 540 513 392 512 393 516 397 517 267 518 397 517 393 516 542 519 543 519 394 516 398 517 268 518 398 517 394 516 397 520 544 521 396 522 544 521 397 520 545 523 546 523 398 520 547 521 399 522 547 521 398 520 401 524 404 525 274 526 404 525 401 524 549 527 550 527 402 524 405 525 275 526 405 525 402 524 404 528 407 529 277 530 407 529 404 528 552 531 553 531 405 528 408 529 278 530 408 529 405 528 555 532 280 533 407 534 280 533 555 532 410 535 411 535 556 532 281 533 408 534 281 533 556 532 558 536 283 537 410 538 283 537 558 536 413 539 414 539 559 536 284 537 411 538 284 537 559 536 561 540 286 541 413 542 286 541 561 540 416 543 417 543 562 540 287 541 414 542 287 541 562 540 564 544 0 545 416 546 417 546 5 545 565 544 419 547 0 548 567 549 568 549 5 548 420 547 570 550 289 551 419 552 289 551 570 550 422 553 423 553 571 550 290 551 420 552 290 551 571 550 573 554 292 555 422 556 292 555 573 554 425 557 426 557 574 554 293 555 423 556 293 555 574 554 295 558 576 559 428 560 576 559 295 558 425 561 426 561 296 558 577 559 429 560 577 559 296 558 298 562 579 563 431 564 579 563 298 562 428 565 429 565 299 562 580 563 432 564 580 563 299 562 301 566 582 567 434 568 582 567 301 566 431 569 432 569 302 566 583 567 435 568 583 567 302 566 438 570 585 571 437 572 585 571 438 570 586 573 587 573 439 570 588 571 440 572 588 571 439 570 307 574 590 575 442 576 590 575 307 574 437 577 440 577 310 574 591 575 443 576 591 575 310 574 437 578 592 579 590 580 592 579 437 578 585 581 588 581 440 578 593 579 591 580 593 579 440 578 594 582 592 583 585 584 592 583 594 582 595 585 596 585 597 582 593 583 588 584 593 583 597 582 599 586 595 587 594 588 595 587 599 586 600 589 601 589 602 586 596 587 597 588 596 587 602 586 604 590 600 591 599 592 600 591 604 590 605 593 606 593 607 590 601 591 602 592 601 591 607 590 609 594 605 595 604 596 605 595 609 594 610 597 611 597 612 594 606 595 607 596 606 595 612 594 609 598 614 599 610 600 614 599 609 598 615 601 616 601 612 598 617 599 611 600 617 599 612 598 615 602 619 603 614 604 619 603 615 602 620 605 621 605 616 602 622 603 617 604 622 603 616 602 620 606 624 607 619 608 624 607 620 606 625 609 626 609 621 606 627 607 622 608 627 607 621 606 625 610 629 611 624 612 629 611 625 610 630 613 631 613 626 610 632 611 627 612 632 611 626 610 630 614 634 615 629 616 634 615 630 614 635 617 636 617 631 614 637 615 632 616 637 615 631 614 635 618 639 619 634 620 639 619 635 618 640 621 641 621 636 618 642 619 637 620 642 619 636 618 640 622 644 623 639 624 644 623 640 622 645 625 646 625 641 622 647 623 642 624 647 623 641 622 645 626 649 627 644 628 649 627 645 626 650 629 651 629 646 626 652 627 647 628 652 627 646 626 649 630 654 631 655 632 654 631 649 630 650 633 651 633 652 630 656 631 657 632 656 631 652 630 655 634 545 635 659 636 545 635 655 634 654 637 656 637 657 634 546 635 660 636 546 635 657 634 659 638 397 639 542 640 397 639 659 638 545 641 546 641 660 638 398 639 543 640 398 639 660 638 654 642 544 643 545 644 544 643 654 642 661 645 662 645 656 642 547 643 546 644 547 643 656 642 549 646 552 647 404 648 552 647 549 646 663 649 664 649 550 646 553 647 405 648 553 647 550 646 555 650 552 651 666 652 552 651 555 650 407 653 408 653 556 650 553 651 667 652 553 651 556 650 669 654 410 655 555 656 410 655 669 654 558 657 559 657 670 654 411 655 556 656 411 655 670 654 672 658 413 659 558 660 413 659 672 658 561 661 562 661 673 658 414 659 559 660 414 659 673 658 675 662 416 663 561 664 416 663 675 662 564 665 565 665 676 662 417 663 562 664 417 663 676 662 678 666 0 667 564 668 565 668 5 667 679 666 567 669 0 670 678 671 679 671 5 670 568 669 681 672 419 673 567 674 419 673 681 672 570 675 571 675 682 672 420 673 568 674 420 673 682 672 684 676 422 677 570 678 422 677 684 676 573 679 574 679 685 676 423 677 571 678 423 677 685 676 573 680 576 681 425 682 576 681 573 680 687 683 688 683 574 680 577 681 426 682 577 681 574 680 428 684 690 685 579 686 690 685 428 684 576 687 577 687 429 684 691 685 580 686 691 685 429 684 431 688 693 689 582 690 693 689 431 688 579 691 580 691 432 688 694 689 583 690 694 689 432 688 696 692 585 693 586 694 585 693 696 692 594 695 597 695 697 692 588 693 587 694 588 693 697 692 698 696 594 697 696 698 594 697 698 696 599 699 602 699 699 696 597 697 697 698 597 697 699 696 700 700 599 701 698 702 599 701 700 700 604 703 607 703 701 700 602 701 699 702 602 701 701 700 703 704 604 705 700 706 604 705 703 704 609 707 612 707 704 704 607 705 701 706 607 705 704 704 703 708 615 709 609 710 615 709 703 708 706 711 707 711 704 708 616 709 612 710 616 709 704 708 706 712 620 713 615 714 620 713 706 712 709 715 710 715 707 712 621 713 616 714 621 713 707 712 709 716 625 717 620 718 625 717 709 716 712 719 713 719 710 716 626 717 621 718 626 717 710 716 712 720 630 721 625 722 630 721 712 720 715 723 716 723 713 720 631 721 626 722 631 721 713 720 715 724 635 725 630 726 635 725 715 724 718 727 719 727 716 724 636 725 631 726 636 725 716 724 718 728 640 729 635 730 640 729 718 728 721 731 722 731 719 728 641 729 636 730 641 729 719 728 721 732 645 733 640 734 645 733 721 732 724 735 725 735 722 732 646 733 641 734 646 733 722 732 724 736 650 737 645 738 650 737 724 736 727 739 728 739 725 736 651 737 646 738 651 737 725 736 650 740 661 741 654 742 661 741 650 740 727 743 728 743 651 740 662 741 656 742 662 741 651 740 666 744 663 745 729 746 663 745 666 744 552 747 553 747 667 744 664 745 730 746 664 745 667 744 669 748 666 749 731 750 666 749 669 748 555 751 556 751 670 748 667 749 732 750 667 749 670 748 672 752 669 753 734 754 669 753 672 752 558 755 559 755 673 752 670 753 735 754 670 753 673 752 737 756 561 757 672 758 561 757 737 756 675 759 676 759 738 756 562 757 673 758 562 757 738 756 675 760 678 761 564 762 678 761 675 760 740 763 741 763 676 760 679 761 565 762 679 761 676 760 740 764 567 765 678 766 567 765 740 764 681 767 682 767 741 764 568 765 679 766 568 765 741 764 743 768 570 769 681 770 570 769 743 768 684 771 685 771 744 768 571 769 682 770 571 769 744 768 746 772 573 773 684 774 573 773 746 772 687 775 688 775 747 772 574 773 685 774 574 773 747 772 687 776 690 777 576 778 690 777 687 776 749 779 750 779 688 776 691 777 577 778 691 777 688 776 579 780 752 781 693 782 752 781 579 780 690 783 691 783 580 780 753 781 694 782 753 781 580 780 690 784 754 785 752 786 754 785 690 784 749 787 750 787 691 784 755 785 753 786 755 785 691 784 756 788 754 789 749 790 754 789 756 788 757 791 758 791 759 788 755 789 750 790 755 789 759 788 761 792 757 793 756 794 757 793 761 792 762 795 763 795 764 792 758 793 759 794 758 793 764 792 761 796 766 797 762 798 766 797 761 796 767 799 768 799 764 796 769 797 763 798 769 797 764 796 767 800 771 801 766 802 771 801 767 800 772 803 773 803 768 800 774 801 769 802 774 801 768 800 772 804 776 805 771 806 776 805 772 804 777 807 778 807 773 804 779 805 774 806 779 805 773 804 777 808 781 809 776 810 781 809 777 808 731 811 732 811 778 808 782 809 779 810 782 809 778 808 731 812 729 813 781 814 729 813 731 812 666 815 667 815 732 812 730 813 782 814 730 813 732 812 734 816 731 817 777 818 731 817 734 816 669 819 670 819 735 816 732 817 778 818 732 817 735 816 737 820 734 821 783 822 734 821 737 820 672 823 673 823 738 820 735 821 784 822 735 821 738 820 737 824 740 825 675 826 740 825 737 824 786 827 787 827 738 824 741 825 676 826 741 825 738 824 786 828 681 829 740 830 681 829 786 828 743 831 744 831 787 828 682 829 741 830 682 829 787 828 789 832 684 833 743 834 684 833 789 832 746 835 747 835 790 832 685 833 744 834 685 833 790 832 746 836 749 837 687 838 749 837 746 836 756 839 759 839 747 836 750 837 688 838 750 837 747 836 789 840 756 841 746 842 756 841 789 840 761 843 764 843 790 840 759 841 747 842 759 841 790 840 789 844 767 845 761 846 767 845 789 844 792 847 793 847 790 844 768 845 764 846 768 845 790 844 792 848 772 849 767 850 772 849 792 848 783 851 784 851 793 848 773 849 768 850 773 849 793 848 783 852 777 853 772 854 777 853 783 852 734 855 735 855 784 852 778 853 773 854 778 853 784 852 783 856 786 857 737 858 786 857 783 856 792 859 793 859 784 856 787 857 738 858 787 857 784 856 792 860 743 861 786 862 743 861 792 860 789 863 790 863 793 860 744 861 787 862 744 861 793 860</p>
                </triangles>
                <lines count="432" material="Material3">
                    <input offset="0" semantic="VERTEX" source="#ID56" />
                    <p>6 7 8 6 8 7 11 7 6 11 16 6 16 17 17 8 20 8 20 7 23 7 11 23 26 11 26 16 31 16 31 32 32 17 17 35 35 20 38 20 38 7 41 7 23 41 44 23 44 26 47 26 47 31 52 31 52 53 53 32 32 56 56 35 35 59 59 38 62 38 7 62 65 7 41 65 68 41 68 44 71 44 71 47 74 47 74 52 79 52 79 80 80 53 53 83 83 56 56 86 86 59 59 89 62 89 92 62 92 7 95 7 65 95 98 65 98 68 101 68 101 71 104 71 104 74 107 74 107 79 112 79 112 113 113 80 80 116 116 83 83 119 119 86 86 122 89 122 89 125 125 92 128 92 128 7 131 7 95 131 134 95 134 98 137 98 137 101 140 101 140 104 143 104 143 107 146 107 146 112 155 112 155 156 156 113 113 159 159 116 116 162 162 119 119 165 122 165 122 168 168 125 125 171 171 128 174 128 174 7 177 7 131 177 180 131 180 134 183 134 183 137 186 137 186 140 189 140 189 143 192 143 192 146 197 146 197 155 202 155 202 203 203 156 156 208 208 159 159 211 211 162 162 214 165 214 165 217 217 168 168 220 220 171 171 223 223 174 226 174 226 7 229 7 177 229 232 177 232 180 235 180 235 183 238 183 238 186 241 186 241 189 244 189 244 192 249 192 249 197 252 197 252 202 261 202 261 262 262 203 203 265 265 208 208 270 270 211 211 273 214 273 214 276 276 217 217 279 279 220 220 282 282 223 223 285 285 226 288 226 288 7 291 7 229 291 294 229 294 232 297 232 297 235 300 235 300 238 303 238 303 241 306 241 306 244 311 244 311 249 314 249 314 252 319 252 319 261 368 319 369 368 370 369 371 370 372 371 373 372 374 373 375 374 376 375 377 376 378 377 379 378 380 379 381 380 382 381 383 382 384 383 385 384 386 385 387 386 388 387 262 388 388 265 265 395 395 270 270 400 273 400 273 403 403 276 276 406 406 279 279 409 409 282 282 412 412 285 285 415 415 288 418 288 418 7 421 7 291 421 424 291 424 294 427 294 427 297 430 297 430 300 433 300 433 303 436 303 436 306 441 306 441 311 444 311 444 314 368 314 369 444 370 457 457 444 371 462 462 457 372 467 467 462 373 472 472 467 374 477 477 472 375 482 482 477 376 487 487 482 377 492 492 487 378 497 497 492 379 502 502 497 380 507 507 502 381 512 512 507 382 517 517 512 383 522 522 517 384 527 527 522 385 532 532 527 537 386 537 532 387 395 395 537 400 537 400 548 548 403 403 551 551 406 406 554 554 409 409 557 557 412 412 560 560 415 415 563 563 418 566 418 566 7 569 7 421 569 572 421 572 424 575 424 575 427 578 427 578 430 581 430 581 433 584 433 584 436 589 436 589 441 457 441 462 589 467 598 598 589 472 603 603 598 477 608 608 603 482 613 613 608 487 618 618 613 492 623 623 618 497 628 628 623 502 633 633 628 507 638 638 633 512 643 643 638 517 648 648 643 522 653 653 648 527 658 658 653 532 548 548 658 658 551 551 665 665 554 554 668 668 557 557 671 671 560 560 674 674 563 563 677 677 566 680 566 680 7 569 680 683 569 683 572 686 572 686 575 689 575 689 578 692 578 692 581 695 581 695 584 598 584 603 695 608 702 702 695 613 705 705 702 618 708 708 705 623 711 711 708 628 714 714 711 633 717 717 714 638 720 720 717 643 723 723 720 648 726 726 723 653 665 665 726 726 668 668 733 733 671 671 736 736 674 674 739 739 677 677 742 742 680 742 683 745 683 745 686 748 686 748 689 751 689 751 692 702 692 705 751 708 760 760 751 711 765 765 760 714 770 770 765 717 775 775 770 720 780 780 775 723 733 733 780 780 736 736 785 785 739 739 788 788 742 788 745 791 745 791 748 760 748 765 791 770 794 794 791 775 785 785 794 794 788</p>
                </lines>
            </mesh>
        </geometry>
        <geometry id="ID92">
            <mesh>
                <source id="ID98">
                    <float_array id="ID103" count="27">1425.435 -621.4163 93.95276 1425.342 -620.8 93.95276 1425.342 -622.0326 93.95276 1425.342 -622.0326 93.95276 1425.342 -620.8 93.95276 1425.435 -621.4163 93.95276 1425.435 -621.4163 93.95276 1425.342 -620.8 93.95276 1425.342 -622.0326 93.95276</float_array>
                    <technique_common>
                        <accessor count="9" source="#ID103" stride="3">
                            <param name="X" type="float" />
                            <param name="Y" type="float" />
                            <param name="Z" type="float" />
                        </accessor>
                    </technique_common>
                </source>
                <source id="ID99">
                    <float_array id="ID104" count="27">-0 -0 1 -0 -0 1 -0 -0 1 0 0 -1 0 0 -1 0 0 -1 0 0 0 0 0 0 0 0 0</float_array>
                    <technique_common>
                        <accessor count="9" source="#ID104" stride="3">
                            <param name="X" type="float" />
                            <param name="Y" type="float" />
                            <param name="Z" type="float" />
                        </accessor>
                    </technique_common>
                </source>
                <source id="ID100">
                    <Name_array id="ID106" count="0" />
                    <technique_common>
                        <accessor count="0" source="#ID106" stride="1">
                            <param name="skp_material" type="Name" />
                        </accessor>
                    </technique_common>
                </source>
                <source id="ID102">
                    <float_array id="ID105" count="6">90.5151 -39.45993 90.50923 -39.4208 90.50923 -39.49907</float_array>
                    <technique_common>
                        <accessor count="3" source="#ID105" stride="2">
                            <param name="S" type="float" />
                            <param name="T" type="float" />
                        </accessor>
                    </technique_common>
                </source>
                <vertices id="ID101">
                    <input semantic="POSITION" source="#ID98" />
                    <input semantic="NORMAL" source="#ID99" />
                </vertices>
                <triangles count="1" material="Material3">
                    <input offset="0" semantic="VERTEX" source="#ID101" />
                    <input offset="1" semantic="TEXCOORD" source="#ID102" />
                    <p>0 0 1 1 2 2</p>
                </triangles>
                <triangles count="1" material="Material2">
                    <input offset="0" semantic="VERTEX" source="#ID101" />
                    <p>3 4 5</p>
                </triangles>
                <lines count="3" material="Material4">
                    <input offset="0" semantic="VERTEX" source="#ID101" />
                    <p>6 7 8 7 8 6</p>
                </lines>
            </mesh>
        </geometry>
    </library_geometries>
    <library_materials>
        <material id="ID7" name="__Vegetation_Grass_Artificial_1">
            <instance_effect url="#ID8" />
        </material>
        <material id="ID18" name="material">
            <instance_effect url="#ID17" />
        </material>
        <material id="ID19" name="edge_color808080255">
            <instance_effect url="#ID20" />
        </material>
        <material id="ID27" name="material_0">
            <instance_effect url="#ID26" />
        </material>
        <material id="ID48" name="Vegetation_Juniper2">
            <instance_effect url="#ID49" />
        </material>
        <material id="ID58" name="edge_color9912870115">
            <instance_effect url="#ID59" />
        </material>
        <material id="ID93" name="Brick_Rough_Tan">
            <instance_effect url="#ID94" />
        </material>
    </library_materials>
    <library_effects>
        <effect id="ID8">
            <profile_COMMON>
                <newparam sid="ID10">
                    <surface type="2D">
                        <init_from>ID9</init_from>
                    </surface>
                </newparam>
                <newparam sid="ID11">
                    <sampler2D>
                        <source>ID10</source>
                    </sampler2D>
                </newparam>
                <technique sid="COMMON">
                    <lambert>
                        <diffuse>
                            <texture texture="ID11" texcoord="UVSET0" />
                        </diffuse>
                    </lambert>
                </technique>
            </profile_COMMON>
        </effect>
        <effect id="ID17">
            <profile_COMMON>
                <technique sid="COMMON">
                    <lambert>
                        <diffuse>
                            <color>0.545098 0.5333333 0.6039216 1</color>
                        </diffuse>
                    </lambert>
                </technique>
            </profile_COMMON>
        </effect>
        <effect id="ID20">
            <profile_COMMON>
                <technique sid="COMMON">
                    <constant>
                        <transparent opaque="A_ONE">
                            <color>0.3137255 0.3137255 0.3137255 1</color>
                        </transparent>
                        <transparency>
                            <float>1</float>
                        </transparency>
                    </constant>
                </technique>
            </profile_COMMON>
        </effect>
        <effect id="ID26">
            <profile_COMMON>
                <technique sid="COMMON">
                    <lambert>
                        <diffuse>
                            <color>0.8901961 0.8823529 0.8705882 1</color>
                        </diffuse>
                    </lambert>
                </technique>
            </profile_COMMON>
        </effect>
        <effect id="ID49">
            <profile_COMMON>
                <newparam sid="ID51">
                    <surface type="2D">
                        <init_from>ID50</init_from>
                    </surface>
                </newparam>
                <newparam sid="ID52">
                    <sampler2D>
                        <source>ID51</source>
                    </sampler2D>
                </newparam>
                <technique sid="COMMON">
                    <lambert>
                        <diffuse>
                            <texture texture="ID52" texcoord="UVSET0" />
                        </diffuse>
                        <transparent opaque="RGB_ZERO">
                            <color>0.55 0.55 0.55 1</color>
                        </transparent>
                        <transparency>
                            <float>1</float>
                        </transparency>
                    </lambert>
                </technique>
            </profile_COMMON>
        </effect>
        <effect id="ID59">
            <profile_COMMON>
                <technique sid="COMMON">
                    <constant>
                        <transparent opaque="A_ONE">
                            <color>0.3882353 0.5019608 0.2745098 0.4509804</color>
                        </transparent>
                        <transparency>
                            <float>1</float>
                        </transparency>
                    </constant>
                </technique>
            </profile_COMMON>
        </effect>
        <effect id="ID94">
            <profile_COMMON>
                <newparam sid="ID96">
                    <surface type="2D">
                        <init_from>ID95</init_from>
                    </surface>
                </newparam>
                <newparam sid="ID97">
                    <sampler2D>
                        <source>ID96</source>
                    </sampler2D>
                </newparam>
                <technique sid="COMMON">
                    <lambert>
                        <diffuse>
                            <texture texture="ID97" texcoord="UVSET0" />
                        </diffuse>
                    </lambert>
                </technique>
            </profile_COMMON>
        </effect>
    </library_effects>
    <library_images>
        <image id="ID9">
            <init_from>model/__Vegetation_Grass_Artificial_1.jpg</init_from>
        </image>
        <image id="ID50">
            <init_from>model/Vegetation_Juniper2.jpg</init_from>
        </image>
        <image id="ID95">
            <init_from>model/Brick_Rough_Tan.jpg</init_from>
        </image>
    </library_images>
    <scene>
        <instance_visual_scene url="#ID2" />
    </scene>
</COLLADA>
