{"cameraMode":{"drawMode":0,"name":"Shaded","section":"Shading Mode"},"sceneLighting":false,"audioPlay":false,"sceneViewState":{"showFog":true,"showMaterialUpdate":false,"showSkybox":false,"showFlares":true,"showImageEffects":true,"showParticleSystems":true},"in2DMode":false,"pivot":{"x":0.080322265625,"y":0.6107177734375,"z":1.269775390625},"rotation":{"x":0.06028057262301445,"y":-0.23111353814601899,"z":0.02392127551138401,"w":0.9715843796730042},"size":2.4295706748962404,"orthographic":true}