{"cameraMode":{"drawMode":0,"name":"Shaded","section":"Shading Mode"},"sceneLighting":false,"audioPlay":false,"sceneViewState":{"showFog":true,"showMaterialUpdate":false,"showSkybox":false,"showFlares":true,"showImageEffects":true,"showParticleSystems":true},"in2DMode":false,"pivot":{"x":-0.11577832698822022,"y":0.5199815034866333,"z":0.20413781702518464},"rotation":{"x":-0.9757823944091797,"y":0.016925327479839326,"z":0.0817812830209732,"w":0.20308640599250794},"size":0.5309916138648987,"orthographic":true}