{"cameraMode":{"drawMode":0,"name":"Shaded","section":"Shading Mode"},"sceneLighting":false,"audioPlay":false,"sceneViewState":{"showFog":true,"showMaterialUpdate":false,"showSkybox":false,"showFlares":true,"showImageEffects":true,"showParticleSystems":true},"in2DMode":false,"pivot":{"x":0.9049158096313477,"y":-0.6799999475479126,"z":0.12296485900878906},"rotation":{"x":-0.07708781957626343,"y":-0.8839674592018127,"z":0.4319223463535309,"w":-0.16542480885982514},"size":14.142135620117188,"orthographic":true}