{"cameraMode":{"drawMode":0,"name":"Shaded","section":"Shading Mode"},"sceneLighting":false,"audioPlay":false,"sceneViewState":{"showFog":true,"showMaterialUpdate":false,"showSkybox":false,"showFlares":true,"showImageEffects":true,"showParticleSystems":true},"in2DMode":false,"pivot":{"x":8.22412109375,"y":0.1163330078125,"z":1.9195556640625},"rotation":{"x":-0.1868477165699005,"y":-0.2794494330883026,"z":0.055868085473775867,"w":-0.940655529499054},"size":1.6726728677749634,"orthographic":true}