{"cameraMode":{"drawMode":0,"name":"Shaded","section":"Shading Mode"},"sceneLighting":false,"audioPlay":false,"sceneViewState":{"showFog":true,"showMaterialUpdate":false,"showSkybox":false,"showFlares":true,"showImageEffects":true,"showParticleSystems":true},"in2DMode":false,"pivot":{"x":-0.7902712821960449,"y":-4.351278305053711,"z":0.20039081573486329},"rotation":{"x":-0.5424519777297974,"y":0.030635450035333635,"z":0.019820867106318475,"w":0.8401510715484619},"size":14.399989128112793,"orthographic":true}