{"cameraMode":{"drawMode":0,"name":"Shaded","section":"Shading Mode"},"sceneLighting":false,"audioPlay":false,"sceneViewState":{"showFog":true,"showMaterialUpdate":false,"showSkybox":false,"showFlares":true,"showImageEffects":true,"showParticleSystems":true},"in2DMode":false,"pivot":{"x":0.17627772688865663,"y":0.4500524401664734,"z":-0.1680733859539032},"rotation":{"x":0.1008671298623085,"y":-0.049672190099954608,"z":0.004397939424961805,"w":0.9941331744194031},"size":0.5472120046615601,"orthographic":true}