{"cameraMode":{"drawMode":0,"name":"Shaded","section":"Shading Mode"},"sceneLighting":false,"audioPlay":false,"sceneViewState":{"showFog":true,"showMaterialUpdate":false,"showSkybox":false,"showFlares":true,"showImageEffects":true,"showParticleSystems":true},"in2DMode":false,"pivot":{"x":7.59051513671875,"y":-0.021270751953125,"z":0.178985595703125},"rotation":{"x":0.1747492402791977,"y":0.7643250226974487,"z":-0.23635344207286836,"w":0.5748223662376404},"size":1.200072169303894,"orthographic":true}