{"cameraMode":{"drawMode":0,"name":"Shaded","section":"Shading Mode"},"sceneLighting":false,"audioPlay":false,"sceneViewState":{"showFog":true,"showMaterialUpdate":false,"showSkybox":false,"showFlares":true,"showImageEffects":true,"showParticleSystems":true},"in2DMode":false,"pivot":{"x":1.344970703125,"y":-0.17144775390625,"z":2.852630615234375},"rotation":{"x":0.06339112669229508,"y":-0.33913496136665347,"z":0.02221173234283924,"w":0.9388654828071594},"size":1.5612419843673707,"orthographic":true}