{"cameraMode":{"drawMode":0,"name":"Shaded","section":"Shading Mode"},"sceneLighting":false,"audioPlay":false,"sceneViewState":{"showFog":true,"showMaterialUpdate":false,"showSkybox":false,"showFlares":true,"showImageEffects":true,"showParticleSystems":true},"in2DMode":false,"pivot":{"x":-0.0597686767578125,"y":0.02490234375,"z":-0.2722320556640625},"rotation":{"x":0.006770716048777103,"y":0.9689612984657288,"z":-0.2436976581811905,"w":0.05689102038741112},"size":0.23644782602787019,"orthographic":true}