{"cameraMode":{"drawMode":0,"name":"Shaded","section":"Shading Mode"},"sceneLighting":false,"audioPlay":false,"sceneViewState":{"showFog":true,"showMaterialUpdate":false,"showSkybox":false,"showFlares":true,"showImageEffects":true,"showParticleSystems":true},"in2DMode":false,"pivot":{"x":-0.11724156886339188,"y":0.20899999141693116,"z":0.23510000109672547},"rotation":{"x":-0.3877175748348236,"y":0.6318533420562744,"z":-0.47578728199005129,"w":-0.47538840770721438},"size":0.3053224980831146,"orthographic":true}