{"cameraMode":{"drawMode":0,"name":"Shaded","section":"Shading Mode"},"sceneLighting":false,"audioPlay":false,"sceneViewState":{"showFog":true,"showMaterialUpdate":false,"showSkybox":false,"showFlares":true,"showImageEffects":true,"showParticleSystems":true},"in2DMode":false,"pivot":{"x":-0.4599999785423279,"y":1.0199999809265137,"z":0.375},"rotation":{"x":-0.35773369669914248,"y":0.48625656962394717,"z":-0.22769595682621003,"w":-0.7646673917770386},"size":1.0862780809402466,"orthographic":true}