<?xml version="1.0" encoding="UTF-8" standalone="no" ?>
<COLLADA xmlns="http://www.collada.org/2005/11/COLLADASchema" version="1.4.1">
    <asset>
        <contributor>
            <authoring_tool>SketchUp 15.0.1</authoring_tool>
        </contributor>
        <created>2020-01-16T21:17:22Z</created>
        <modified>2020-01-16T21:17:22Z</modified>
        <unit meter="0.0254" name="inch" />
        <up_axis>Z_UP</up_axis>
    </asset>
    <library_cameras>
        <camera id="ID1" name="skp_camera_Last_Saved_SketchUp_View">
            <optics>
                <technique_common>
                    <perspective>
                        <yfov>35</yfov>
                        <aspect_ratio>0</aspect_ratio>
                        <znear>1</znear>
                        <zfar>1000</zfar>
                    </perspective>
                </technique_common>
            </optics>
        </camera>
        <camera id="ID2" name="skp_camera_Scene_2">
            <optics>
                <technique_common>
                    <perspective>
                        <yfov>35</yfov>
                        <aspect_ratio>0</aspect_ratio>
                        <znear>1</znear>
                        <zfar>1000</zfar>
                    </perspective>
                </technique_common>
            </optics>
        </camera>
    </library_cameras>
    <library_visual_scenes>
        <visual_scene id="ID3">
            <node name="SketchUp">
                <node name="skp_camera_Last_Saved_SketchUp_View">
                    <matrix>0.3297113 0.4562104 -0.8265364 -249.3288 -0.9440818 0.159327 -0.2886598 -99.87125 8.326673e-17 0.8754924 0.4832319 138.8666 0 0 0 1</matrix>
                    <instance_camera url="#ID1" />
                </node>
                <node name="skp_camera_Scene_2">
                    <matrix>0.3297113 0.4562104 -0.8265364 -252.0139 -0.9440818 0.159327 -0.2886598 -100.8137 -2.775558e-17 0.8754924 0.4832319 139.9564 0 0 0 1</matrix>
                    <instance_camera url="#ID2" />
                </node>
                <node id="ID4" name="instance_0">
                    <matrix>1 0 0 0 0 1 0 0 0 0 1 0 0 0 0 1</matrix>
                    <instance_node url="#ID5" />
                </node>
            </node>
        </visual_scene>
    </library_visual_scenes>
    <library_nodes>
        <node id="ID5" name="stone_big">
            <instance_geometry url="#ID6">
                <bind_material>
                    <technique_common>
                        <instance_material symbol="Material2" target="#ID7">
                            <bind_vertex_input semantic="UVSET0" input_semantic="TEXCOORD" input_set="0" />
                        </instance_material>
                        <instance_material symbol="Material3" target="#ID18">
                            <bind_vertex_input semantic="UVSET0" input_semantic="TEXCOORD" input_set="0" />
                        </instance_material>
                        <instance_material symbol="Material4" target="#ID19">
                            <bind_vertex_input semantic="UVSET0" input_semantic="TEXCOORD" input_set="0" />
                        </instance_material>
                        <instance_material symbol="Material5" target="#ID21">
                            <bind_vertex_input semantic="UVSET0" input_semantic="TEXCOORD" input_set="0" />
                        </instance_material>
                    </technique_common>
                </bind_material>
            </instance_geometry>
        </node>
    </library_nodes>
    <library_geometries>
        <geometry id="ID6">
            <mesh>
                <source id="ID12">
                    <float_array id="ID23" count="5226">37.15844 56.15132 9.189097 37.00875 56.32215 9.131562 37.11986 57.13021 9.136664 37.11986 57.13021 9.136664 37.00875 56.32215 9.131562 37.15844 56.15132 9.189097 37.15844 56.15132 9.189097 37.00875 56.32215 9.131562 37.11986 57.13021 9.136664 36.94302 55.84489 9.128997 36.94302 55.84489 9.128997 36.94302 55.84489 9.128997 37.2877 65.98253 13.6866 36.94302 55.84489 9.128997 36.88124 55.50867 9.193494 37.00875 56.32215 9.131562 37.11986 57.13021 9.136664 38.11763 68.51138 11.63751 38.11763 68.51138 11.63751 37.2877 65.98253 13.6866 37.11986 57.13021 9.136664 37.00875 56.32215 9.131562 36.94302 55.84489 9.128997 36.88124 55.50867 9.193494 37.2877 65.98253 13.6866 38.11763 68.51138 11.63751 36.88124 55.50867 9.193494 35.89358 88.25116 7.469692 37.00875 56.32215 9.131562 25.86291 69.04217 4.847326 37.11986 57.13021 9.136664 37.11986 57.13021 9.136664 35.89358 88.25116 7.469692 37.00875 56.32215 9.131562 25.86291 69.04217 4.847326 35.89358 88.25116 7.469692 25.86291 69.04217 4.847326 38.13506 68.63953 11.679 38.11763 68.51138 11.63751 38.11763 68.51138 11.63751 38.13506 68.63953 11.679 38.13506 68.63953 11.679 36.88124 55.50867 9.193494 36.88124 55.50867 9.193494 36.94302 55.84489 9.128997 17.4314 28.08856 3.685235 36.94302 55.84489 9.128997 17.4314 28.08856 3.685235 17.4314 28.08856 3.685235 38.13506 68.63953 11.679 38.87135 73.83503 13.18606 38.87135 73.83503 13.18606 38.13506 68.63953 11.679 38.87135 73.83503 13.18606 36.81557 53.82148 8.470535 37.11986 57.13021 9.136664 39.0257 71.27835 9.395486 37.00875 56.32215 9.131562 36.94302 55.84489 9.128997 38.11763 68.51138 11.63751 38.11763 68.51138 11.63751 37.11986 57.13021 9.136664 39.0257 71.27835 9.395486 36.81557 53.82148 8.470535 36.94302 55.84489 9.128997 37.00875 56.32215 9.131562 36.81557 53.82148 8.470535 39.0257 71.27835 9.395486 36.24463 53.93196 9.245363 33.11723 54.53711 13.48956 33.11723 54.53711 13.48956 36.24463 53.93196 9.245363 33.11723 54.53711 13.48956 36.24463 53.93196 9.245363 38.11763 68.51138 11.63751 38.13506 68.63953 11.679 39.59071 87.2532 15.39019 39.59071 87.2532 15.39019 38.13506 68.63953 11.679 38.11763 68.51138 11.63751 39.59071 87.2532 15.39019 24.45806 88.41293 4.210236 24.45806 88.41293 4.210236 24.45806 88.41293 4.210236 40.91552 73.83773 16.10519 43.23991 50.30017 17.35966 38.87135 73.83503 13.18606 38.87135 73.83503 13.18606 40.91552 73.83773 16.10519 43.23991 50.30017 17.35966 40.91552 73.83773 16.10519 43.23991 50.30017 17.35966 24.12555 25.51267 9.571271 23.95666 25.54453 9.398501 25.08354 24.7964 10.77321 39.52881 45.08729 16.01341 39.52881 45.08729 16.01341 25.08354 24.7964 10.77321 24.12555 25.51267 9.571271 23.95666 25.54453 9.398501 39.52881 45.08729 16.01341 25.08354 24.7964 10.77321 24.12555 25.51267 9.571271 23.95666 25.54453 9.398501 18.21716 26.41614 4.822859 18.2246 26.42179 4.826562 18.91286 26.33717 5.368703 18.91286 26.33717 5.368703 18.2246 26.42179 4.826562 18.21716 26.41614 4.822859 18.91286 26.33717 5.368703 18.2246 26.42179 4.826562 18.21716 26.41614 4.822859 -3.916388 87.938 1.041694 -3.916388 87.938 1.041694 -3.916388 87.938 1.041694 41.03619 71.74033 17.01549 40.91552 73.83773 16.10519 40.91552 73.83773 16.10519 41.03619 71.74033 17.01549 41.03619 71.74033 17.01549 38.13506 68.63953 11.679 38.87135 73.83503 13.18606 40.61988 82.50512 12.63341 40.61988 82.50512 12.63341 38.87135 73.83503 13.18606 38.13506 68.63953 11.679 40.61988 82.50512 12.63341 43.35417 68.34292 5.50632 43.35417 68.34292 5.50632 43.35417 68.34292 5.50632 39.06725 56.70423 20.38976 39.06725 56.70423 20.38976 39.06725 56.70423 20.38976 36.37113 44.73687 13.17514 38.00651 39.81137 13.01712 36.37113 44.73687 13.17514 38.00651 39.81137 13.01712 36.37113 44.73687 13.17514 38.00651 39.81137 13.01712 36.37113 44.73687 13.17514 36.37113 44.73687 13.17514 38.87135 73.83503 13.18606 40.91552 73.83773 16.10519 40.91552 73.83773 16.10519 38.87135 73.83503 13.18606 26.88341 115.9955 9.18181 26.88341 115.9955 9.18181 26.88341 115.9955 9.18181 22.41671 105.441 4.940288 22.41671 105.441 4.940288 22.41671 105.441 4.940288 41.70894 60.68073 21.47871 41.03619 71.74033 17.01549 41.25451 67.37349 19.21478 41.25451 67.37349 19.21478 41.03619 71.74033 17.01549 41.70894 60.68073 21.47871 41.25451 67.37349 19.21478 41.70894 60.68073 21.47871 40.86476 47.13883 17.61185 40.86476 47.13883 17.61185 40.86476 47.13883 17.61185 23.7245 23.3994 13.53933 22.31789 22.45288 19.58117 22.18184 22.03196 18.06884 40.86476 47.13883 17.61185 40.86476 47.13883 17.61185 23.7245 23.3994 13.53933 22.31789 22.45288 19.58117 22.18184 22.03196 18.06884 22.31789 22.45288 19.58117 22.18184 22.03196 18.06884 23.7245 23.3994 13.53933 24.12555 25.51267 9.571271 32.11614 20.3606 18.073 34.95646 25.12365 8.876414 25.08354 24.7964 10.77321 23.7245 23.3994 13.53933 23.7245 23.3994 13.53933 25.08354 24.7964 10.77321 32.11614 20.3606 18.073 24.12555 25.51267 9.571271 34.95646 25.12365 8.876414 34.95646 25.12365 8.876414 32.11614 20.3606 18.073 23.95666 25.54453 9.398501 18.91286 26.33717 5.368703 23.95666 25.54453 9.398501 18.91286 26.33717 5.368703 18.2246 26.42179 4.826562 33.15315 25.63437 3.979339 18.2246 26.42179 4.826562 33.15315 25.63437 3.979339 33.15315 25.63437 3.979339 18.21716 26.41614 4.822859 19.98169 22.16375 1.881021 16.91312 26.34587 4.801864 19.98169 22.16375 1.881021 18.21716 26.41614 4.822859 16.91312 26.34587 4.801864 16.91312 26.34587 4.801864 19.98169 22.16375 1.881021 -25.91769 18.67308 7.6319 2.937762 20.33944 8.023339 2.839657 19.25458 8.730017 6.573477 22.00286 7.119116 15.37237 25.90436 5.012242 16.44416 26.25468 4.837558 16.91312 26.34587 4.801864 16.91312 26.34587 4.801864 16.44416 26.25468 4.837558 15.37237 25.90436 5.012242 6.573477 22.00286 7.119116 2.937762 20.33944 8.023339 -25.91769 18.67308 7.6319 2.839657 19.25458 8.730017 16.44416 26.25468 4.837558 15.37237 25.90436 5.012242 6.573477 22.00286 7.119116 2.937762 20.33944 8.023339 2.839657 19.25458 8.730017 -25.91769 18.67308 7.6319 -27.58752 33.94371 2.490532 -27.58752 33.94371 2.490532 -27.58752 33.94371 2.490532 41.25451 67.37349 19.21478 41.25451 67.37349 19.21478 42.66156 74.23695 18.45892 40.91552 73.83773 16.10519 41.03619 71.74033 17.01549 42.66156 74.23695 18.45892 40.91552 73.83773 16.10519 41.03619 71.74033 17.01549 42.66156 74.23695 18.45892 42.81984 84.0166 7.309583 42.81984 84.0166 7.309583 42.81984 84.0166 7.309583 43.12546 55.09114 4.249787 43.12546 55.09114 4.249787 43.12546 55.09114 4.249787 38.30355 44.54197 15.08172 38.30355 44.54197 15.08172 38.30355 44.54197 15.08172 38.30355 44.54197 15.08172 38.30355 44.54197 15.08172 43.04611 32.54315 7.520441 43.04611 32.54315 7.520441 43.04611 32.54315 7.520441 41.25451 67.37349 19.21478 39.95071 72.60221 26.20921 41.70894 60.68073 21.47871 41.03619 71.74033 17.01549 39.95071 72.60221 26.20921 41.03619 71.74033 17.01549 41.25451 67.37349 19.21478 41.70894 60.68073 21.47871 39.95071 72.60221 26.20921 24.26914 119.0689 16.09587 24.26914 119.0689 16.09587 24.26914 119.0689 16.09587 41.52891 59.70362 21.60327 41.70894 60.68073 21.47871 41.70894 60.68073 21.47871 41.52891 59.70362 21.60327 41.52891 59.70362 21.60327 41.64745 52.60622 20.25393 41.92664 50.04917 19.39407 41.26444 55.56476 21.34362 41.52891 59.70362 21.60327 41.08882 57.44864 21.92958 41.08882 57.44864 21.92958 41.52891 59.70362 21.60327 41.26444 55.56476 21.34362 41.64745 52.60622 20.25393 41.92664 50.04917 19.39407 41.08882 57.44864 21.92958 41.26444 55.56476 21.34362 41.64745 52.60622 20.25393 41.92664 50.04917 19.39407 39.52881 45.08729 16.01341 41.64745 52.60622 20.25393 40.86476 47.13883 17.61185 41.92664 50.04917 19.39407 41.92664 50.04917 19.39407 40.86476 47.13883 17.61185 41.64745 52.60622 20.25393 39.52881 45.08729 16.01341 50.50235 38.54242 19.78778 39.52881 45.08729 16.01341 40.86476 47.13883 17.61185 41.92664 50.04917 19.39407 41.64745 52.60622 20.25393 41.92664 50.04917 19.39407 41.64745 52.60622 20.25393 50.50235 38.54242 19.78778 40.86476 47.13883 17.61185 39.52881 45.08729 16.01341 50.50235 38.54242 19.78778 34.85534 48.69767 30.34827 41.92664 50.04917 19.39407 41.92664 50.04917 19.39407 34.85534 48.69767 30.34827 34.85534 48.69767 30.34827 19.11665 22.24244 18.91738 -20.13366 21.35548 16.87841 5.328815 20.2978 12.31822 19.11665 22.24244 18.91738 -20.13366 21.35548 16.87841 5.328815 20.2978 12.31822 5.328815 20.2978 12.31822 -20.13366 21.35548 16.87841 19.11665 22.24244 18.91738 22.18184 22.03196 18.06884 19.11665 22.24244 18.91738 19.41332 21.69722 20.29664 19.41332 21.69722 20.29664 19.11665 22.24244 18.91738 22.18184 22.03196 18.06884 19.41332 21.69722 20.29664 45.72758 13.84605 16.99809 45.72758 13.84605 16.99809 45.72758 13.84605 16.99809 45.82066 15.11268 4.68297 45.82066 15.11268 4.68297 45.82066 15.11268 4.68297 16.44416 26.25468 4.837558 4.909835 18.45882 2.592724 16.44416 26.25468 4.837558 4.909835 18.45882 2.592724 4.909835 18.45882 2.592724 30.18476 18.92102 2.274991 30.18476 18.92102 2.274991 30.18476 18.92102 2.274991 2.349788 20.50925 5.968128 15.37237 25.90436 5.012242 15.37237 25.90436 5.012242 2.349788 20.50925 5.968128 2.349788 20.50925 5.968128 6.573477 22.00286 7.119116 6.573477 22.00286 7.119116 2.937762 20.33944 8.023339 2.937762 20.33944 8.023339 4.051986 20.01764 11.91801 2.839657 19.25458 8.730017 -0.1164438 7.449893 10.33245 3.932423 20.05218 11.50009 2.839657 19.25458 8.730017 -0.1164438 7.449893 10.33245 3.932423 20.05218 11.50009 4.051986 20.01764 11.91801 4.051986 20.01764 11.91801 3.932423 20.05218 11.50009 -0.1164438 7.449893 10.33245 3.932423 20.05218 11.50009 4.381607 20.16162 11.87032 4.381607 20.16162 11.87032 3.932423 20.05218 11.50009 4.381607 20.16162 11.87032 -45.74644 53.68842 3.142559 -45.74644 53.68842 3.142559 -45.74644 53.68842 3.142559 41.25451 67.37349 19.21478 41.25451 67.37349 19.21478 54.81048 86.91047 19.52579 54.81048 86.91047 19.52579 54.81048 86.91047 19.52579 63.0252 90.88167 12.09004 63.0252 90.88167 12.09004 63.0252 90.88167 12.09004 49.95298 80.88235 4.043611 49.95298 80.88235 4.043611 49.95298 80.88235 4.043611 61.18857 63.96572 1.041694 61.18857 63.96572 1.041694 61.18857 63.96572 1.041694 50.00215 41.0106 4.492245 50.00215 41.0106 4.492245 50.00215 41.0106 4.492245 58.71838 23.77743 11.1265 58.71838 23.77743 11.1265 58.71838 23.77743 11.1265 41.08882 57.44864 21.92958 41.26444 55.56476 21.34362 41.64745 52.60622 20.25393 41.52891 59.70362 21.60327 41.52891 59.70362 21.60327 41.08882 57.44864 21.92958 41.64745 52.60622 20.25393 41.26444 55.56476 21.34362 52.23934 72.75366 26.88312 41.70894 60.68073 21.47871 41.52891 59.70362 21.60327 41.70894 60.68073 21.47871 52.23934 72.75366 26.88312 41.52891 59.70362 21.60327 52.23934 72.75366 26.88312 32.52342 98.85216 25.04701 32.52342 98.85216 25.04701 32.52342 98.85216 25.04701 6.054547 120.5532 11.89077 6.054547 120.5532 11.89077 6.054547 120.5532 11.89077 1.67925 114.0728 6.839909 1.67925 114.0728 6.839909 1.67925 114.0728 6.839909 41.08882 57.44864 21.92958 41.08882 57.44864 21.92958 41.26444 55.56476 21.34362 41.26444 55.56476 21.34362 56.50833 47.65922 27.9614 41.26444 55.56476 21.34362 56.50833 47.65922 27.9614 41.26444 55.56476 21.34362 56.50833 47.65922 27.9614 16.42629 33.43085 38.21357 16.42629 33.43085 38.21357 16.42629 33.43085 38.21357 5.328815 20.2978 12.31822 4.381607 20.16162 11.87032 5.328815 20.2978 12.31822 4.381607 20.16162 11.87032 -10.01026 21.3642 41.85325 -10.01026 21.3642 41.85325 -10.01026 21.3642 41.85325 30.1547 18.2194 24.18101 30.1547 18.2194 24.18101 30.1547 18.2194 24.18101 42.66982 14.19261 25.48767 42.66982 14.19261 25.48767 42.66982 14.19261 25.48767 48.62652 11.27563 8.729501 48.62652 11.27563 8.729501 48.62652 11.27563 8.729501 39.80721 14.5215 1.881021 39.80721 14.5215 1.881021 39.80721 14.5215 1.881021 24.48717 4.910218 1.041694 24.48717 4.910218 1.041694 24.48717 4.910218 1.041694 -1.725647 7.118159 4.908019 -1.725647 7.118159 4.908019 -1.725647 7.118159 4.908019 1.59081 7.781846 24.98385 1.59081 7.781846 24.98385 1.59081 7.781846 24.98385 -62.11694 40.76224 14.40335 -62.11694 40.76224 14.40335 -62.11694 40.76224 14.40335 -50.62651 33.1434 5.859326 -51.92915 36.59398 4.821581 -49.67792 30.49176 6.663822 -49.67792 30.49176 6.663822 -50.62651 33.1434 5.859326 -51.92915 36.59398 4.821581 -49.67792 30.49176 6.663822 -50.62651 33.1434 5.859326 -51.92915 36.59398 4.821581 -53.4288 39.81506 4.778131 -58.19314 43.40809 5.046311 -53.4288 39.81506 4.778131 -58.19314 43.40809 5.046311 -53.4288 39.81506 4.778131 -58.19314 43.40809 5.046311 -60.88321 76.39633 2.472064 -60.88321 76.39633 2.472064 -60.88321 76.39633 2.472064 62.22152 88.62722 5.991252 62.22152 88.62722 5.991252 62.22152 88.62722 5.991252 65.0798 20.24734 5.810687 65.0798 20.24734 5.810687 65.0798 20.24734 5.810687 48.55783 60.19897 27.61869 41.08882 57.44864 21.92958 48.55783 60.19897 27.61869 41.08882 57.44864 21.92958 48.55783 60.19897 27.61869 32.18303 64.7226 35.22964 32.18303 64.7226 35.22964 32.18303 64.7226 35.22964 28.79281 82.83526 35.11469 28.79281 82.83526 35.11469 28.79281 82.83526 35.11469 11.11706 115.5075 23.66147 11.11706 115.5075 23.66147 11.11706 115.5075 23.66147 -2.617987 122.6805 17.46365 -2.617987 122.6805 17.46365 -2.617987 122.6805 17.46365 -19.68588 113.4322 5.208049 -19.68588 113.4322 5.208049 -19.68588 113.4322 5.208049 72.08105 30.84733 25.45369 72.08105 30.84733 25.45369 72.08105 30.84733 25.45369 25.99046 50.69257 40.45593 25.99046 50.69257 40.45593 25.99046 50.69257 40.45593 7.949012 18.44352 22.86961 7.949012 18.44352 22.86961 7.949012 18.44352 22.86961 -43.49276 42.55247 30.74478 -43.49276 42.55247 30.74478 -43.49276 42.55247 30.74478 22.03156 18.16864 26.86978 22.03156 18.16864 26.86978 22.03156 18.16864 26.86978 50.46736 1.049691 21.95487 50.46736 1.049691 21.95487 50.46736 1.049691 21.95487 53.46033 0.2756044 14.73578 53.46033 0.2756044 14.73578 53.46033 0.2756044 14.73578 53.0214 0.5779943 4.855792 53.0214 0.5779943 4.855792 53.0214 0.5779943 4.855792 47.52714 2.724658 2.466179 47.52714 2.724658 2.466179 47.52714 2.724658 2.466179 3.631155 5.181169 1.891856 3.631155 5.181169 1.891856 3.631155 5.181169 1.891856 4.137296 -7.554756 8.880467 4.137296 -7.554756 8.880467 4.137296 -7.554756 8.880467 7.835052 -5.326817 18.4671 7.835052 -5.326817 18.4671 7.835052 -5.326817 18.4671 -50.42967 31.37275 7.657266 -57.48712 37.35478 12.36128 -62.70721 40.14146 12.53259 -62.70721 40.14146 12.53259 -57.48712 37.35478 12.36128 -50.42967 31.37275 7.657266 -62.70721 40.14146 12.53259 -57.48712 37.35478 12.36128 -50.42967 31.37275 7.657266 -50.62651 33.1434 5.859326 -47.57003 24.77263 8.220063 -45.91568 24.13633 4.293141 -49.67792 30.49176 6.663822 -50.42967 31.37275 7.657266 -49.67792 30.49176 6.663822 -47.57003 24.77263 8.220063 -50.42967 31.37275 7.657266 -50.62651 33.1434 5.859326 -45.91568 24.13633 4.293141 -45.91568 24.13633 4.293141 -47.57003 24.77263 8.220063 -53.14608 39.98667 3.592978 -51.92915 36.59398 4.821581 -53.4288 39.81506 4.778131 -53.4288 39.81506 4.778131 -53.14608 39.98667 3.592978 -51.92915 36.59398 4.821581 -53.14608 39.98667 3.592978 -61.8727 46.22953 5.112152 -58.19314 43.40809 5.046311 -58.19314 43.40809 5.046311 -61.8727 46.22953 5.112152 -61.8727 46.22953 5.112152 -61.8727 46.22953 5.112152 -63.77946 47.65034 5.149771 -61.8727 46.22953 5.112152 -63.77946 47.65034 5.149771 -63.77946 47.65034 5.149771 -41.80619 102.4463 5.522929 -41.80619 102.4463 5.522929 -41.80619 102.4463 5.522929 73.13273 90.59313 20.42068 73.13273 90.59313 20.42068 73.13273 90.59313 20.42068 65.73097 84.04132 27.2779 65.73097 84.04132 27.2779 65.73097 84.04132 27.2779 84.38171 88.28986 7.315195 84.38171 88.28986 7.315195 84.38171 88.28986 7.315195 61.75133 81.55193 3.481472 61.75133 81.55193 3.481472 61.75133 81.55193 3.481472 67.35521 28.28861 2.143079 67.35521 28.28861 2.143079 67.35521 28.28861 2.143079 91.87255 26.28073 11.33017 91.87255 26.28073 11.33017 91.87255 26.28073 11.33017 59.24402 61.85306 32.35923 59.24402 61.85306 32.35923 59.24402 61.85306 32.35923 9.509282 101.5356 34.60199 9.509282 101.5356 34.60199 9.509282 101.5356 34.60199 -22.246 122.4722 10.68954 -22.246 122.4722 10.68954 -22.246 122.4722 10.68954 74.89376 41.98075 32.47598 74.89376 41.98075 32.47598 74.89376 41.98075 32.47598 -3.178699 30.7948 50.13926 -3.178699 30.7948 50.13926 -3.178699 30.7948 50.13926 14.45594 41.58027 46.48183 14.45594 41.58027 46.48183 14.45594 41.58027 46.48183 -29.42863 44.08563 46.26638 -29.42863 44.08563 46.26638 -29.42863 44.08563 46.26638 33.00083 15.0931 28.29591 33.00083 15.0931 28.29591 33.00083 15.0931 28.29591 42.13543 8.500964 26.99768 42.13543 8.500964 26.99768 42.13543 8.500964 26.99768 53.90926 -1.924555 9.136541 53.90926 -1.924555 9.136541 53.90926 -1.924555 9.136541 9.459906 -2.57385 2.274365 9.459906 -2.57385 2.274365 9.459906 -2.57385 2.274365 2.479695 -6.3536 3.979781 2.479695 -6.3536 3.979781 2.479695 -6.3536 3.979781 12.27835 -4.125886 27.57279 12.27835 -4.125886 27.57279 12.27835 -4.125886 27.57279 8.410048 7.35331 29.8448 8.410048 7.35331 29.8448 8.410048 7.35331 29.8448 -56.3759 69.74368 32.74558 -56.3759 69.74368 32.74558 -56.3759 69.74368 32.74558 -64.058 42.45273 10.49414 -74.02207 79.1002 7.235191 -67.45892 49.9922 6.395745 -67.45892 49.9922 6.395745 -74.02207 79.1002 7.235191 -64.058 42.45273 10.49414 -67.45892 49.9922 6.395745 -74.02207 79.1002 7.235191 -64.058 42.45273 10.49414 -69.17866 43.94936 12.28235 -62.70721 40.14146 12.53259 -64.058 42.45273 10.49414 -58.39717 36.80318 13.74996 -57.48712 37.35478 12.36128 -62.70721 40.14146 12.53259 -57.48712 37.35478 12.36128 -58.39717 36.80318 13.74996 -69.17866 43.94936 12.28235 -64.058 42.45273 10.49414 -58.39717 36.80318 13.74996 -69.17866 43.94936 12.28235 -52.75614 9.054862 7.173594 -52.75614 9.054862 7.173594 -52.75614 9.054862 7.173594 -49.28317 23.74529 2.065374 -49.28317 23.74529 2.065374 -49.28317 23.74529 2.065374 -66.44823 50.06727 2.98054 -63.77946 47.65034 5.149771 -68.19408 50.75174 6.212609 -65.59739 48.89411 5.760564 -65.59739 48.89411 5.760564 -68.19408 50.75174 6.212609 -63.77946 47.65034 5.149771 -66.44823 50.06727 2.98054 -65.59739 48.89411 5.760564 -68.19408 50.75174 6.212609 -66.44823 50.06727 2.98054 -67.10785 49.89356 6.269939 -65.59739 48.89411 5.760564 -65.59739 48.89411 5.760564 -67.10785 49.89356 6.269939 -67.10785 49.89356 6.269939 88.6046 91.85128 13.60652 88.6046 91.85128 13.60652 88.6046 91.85128 13.60652 65.05756 77.56509 32.66831 65.05756 77.56509 32.66831 65.05756 77.56509 32.66831 75.14411 81.7456 3.972031 75.14411 81.7456 3.972031 75.14411 81.7456 3.972031 83.47842 36.86868 2.65936 83.47842 36.86868 2.65936 83.47842 36.86868 2.65936 93.70013 24.55184 4.897797 93.70013 24.55184 4.897797 93.70013 24.55184 4.897797 66.75838 51.67485 33.1497 66.75838 51.67485 33.1497 66.75838 51.67485 33.1497 59.4476 71.70833 33.5923 59.4476 71.70833 33.5923 59.4476 71.70833 33.5923 24.59104 67.45539 41.52952 24.59104 67.45539 41.52952 24.59104 67.45539 41.52952 18.3057 83.33511 42.11523 18.3057 83.33511 42.11523 18.3057 83.33511 42.11523 -17.4186 119.4244 26.16905 -17.4186 119.4244 26.16905 -17.4186 119.4244 26.16905 -21.39501 127.8777 17.20775 -21.39501 127.8777 17.20775 -21.39501 127.8777 17.20775 91.22307 37.87543 23.91307 91.22307 37.87543 23.91307 91.22307 37.87543 23.91307 17.69042 55.49423 45.64342 17.69042 55.49423 45.64342 17.69042 55.49423 45.64342 14.44266 15.04078 28.70925 14.44266 15.04078 28.70925 14.44266 15.04078 28.70925 -38.21225 66.48884 41.86545 -38.21225 66.48884 41.86545 -38.21225 66.48884 41.86545 24.68283 15.00407 30.25262 24.68283 15.00407 30.25262 24.68283 15.00407 30.25262 50.36407 -12.35977 17.58232 50.36407 -12.35977 17.58232 50.36407 -12.35977 17.58232 45.27393 0.6368647 26.14358 45.27393 0.6368647 26.14358 45.27393 0.6368647 26.14358 47.78777 -11.13996 4.573339 47.78777 -11.13996 4.573339 47.78777 -11.13996 4.573339 41.94307 -7.088295 1.828287 41.94307 -7.088295 1.828287 41.94307 -7.088295 1.828287 16.45187 -9.659652 1.881021 16.45187 -9.659652 1.881021 16.45187 -9.659652 1.881021 19.78432 -14.52408 19.64087 19.78432 -14.52408 19.64087 19.78432 -14.52408 19.64087 17.2046 -14.78052 4.675292 17.2046 -14.78052 4.675292 17.2046 -14.78052 4.675292 22.34243 -12.15305 27.53593 22.34243 -12.15305 27.53593 22.34243 -12.15305 27.53593 -68.85478 88.56668 14.13884 -68.85478 88.56668 14.13884 -68.85478 88.56668 14.13884 -67.45892 49.9922 6.395745 -67.10785 49.89356 6.269939 -67.45892 49.9922 6.395745 -67.10785 49.89356 6.269939 -69.08854 40.4322 16.31364 -69.08854 40.4322 16.31364 -69.08854 40.4322 16.31364 -51.65842 25.76811 15.44812 -51.65842 25.76811 15.44812 -51.65842 25.76811 15.44812 -53.86201 10.54131 16.84351 -53.86201 10.54131 16.84351 -53.86201 10.54131 16.84351 -51.72642 7.634405 3.593469 -51.72642 7.634405 3.593469 -51.72642 7.634405 3.593469 -58.52653 37.66409 1.59565 -58.52653 37.66409 1.59565 -58.52653 37.66409 1.59565 -83.36316 47.74595 3.444936 -83.36316 47.74595 3.444936 -83.36316 47.74595 3.444936 -56.0135 111.8938 9.455651 -56.0135 111.8938 9.455651 -56.0135 111.8938 9.455651 89.4459 86.60356 23.60776 89.4459 86.60356 23.60776 89.4459 86.60356 23.60776 78.31904 85.50827 27.36642 78.31904 85.50827 27.36642 78.31904 85.50827 27.36642 76.19769 80.90266 32.21732 76.19769 80.90266 32.21732 76.19769 80.90266 32.21732 109.055 77.26063 7.507594 109.055 77.26063 7.507594 109.055 77.26063 7.507594 103.1014 75.09511 3.077221 103.1014 75.09511 3.077221 103.1014 75.09511 3.077221 97.65442 47.42352 2.157299 97.65442 47.42352 2.157299 97.65442 47.42352 2.157299 108.23 47.92441 6.116152 108.23 47.92441 6.116152 108.23 47.92441 6.116152 69.6588 58.07499 35.49974 69.6588 58.07499 35.49974 69.6588 58.07499 35.49974 64.55081 67.24573 35.50246 64.55081 67.24573 35.50246 64.55081 67.24573 35.50246 8.413636 91.02563 43.31521 8.413636 91.02563 43.31521 8.413636 91.02563 43.31521 -11.0147 105.9438 35.55728 -11.0147 105.9438 35.55728 -11.0147 105.9438 35.55728 -44.71683 119.7211 16.59419 -44.71683 119.7211 16.59419 -44.71683 119.7211 16.59419 77.34566 50.76084 35.83566 77.34566 50.76084 35.83566 77.34566 50.76084 35.83566 90.6077 46.63754 35.8647 90.6077 46.63754 35.8647 90.6077 46.63754 35.8647 106.563 51.59955 13.23597 106.563 51.59955 13.23597 106.563 51.59955 13.23597 1.999421 42.41426 49.72795 1.999421 42.41426 49.72795 1.999421 42.41426 49.72795 -18.46923 49.78741 48.50195 -18.46923 49.78741 48.50195 -18.46923 49.78741 48.50195 10.42109 50.35815 48.8449 10.42109 50.35815 48.8449 10.42109 50.35815 48.8449 -23.86886 63.5837 46.22866 -23.86886 63.5837 46.22866 -23.86886 63.5837 46.22866 33.10362 12.11688 30.36007 33.10362 12.11688 30.36007 33.10362 12.11688 30.36007 48.30063 -10.32456 23.66266 48.30063 -10.32456 23.66266 48.30063 -10.32456 23.66266 38.47866 6.298769 29.45384 38.47866 6.298769 29.45384 38.47866 6.298769 29.45384 43.23556 -6.36953 26.02405 43.23556 -6.36953 26.02405 43.23556 -6.36953 26.02405 49.34379 -12.09676 9.732297 49.34379 -12.09676 9.732297 49.34379 -12.09676 9.732297 31.70055 -13.67056 2.464817 31.70055 -13.67056 2.464817 31.70055 -13.67056 2.464817 22.21287 -16.06084 10.19193 20.64732 -15.37883 8.741628 22.21287 -16.06084 10.19193 20.64732 -15.37883 8.741628 20.64732 -15.37883 8.741628 22.21287 -16.06084 10.19193 19.25167 -15.35788 6.214809 17.72229 -14.50739 6.725992 19.04096 -14.88997 7.675439 19.04096 -14.88997 7.675439 17.72229 -14.50739 6.725992 19.25167 -15.35788 6.214809 19.25167 -15.35788 6.214809 17.72229 -14.50739 6.725992 19.04096 -14.88997 7.675439 17.31324 -1.702439 28.88419 17.31324 -1.702439 28.88419 17.31324 -1.702439 28.88419 24.38373 -7.833554 28.55827 24.38373 -7.833554 28.55827 24.38373 -7.833554 28.55827 15.59553 7.233248 29.62414 15.59553 7.233248 29.62414 15.59553 7.233248 29.62414 -45.74121 101.5413 25.38726 -45.74121 101.5413 25.38726 -45.74121 101.5413 25.38726 -30.56544 93.51664 36.00235 -30.56544 93.51664 36.00235 -30.56544 93.51664 36.00235 -84.14033 46.38121 11.57292 -84.14033 46.38121 11.57292 -84.14033 46.38121 11.57292 -81.52841 44.68653 17.17604 -81.52841 44.68653 17.17604 -81.52841 44.68653 17.17604 -62.80141 34.93139 18.08823 -62.80141 34.93139 18.08823 -62.80141 34.93139 18.08823 -67.51377 1.251726 12.54247 -67.51377 1.251726 12.54247 -67.51377 1.251726 12.54247 -66.13068 -3.519255 6.215284 -66.13068 -3.519255 6.215284 -66.13068 -3.519255 6.215284 -57.19416 9.235941 1.602801 -57.19416 9.235941 1.602801 -57.19416 9.235941 1.602801 -73.60542 22.94659 1.041694 -73.60542 22.94659 1.041694 -73.60542 22.94659 1.041694 -68.64132 41.17375 1.85567 -68.64132 41.17375 1.85567 -68.64132 41.17375 1.85567 -88.12031 45.68285 6.115647 -88.12031 45.68285 6.115647 -88.12031 45.68285 6.115647 -79.08021 43.10458 1.59565 -79.08021 43.10458 1.59565 -79.08021 43.10458 1.59565 107.1383 77.92411 15.31709 107.1383 77.92411 15.31709 107.1383 77.92411 15.31709 68.04041 71.78468 35.1424 68.04041 71.78468 35.1424 68.04041 71.78468 35.1424 75.30379 74.2549 35.12276 75.30379 74.2549 35.12276 75.30379 74.2549 35.12276 66.12705 63.04122 35.53152 66.12705 63.04122 35.53152 66.12705 63.04122 35.53152 13.80963 68.2618 45.30282 13.80963 68.2618 45.30282 13.80963 68.2618 45.30282 -7.478228 90.59767 41.71382 -7.478228 90.59767 41.71382 -7.478228 90.59767 41.71382 9.23781 78.59383 45.32833 9.23781 78.59383 45.32833 9.23781 78.59383 45.32833 106.8745 57.86833 32.4666 106.8745 57.86833 32.4666 106.8745 57.86833 32.4666 10.24629 59.38221 47.5914 10.24629 59.38221 47.5914 10.24629 59.38221 47.5914 18.91344 12.64166 30.81422 18.91344 12.64166 30.81422 18.91344 12.64166 30.81422 -23.26049 78.97496 42.7404 -23.26049 78.97496 42.7404 -23.26049 78.97496 42.7404 26.01532 11.93955 31.67734 26.01532 11.93955 31.67734 26.01532 11.93955 31.67734 37.9263 -16.84058 23.20392 37.9263 -16.84058 23.20392 37.9263 -16.84058 23.20392 40.22316 1.000341 28.06466 40.22316 1.000341 28.06466 40.22316 1.000341 28.06466 38.89087 -18.10867 9.552297 38.89087 -18.10867 9.552297 38.89087 -18.10867 9.552297 -9.754659 -17.9276 12.16714 20.64732 -15.37883 8.741628 19.04096 -14.88997 7.675439 22.21287 -16.06084 10.19193 23.84438 -16.35253 10.86512 23.92177 -17.95058 14.06581 23.92177 -17.95058 14.06581 -9.754659 -17.9276 12.16714 23.84438 -16.35253 10.86512 22.21287 -16.06084 10.19193 20.64732 -15.37883 8.741628 19.04096 -14.88997 7.675439 23.92177 -17.95058 14.06581 23.84438 -16.35253 10.86512 -9.754659 -17.9276 12.16714 37.41711 -18.8449 15.84154 23.84438 -16.35253 10.86512 24.75599 -16.67126 9.764931 37.41711 -18.8449 15.84154 23.84438 -16.35253 10.86512 24.75599 -16.67126 9.764931 24.75599 -16.67126 9.764931 37.41711 -18.8449 15.84154 35.31259 -17.67999 4.834292 26.10083 -16.54498 6.826089 23.03392 -15.91395 5.945941 25.91951 -16.60534 7.369489 25.76211 -16.64362 7.755113 23.03392 -15.91395 5.945941 35.31259 -17.67999 4.834292 25.76211 -16.64362 7.755113 25.91951 -16.60534 7.369489 26.10083 -16.54498 6.826089 25.76211 -16.64362 7.755113 35.31259 -17.67999 4.834292 25.91951 -16.60534 7.369489 26.10083 -16.54498 6.826089 23.03392 -15.91395 5.945941 17.72229 -14.50739 6.725992 20.84271 -20.57048 2.899013 -11.8408 -15.06713 5.67152 19.25167 -15.35788 6.214809 23.03392 -15.91395 5.945941 23.03392 -15.91395 5.945941 19.25167 -15.35788 6.214809 20.84271 -20.57048 2.899013 17.72229 -14.50739 6.725992 -11.8408 -15.06713 5.67152 -11.8408 -15.06713 5.67152 20.84271 -20.57048 2.899013 35.83676 -10.91785 26.10537 35.83676 -10.91785 26.10537 35.83676 -10.91785 26.10537 -73.4003 39.12688 19.02948 -73.4003 39.12688 19.02948 -73.4003 39.12688 19.02948 -59.45598 14.67473 20.05174 -59.45598 14.67473 20.05174 -59.45598 14.67473 20.05174 -58.99398 26.62514 19.30228 -58.99398 26.62514 19.30228 -58.99398 26.62514 19.30228 -70.16588 5.46684 18.55222 -70.16588 5.46684 18.55222 -70.16588 5.46684 18.55222 -64.03511 -3.396103 2.980831 -64.03511 -3.396103 2.980831 -64.03511 -3.396103 2.980831 -98.71575 37.63175 3.558999 -98.71575 37.63175 3.558999 -98.71575 37.63175 3.558999 -93.00039 36.15359 1.981854 -93.00039 36.15359 1.981854 -93.00039 36.15359 1.981854 99.38844 74.65924 29.66404 99.38844 74.65924 29.66404 99.38844 74.65924 29.66404 87.79312 81.18402 31.39065 87.79312 81.18402 31.39065 87.79312 81.18402 31.39065 84.22386 76.2122 35.38502 84.22386 76.2122 35.38502 84.22386 76.2122 35.38502 78.27907 57.3671 37.31203 78.27907 57.3671 37.31203 78.27907 57.3671 37.31203 75.35005 66.03461 36.78226 75.35005 66.03461 36.78226 75.35005 66.03461 36.78226 1.641529 83.31194 45.79594 1.641529 83.31194 45.79594 1.641529 83.31194 45.79594 87.02228 53.62271 37.58609 87.02228 53.62271 37.58609 87.02228 53.62271 37.58609 100.59 62.42769 38.84682 100.59 62.42769 38.84682 100.59 62.42769 38.84682 3.05071 53.84026 49.41949 3.05071 53.84026 49.41949 3.05071 53.84026 49.41949 -5.503076 54.85088 49.29158 -5.503076 54.85088 49.29158 -5.503076 54.85088 49.29158 -13.15108 62.71706 48.14602 -13.15108 62.71706 48.14602 -13.15108 62.71706 48.14602 6.474442 57.36376 48.73244 6.474442 57.36376 48.73244 6.474442 57.36376 48.73244 -12.71422 75.24611 45.79241 -12.71422 75.24611 45.79241 -12.71422 75.24611 45.79241 30.57175 3.804228 30.90378 30.57175 3.804228 30.90378 30.57175 3.804228 30.90378 38.31655 -2.437384 28.37583 38.31655 -2.437384 28.37583 38.31655 -2.437384 28.37583 25.76211 -16.64362 7.755113 48.29263 -39.41216 11.78754 25.91951 -16.60534 7.369489 25.12806 -16.5811 8.854066 24.75599 -16.67126 9.764931 48.29263 -39.41216 11.78754 24.75599 -16.67126 9.764931 25.12806 -16.5811 8.854066 25.76211 -16.64362 7.755113 25.91951 -16.60534 7.369489 48.29263 -39.41216 11.78754 25.12806 -16.5811 8.854066 -7.589689 -20.97498 29.71181 -7.589689 -20.97498 29.71181 -7.589689 -20.97498 29.71181 25.12806 -16.5811 8.854066 25.12806 -16.5811 8.854066 26.10083 -16.54498 6.826089 49.74945 -38.18595 5.67063 26.10083 -16.54498 6.826089 49.74945 -38.18595 5.67063 49.74945 -38.18595 5.67063 -12.24019 -26.50793 2.059741 -12.24019 -26.50793 2.059741 -12.24019 -26.50793 2.059741 -42.58963 -35.50838 10.42843 -42.58963 -35.50838 10.42843 -42.58963 -35.50838 10.42843 26.56368 -3.09101 29.85495 26.56368 -3.09101 29.85495 26.56368 -3.09101 29.85495 21.16004 1.385415 30.47638 21.16004 1.385415 30.47638 21.16004 1.385415 30.47638 33.30824 -5.894604 28.06081 33.30824 -5.894604 28.06081 33.30824 -5.894604 28.06081 21.33121 6.501767 31.68963 21.33121 6.501767 31.68963 21.33121 6.501767 31.68963 -99.26014 37.61526 10.07979 -99.26014 37.61526 10.07979 -99.26014 37.61526 10.07979 -96.41187 36.4036 14.84439 -96.41187 36.4036 14.84439 -96.41187 36.4036 14.84439 -84.93025 38.47611 18.17264 -84.93025 38.47611 18.17264 -84.93025 38.47611 18.17264 -66.9872 33.45602 20.3209 -66.9872 33.45602 20.3209 -66.9872 33.45602 20.3209 -83.38168 3.964074 18.52789 -83.38168 3.964074 18.52789 -83.38168 3.964074 18.52789 -82.98142 -0.1896197 13.31715 -82.98142 -0.1896197 13.31715 -82.98142 -0.1896197 13.31715 -81.14596 -2.183634 3.439869 -81.14596 -2.183634 3.439869 -81.14596 -2.183634 3.439869 -66.93162 5.172118 1.855257 -66.93162 5.172118 1.855257 -66.93162 5.172118 1.855257 -101.0852 35.65424 6.384293 -101.0852 35.65424 6.384293 -101.0852 35.65424 6.384293 81.31108 71.73848 36.88496 81.31108 71.73848 36.88496 81.31108 71.73848 36.88496 0.5718439 67.59211 47.45802 0.5718439 67.59211 47.45802 0.5718439 67.59211 47.45802 -5.002628 80.72217 45.83368 -5.002628 80.72217 45.83368 -5.002628 80.72217 45.83368 22.98594 9.711649 31.44159 22.98594 9.711649 31.44159 22.98594 9.711649 31.44159 40.24489 -46.19463 24.099 40.24489 -46.19463 24.099 40.24489 -46.19463 24.099 -34.2568 -41.15674 21.90818 -34.2568 -41.15674 21.90818 -34.2568 -41.15674 21.90818 23.23285 -26.37774 27.18007 23.23285 -26.37774 27.18007 23.23285 -26.37774 27.18007 60.93136 -73.68344 10.42357 60.93136 -73.68344 10.42357 60.93136 -73.68344 10.42357 41.82533 -46.98454 2.046767 41.82533 -46.98454 2.046767 41.82533 -46.98454 2.046767 3.760977 -66.46435 1.041694 3.760977 -66.46435 1.041694 3.760977 -66.46435 1.041694 -41.01293 -31.58851 4.559978 -41.01293 -31.58851 4.559978 -41.01293 -31.58851 4.559978 -75.47659 36.13577 20.39182 -75.47659 36.13577 20.39182 -75.47659 36.13577 20.39182 -65.12803 19.37097 19.90611 -65.12803 19.37097 19.90611 -65.12803 19.37097 19.90611 -72.45834 11.33572 19.41774 -72.45834 11.33572 19.41774 -72.45834 11.33572 19.41774 -64.08222 27.15723 20.69156 -64.08222 27.15723 20.69156 -64.08222 27.15723 20.69156 -82.07285 9.77445 19.20264 -82.07285 9.77445 19.20264 -82.07285 9.77445 19.20264 -86.35536 -0.1331218 6.112869 -86.35536 -0.1331218 6.112869 -86.35536 -0.1331218 6.112869 -77.12538 2.576594 1.59565 -77.12538 2.576594 1.59565 -77.12538 2.576594 1.59565 -102.5029 22.07324 3.37258 -102.5029 22.07324 3.37258 -102.5029 22.07324 3.37258 -95.23711 22.31869 1.560846 -95.23711 22.31869 1.560846 -95.23711 22.31869 1.560846 93.71074 73.72367 36.0306 93.71074 73.72367 36.0306 93.71074 73.72367 36.0306 87.53519 71.53169 37.85016 87.53519 71.53169 37.85016 87.53519 71.53169 37.85016 83.93968 61.82819 38.1941 83.93968 61.82819 38.1941 83.93968 61.82819 38.1941 92.74529 66.03963 38.53011 92.74529 66.03963 38.53011 92.74529 66.03963 38.53011 47.1617 -71.27012 21.43625 47.1617 -71.27012 21.43625 47.1617 -71.27012 21.43625 -27.80851 -48.87524 32.812 -27.80851 -48.87524 32.812 -27.80851 -48.87524 32.812 -3.178699 -34.25389 35.53268 -3.178699 -34.25389 35.53268 -3.178699 -34.25389 35.53268 60.72451 -69.92119 4.559449 60.72451 -69.92119 4.559449 60.72451 -69.92119 4.559449 -26.31157 -42.51954 2.517786 -26.31157 -42.51954 2.517786 -26.31157 -42.51954 2.517786 -46.92301 -69.75391 23.31373 -46.92301 -69.75391 23.31373 -46.92301 -69.75391 23.31373 -49.60237 -64.99455 5.392835 -49.60237 -64.99455 5.392835 -49.60237 -64.99455 5.392835 -105.3259 22.54712 11.95851 -105.3259 22.54712 11.95851 -105.3259 22.54712 11.95851 -92.64741 32.49564 17.60894 -92.64741 32.49564 17.60894 -92.64741 32.49564 17.60894 -83.5618 33.75909 19.79371 -83.5618 33.75909 19.79371 -83.5618 33.75909 19.79371 -70.07963 31.19895 21.26122 -70.07963 31.19895 21.26122 -70.07963 31.19895 21.26122 -93.05405 14.28543 17.58372 -93.05405 14.28543 17.58372 -93.05405 14.28543 17.58372 -98.65276 9.597414 15.66876 -98.65276 9.597414 15.66876 -98.65276 9.597414 15.66876 -99.60093 7.195093 10.80959 -99.60093 7.195093 10.80959 -99.60093 7.195093 10.80959 -97.18189 6.981207 3.544809 -97.18189 6.981207 3.544809 -97.18189 6.981207 3.544809 -91.68176 8.680797 1.980955 -91.68176 8.680797 1.980955 -91.68176 8.680797 1.980955 -104.3556 22.13319 6.777492 -104.3556 22.13319 6.777492 -104.3556 22.13319 6.777492 82.58372 69.33247 37.76356 82.58372 69.33247 37.76356 82.58372 69.33247 37.76356 84.90442 67.08947 38.2926 84.90442 67.08947 38.2926 84.90442 67.08947 38.2926 33.81528 -53.41538 31.97017 33.81528 -53.41538 31.97017 33.81528 -53.41538 31.97017 40.42492 -68.87928 28.75044 40.42492 -68.87928 28.75044 40.42492 -68.87928 28.75044 -39.15474 -73.13798 32.76787 -39.15474 -73.13798 32.76787 -39.15474 -73.13798 32.76787 20.20194 -40.91193 34.17289 20.20194 -40.91193 34.17289 20.20194 -40.91193 34.17289 45.43376 -100.7241 5.402029 45.43376 -100.7241 5.402029 45.43376 -100.7241 5.402029 42.30088 -101.3456 20.14907 42.30088 -101.3456 20.14907 42.30088 -101.3456 20.14907 42.14314 -68.49398 2.518536 42.14314 -68.49398 2.518536 42.14314 -68.49398 2.518536 -37.83805 -60.32794 2.046767 -37.83805 -60.32794 2.046767 -37.83805 -60.32794 2.046767 -48.96939 -76.22577 10.24261 -48.96939 -76.22577 10.24261 -48.96939 -76.22577 10.24261 -102.3551 23.25561 15.97153 -102.3551 23.25561 15.97153 -102.3551 23.25561 15.97153 -95.76077 23.92464 17.53005 -95.76077 23.92464 17.53005 -95.76077 23.92464 17.53005 -79.0821 25.8907 20.75067 -79.0821 25.8907 20.75067 -79.0821 25.8907 20.75067 -70.08201 22.46611 21.26933 -70.08201 22.46611 21.26933 -70.08201 22.46611 21.26933 -73.38062 17.09082 20.46859 -73.38062 17.09082 20.46859 -73.38062 17.09082 20.46859 -80.58815 16.1128 20.05844 -80.58815 16.1128 20.05844 -80.58815 16.1128 20.05844 -69.21664 26.87633 21.10562 -69.21664 26.87633 21.10562 -69.21664 26.87633 21.10562 -87.71708 17.75416 18.87431 -87.71708 17.75416 18.87431 -87.71708 17.75416 18.87431 -100.2539 8.940598 6.658692 -100.2539 8.940598 6.658692 -100.2539 8.940598 6.658692 40.69583 -95.29389 30.31513 40.69583 -95.29389 30.31513 40.69583 -95.29389 30.31513 -17.93576 -56.95101 34.38237 -17.93576 -56.95101 34.38237 -17.93576 -56.95101 34.38237 -27.09423 -74.3069 33.99209 -27.09423 -74.3069 33.99209 -27.09423 -74.3069 33.99209 2.269645 -48.03685 35.26844 2.269645 -48.03685 35.26844 2.269645 -48.03685 35.26844 38.4091 -108.4973 10.24765 38.4091 -108.4973 10.24765 38.4091 -108.4973 10.24765 39.20394 -89.62562 2.046767 39.20394 -89.62562 2.046767 39.20394 -89.62562 2.046767 -35.34579 -91.94714 2.745847 -35.34579 -91.94714 2.745847 -35.34579 -91.94714 2.745847 -45.80847 -84.21586 19.9748 -45.42309 -84.70562 21.44301 -46.07774 -89.48735 15.685 -45.8957 -92.36062 14.84246 -46.08758 -87.68353 16.68904 -45.80847 -84.21586 19.9748 -46.08758 -87.68353 16.68904 -46.07774 -89.48735 15.685 -45.8957 -92.36062 14.84246 -45.42309 -84.70562 21.44301 -45.8957 -92.36062 14.84246 -46.07774 -89.48735 15.685 -46.08758 -87.68353 16.68904 -45.80847 -84.21586 19.9748 -45.42309 -84.70562 21.44301 -38.02868 -105.8235 27.5804 -38.02868 -105.8235 27.5804 -38.02868 -105.8235 27.5804 -42.1429 -101.3671 5.583234 -42.1429 -101.3671 5.583234 -42.1429 -101.3671 5.583234 -88.47325 29.48154 18.87685 -88.47325 29.48154 18.87685 -88.47325 29.48154 18.87685 35.14867 -76.28098 33.67793 35.14867 -76.28098 33.67793 35.14867 -76.28098 33.67793 28.29101 -60.46951 36.02103 28.29101 -60.46951 36.02103 28.29101 -60.46951 36.02103 -25.39563 -98.10084 31.05481 -25.39563 -98.10084 31.05481 -25.39563 -98.10084 31.05481 17.97908 -50.95409 36.69353 17.97908 -50.95409 36.69353 17.97908 -50.95409 36.69353 16.08707 -123.6301 5.60898 16.08707 -123.6301 5.60898 16.08707 -123.6301 5.60898 16.88298 -111.7948 2.747478 16.88298 -111.7948 2.747478 16.88298 -111.7948 2.747478 15.18644 -118.4604 26.08469 15.18644 -118.4604 26.08469 15.18644 -118.4604 26.08469 15.70741 -124.6582 17.44001 15.70741 -124.6582 17.44001 15.70741 -124.6582 17.44001 -11.2719 -107.3334 1.983619 -11.2719 -107.3334 1.983619 -11.2719 -107.3334 1.983619 -40.32044 -108.4635 11.23292 -43.58038 -102.4284 16.41312 -42.82878 -106.4712 17.62632 -43.67905 -101.9606 16.31102 -45.59985 -93.38371 14.804 -45.59985 -93.38371 14.804 -43.67905 -101.9606 16.31102 -43.58038 -102.4284 16.41312 -42.82878 -106.4712 17.62632 -40.32044 -108.4635 11.23292 -40.32044 -108.4635 11.23292 -42.82878 -106.4712 17.62632 -43.58038 -102.4284 16.41312 -43.67905 -101.9606 16.31102 -45.59985 -93.38371 14.804 -50.19242 -84.88231 12.70744 -45.59985 -93.38371 14.804 -46.16394 -94.6611 13.69919 -45.8957 -92.36062 14.84246 -46.07774 -89.48735 15.685 -46.07774 -89.48735 15.685 -50.19242 -84.88231 12.70744 -45.8957 -92.36062 14.84246 -45.59985 -93.38371 14.804 -46.16394 -94.6611 13.69919 -50.19242 -84.88231 12.70744 -46.16394 -94.6611 13.69919 -46.08758 -87.68353 16.68904 -50.40956 -77.61521 16.51195 -50.40956 -77.61521 16.51195 -46.08758 -87.68353 16.68904 -50.40956 -77.61521 16.51195 -45.80847 -84.21586 19.9748 -45.80847 -84.21586 19.9748 -45.42309 -84.70562 21.44301 -53.04807 -73.40163 22.52468 -45.10103 -85.15901 21.84653 -53.04807 -73.40163 22.52468 -45.42309 -84.70562 21.44301 -45.10103 -85.15901 21.84653 -45.10103 -85.15901 21.84653 -53.04807 -73.40163 22.52468 -41.33514 -104.4152 22.48946 -41.46308 -106.0154 21.8092 -41.08473 -99.99714 24.19647 -41.18065 -99.20909 24.26699 -43.14923 -86.07752 24.82624 -45.10103 -85.15901 21.84653 -45.10103 -85.15901 21.84653 -43.14923 -86.07752 24.82624 -41.18065 -99.20909 24.26699 -41.08473 -99.99714 24.19647 -41.33514 -104.4152 22.48946 -41.46308 -106.0154 21.8092 -43.14923 -86.07752 24.82624 -41.18065 -99.20909 24.26699 -41.08473 -99.99714 24.19647 -41.33514 -104.4152 22.48946 -41.46308 -106.0154 21.8092 -89.29545 24.66811 19.08222 -89.29545 24.66811 19.08222 -89.29545 24.66811 19.08222 26.52535 -97.86526 32.12333 26.52535 -97.86526 32.12333 26.52535 -97.86526 32.12333 -13.90144 -75.47342 35.54483 -13.90144 -75.47342 35.54483 -13.90144 -75.47342 35.54483 -7.40744 -62.34119 36.28898 -7.40744 -62.34119 36.28898 -7.40744 -62.34119 36.28898 -15.28518 -90.10827 33.3964 -15.28518 -90.10827 33.3964 -15.28518 -90.10827 33.3964 5.083792 -59.43986 37.74182 5.083792 -59.43986 37.74182 5.083792 -59.43986 37.74182 10.75315 -126.9027 10.73507 10.75315 -126.9027 10.73507 10.75315 -126.9027 10.73507 -16.38799 -121.039 5.270749 -16.38799 -121.039 5.270749 -16.38799 -121.039 5.270749 -17.27609 -126.7232 20.84868 -42.27947 -106.9058 18.84396 -42.27947 -106.9058 18.84396 -17.27609 -126.7232 20.84868 -42.27947 -106.9058 18.84396 -17.27609 -126.7232 20.84868 -41.90478 -112.0733 19.03479 -42.82878 -106.4712 17.62632 -42.27947 -106.9058 18.84396 -43.62713 -102.5668 16.28646 -43.58038 -102.4284 16.41312 -42.0925 -106.8264 19.28828 -42.27947 -106.9058 18.84396 -41.90478 -112.0733 19.03479 -42.0925 -106.8264 19.28828 -43.58038 -102.4284 16.41312 -43.62713 -102.5668 16.28646 -42.82878 -106.4712 17.62632 -43.62713 -102.5668 16.28646 -42.0925 -106.8264 19.28828 -41.90478 -112.0733 19.03479 -43.67905 -101.9606 16.31102 -43.67905 -101.9606 16.31102 -50.61905 -89.90339 11.08212 -50.61905 -89.90339 11.08212 -50.61905 -89.90339 11.08212 -60.33073 -81.55329 6.847359 -60.33073 -81.55329 6.847359 -60.33073 -81.55329 6.847359 -42.67379 -84.13242 29.01749 -43.14923 -86.07752 24.82624 -42.67379 -84.13242 29.01749 -43.14923 -86.07752 24.82624 -42.67379 -84.13242 29.01749 -63.60877 -74.91383 8.456486 -63.60877 -74.91383 8.456486 -63.60877 -74.91383 8.456486 -41.18065 -99.20909 24.26699 -41.01129 -100.0614 24.45348 -41.18065 -99.20909 24.26699 -41.01129 -100.0614 24.45348 -41.01129 -100.0614 24.45348 -41.08473 -99.99714 24.19647 -41.08473 -99.99714 24.19647 -41.33514 -104.4152 22.48946 -41.33514 -104.4152 22.48946 -43.47172 -115.0991 23.93642 -41.46308 -106.0154 21.8092 -41.45683 -106.0512 21.75141 -41.46308 -106.0154 21.8092 -41.45683 -106.0512 21.75141 -43.47172 -115.0991 23.93642 -41.45683 -106.0512 21.75141 -43.47172 -115.0991 23.93642 -42.0925 -106.8264 19.28828 -41.45683 -106.0512 21.75141 -41.45683 -106.0512 21.75141 -42.0925 -106.8264 19.28828 -8.50412 -109.3455 30.95742 -8.50412 -109.3455 30.95742 -8.50412 -109.3455 30.95742 28.04404 -78.35472 36.1497 28.04404 -78.35472 36.1497 28.04404 -78.35472 36.1497 21.95518 -64.94477 37.7271 21.95518 -64.94477 37.7271 21.95518 -64.94477 37.7271 14.1562 -60.57141 37.44479 14.1562 -60.57141 37.44479 14.1562 -60.57141 37.44479 10.04216 -108.8137 31.10056 10.04216 -108.8137 31.10056 10.04216 -108.8137 31.10056 -17.45577 -124.611 11.44847 -17.45577 -124.611 11.44847 -17.45577 -124.611 11.44847 -47.8283 -113.359 15.04356 -47.8283 -113.359 15.04356 -47.8283 -113.359 15.04356 -46.24536 -103.6037 13.58623 -46.24536 -103.6037 13.58623 -46.24536 -103.6037 13.58623 -57.95639 -88.44477 8.189411 -57.95639 -88.44477 8.189411 -57.95639 -88.44477 8.189411 -48.61078 -96.89873 11.51371 -48.61078 -96.89873 11.51371 -48.61078 -96.89873 11.51371 -54.72568 -71.62298 25.66854 -54.72568 -71.62298 25.66854 -54.72568 -71.62298 25.66854 -68.5174 -73.39015 15.80706 -68.5174 -73.39015 15.80706 -68.5174 -73.39015 15.80706 -37.33468 -101.2681 32.46617 -37.33468 -101.2681 32.46617 -37.33468 -101.2681 32.46617 -54.24986 -123.6565 15.19354 -54.24986 -123.6565 15.19354 -54.24986 -123.6565 15.19354 -14.00948 -121.503 28.12973 -14.00948 -121.503 28.12973 -14.00948 -121.503 28.12973 18.28741 -92.27885 35.06452 18.28741 -92.27885 35.06452 18.28741 -92.27885 35.06452 5.949412 -78.7692 36.80078 5.949412 -78.7692 36.80078 5.949412 -78.7692 36.80078 -2.937382 -97.48114 33.77362 -2.937382 -97.48114 33.77362 -2.937382 -97.48114 33.77362 -56.14369 -94.14628 7.716814 -56.14369 -94.14628 7.716814 -56.14369 -94.14628 7.716814 -52.1579 -94.71205 9.887695 -52.1579 -94.71205 9.887695 -52.1579 -94.71205 9.887695 -67.18092 -92.90185 4.045872 -67.18092 -92.90185 4.045872 -67.18092 -92.90185 4.045872 -71.94374 -88.86396 2.529323 -71.94374 -88.86396 2.529323 -71.94374 -88.86396 2.529323 -43.39727 -83.51932 32.07712 -43.39727 -83.51932 32.07712 -43.39727 -83.51932 32.07712 -77.27374 -85.00472 5.951237 -77.27374 -85.00472 5.951237 -77.27374 -85.00472 5.951237 -47.43457 -118.675 27.48492 -47.43457 -118.675 27.48492 -47.43457 -118.675 27.48492 -55.95926 -126.7555 19.17204 -55.95926 -126.7555 19.17204 -55.95926 -126.7555 19.17204 6.88635 -98.94942 33.401 6.88635 -98.94942 33.401 6.88635 -98.94942 33.401 -50.8473 -110.5658 11.87904 -50.8473 -110.5658 11.87904 -50.8473 -110.5658 11.87904 -55.42088 -118.8332 11.79731 -55.42088 -118.8332 11.79731 -55.42088 -118.8332 11.79731 -55.96844 -103.8109 8.331632 -55.96844 -103.8109 8.331632 -55.96844 -103.8109 8.331632 -62.04973 -95.59694 5.5595 -62.04973 -95.59694 5.5595 -62.04973 -95.59694 5.5595 -70.90855 -71.95991 18.23989 -70.90855 -71.95991 18.23989 -70.90855 -71.95991 18.23989 -56.93217 -74.71158 26.82099 -56.93217 -74.71158 26.82099 -56.93217 -74.71158 26.82099 -83.57494 -82.18054 9.207028 -83.57494 -82.18054 9.207028 -83.57494 -82.18054 9.207028 -38.74451 -99.38694 35.03912 -38.74451 -99.38694 35.03912 -38.74451 -99.38694 35.03912 -45.38537 -114.7884 31.22754 -45.38537 -114.7884 31.22754 -45.38537 -114.7884 31.22754 -69.92673 -127.7879 10.23938 -69.92673 -127.7879 10.23938 -69.92673 -127.7879 10.23938 -63.73739 -119.0991 7.694653 -63.73739 -119.0991 7.694653 -63.73739 -119.0991 7.694653 -65.11769 -102.1631 4.432965 -65.11769 -102.1631 4.432965 -65.11769 -102.1631 4.432965 -71.35956 -101.5798 2.162664 -71.35956 -101.5798 2.162664 -71.35956 -101.5798 2.162664 -77.02185 -100.9953 0 -77.02185 -100.9953 0 -77.02185 -100.9953 0 -47.751 -87.91862 31.91562 -47.751 -87.91862 31.91562 -47.751 -87.91862 31.91562 -82.61579 -99.3033 2.477813 -82.61579 -99.3033 2.477813 -82.61579 -99.3033 2.477813 -58.44763 -126.2414 24.54208 -58.44763 -126.2414 24.54208 -58.44763 -126.2414 24.54208 -59.67859 -127.8777 21.05402 -59.67859 -127.8777 21.05402 -59.67859 -127.8777 21.05402 -66.83182 -125.1778 7.720913 -66.83182 -125.1778 7.720913 -66.83182 -125.1778 7.720913 -56.31371 -113.9011 10.06076 -56.31371 -113.9011 10.06076 -56.31371 -113.9011 10.06076 -71.89838 -77.68031 19.76349 -71.89838 -77.68031 19.76349 -71.89838 -77.68031 19.76349 -84.18905 -80.2206 12.1826 -84.18905 -80.2206 12.1826 -84.18905 -80.2206 12.1826 -64.9796 -97.65852 23.81305 -64.9796 -97.65852 23.81305 -64.9796 -97.65852 23.81305 -86.46643 -102.5392 7.856758 -86.46643 -102.5392 7.856758 -86.46643 -102.5392 7.856758 -48.92194 -109.2392 31.3267 -48.92194 -109.2392 31.3267 -48.92194 -109.2392 31.3267 -47.50305 -98.67333 31.77628 -47.50305 -98.67333 31.77628 -47.50305 -98.67333 31.77628 -58.73497 -120.3238 25.99909 -58.73497 -120.3238 25.99909 -58.73497 -120.3238 25.99909 -72.11883 -126.7318 14.39795 -72.11883 -126.7318 14.39795 -72.11883 -126.7318 14.39795 -77.68427 -117.3381 2.57015 -77.68427 -117.3381 2.57015 -77.68427 -117.3381 2.57015 -60.61812 -113.1669 7.687317 -60.61812 -113.1669 7.687317 -60.61812 -113.1669 7.687317 -66.21845 -109.4805 5.081769 -66.21845 -109.4805 5.081769 -66.21845 -109.4805 5.081769 -71.26071 -113.4768 3.856315 -71.26071 -113.4768 3.856315 -71.26071 -113.4768 3.856315 -87.83872 -96.92362 9.880876 -87.83872 -96.92362 9.880876 -87.83872 -96.92362 9.880876 -82.00846 -117.4847 5.329575 -82.00846 -117.4847 5.329575 -82.00846 -117.4847 5.329575 -73.02976 -124.9459 17.39734 -73.02976 -124.9459 17.39734 -73.02976 -124.9459 17.39734 -82.38058 -118.6581 9.357466 -82.38058 -118.6581 9.357466 -82.38058 -118.6581 9.357466 -78.08096 -85.68612 16.39762 -78.08096 -85.68612 16.39762 -78.08096 -85.68612 16.39762 -83.33549 -94.59032 14.01848 -83.33549 -94.59032 14.01848 -83.33549 -94.59032 14.01848 -84.4639 -115.1099 11.47167 -84.4639 -115.1099 11.47167 -84.4639 -115.1099 11.47167 -71.48296 -118.093 20.01503 -71.48296 -118.093 20.01503 -71.48296 -118.093 20.01503 -82.06518 -110.3999 14.26612 -82.06518 -110.3999 14.26612 -82.06518 -110.3999 14.26612</float_array>
                    <technique_common>
                        <accessor count="1742" source="#ID23" stride="3">
                            <param name="X" type="float" />
                            <param name="Y" type="float" />
                            <param name="Z" type="float" />
                        </accessor>
                    </technique_common>
                </source>
                <source id="ID13">
                    <float_array id="ID24" count="5226">0.6106344 -0.07504511 -0.7883488 0.3201298 -0.03831241 -0.9465987 0.8867648 0.01018943 -0.4621087 -0.8867648 -0.01018943 0.4621087 -0.3201298 0.03831241 0.9465987 -0.6106344 0.07504511 0.7883488 0 0 0 0 0 0 0 0 0 0.5422819 -0.2222899 -0.8102577 -0.5422819 0.2222899 0.8102577 0 0 0 -0.9611756 0.2220877 0.1637636 -0.9650063 0.1341144 -0.2253358 -0.881341 0.2147347 -0.4208646 -0.9650063 0.1341144 -0.2253358 -0.9650063 0.1341144 -0.2253358 -0.9684181 0.1701305 -0.1822688 0.9684181 -0.1701305 0.1822688 0.9611756 -0.2220877 -0.1637636 0.9650063 -0.1341144 0.2253358 0.9650063 -0.1341144 0.2253358 0.9650063 -0.1341144 0.2253358 0.881341 -0.2147347 0.4208646 0 0 0 0 0 0 0 0 0 0.6714885 0.1211502 -0.7310444 0.3197544 -0.03867913 -0.9467107 0.2270392 -0.02167145 -0.9736445 0.3839508 -0.03429552 -0.9227164 -0.3839508 0.03429552 0.9227164 -0.6714885 -0.1211502 0.7310444 -0.3197544 0.03867913 0.9467107 -0.2270392 0.02167145 0.9736445 0 0 0 0 0 0 0.8221322 0.04879515 -0.5672017 0.9066993 0.01314621 -0.4215728 -0.9066993 -0.01314621 0.4215728 -0.8221322 -0.04879515 0.5672017 0 0 0 0.619241 -0.2721391 -0.736533 -0.619241 0.2721391 0.736533 0.3680023 -0.07695326 -0.9266351 0.2458778 -0.2797225 -0.9280622 -0.3680023 0.07695326 0.9266351 -0.2458778 0.2797225 0.9280622 0 0 0 -0.9689351 0.1849431 -0.1641974 -0.8676183 0.203884 0.4535084 0.8676183 -0.203884 -0.4535084 0.9689351 -0.1849431 0.1641974 0 0 0 -0.708937 -0.03869512 -0.7042095 -0.9650063 0.1341144 -0.2253358 -0.859785 0.1453861 -0.4895229 -0.9650063 0.1341144 -0.2253358 -0.9650063 0.1341144 -0.2253358 -0.9668507 0.1496836 -0.2068683 0.9668507 -0.1496836 0.2068683 0.9650063 -0.1341144 0.2253358 0.859785 -0.1453861 0.4895229 0.708937 0.03869512 0.7042095 0.9650063 -0.1341144 0.2253358 0.9650063 -0.1341144 0.2253358 0 0 0 0 0 0 -0.8035748 0.01944347 -0.5948862 -0.9992526 0.002275285 0.03858815 0.9992526 -0.002275285 -0.03858815 0.8035748 -0.01944347 0.5948862 0 0 0 0 0 0 0.9066993 0.01314621 -0.4215728 0.9042276 0.01438342 -0.4268086 0.9714387 0.2251329 -0.07498048 -0.9714387 -0.2251329 0.07498048 -0.9042276 -0.01438342 0.4268086 -0.9066993 -0.01314621 0.4215728 0 0 0 0.1940688 0.02394853 -0.9806956 -0.1940688 -0.02394853 0.9806956 0 0 0 0.8804627 0.0618955 -0.4700578 0.9598222 -0.2661343 -0.08896055 0.8180715 0.05025219 -0.5729168 -0.8180715 -0.05025219 0.5729168 -0.8804627 -0.0618955 0.4700578 -0.9598222 0.2661343 0.08896055 0 0 0 0 0 0 0.65759 -0.2884031 -0.6959878 0.6149762 -0.2703284 -0.740761 0.8118148 -0.5000908 -0.3014398 0.8065456 -0.4880229 -0.3336432 -0.8065456 0.4880229 0.3336432 -0.8118148 0.5000908 0.3014398 -0.65759 0.2884031 0.6959878 -0.6149762 0.2703284 0.740761 0 0 0 0 0 0 0 0 0 0 0 0 0.3623914 -0.4017885 -0.8409747 0.5787995 -0.2549554 -0.7745895 0.5787995 -0.2549554 -0.7745895 -0.5787995 0.2549554 0.7745895 -0.5787995 0.2549554 0.7745895 -0.3623914 0.4017885 0.8409747 0 0 0 0 0 0 0 0 0 0.02773788 0.07267546 -0.9969699 -0.02773788 -0.07267546 0.9969699 0 0 0 -0.8082124 0.2075455 0.5511058 -0.8030326 0.1977842 0.5621566 0.8030326 -0.1977842 -0.5621566 0.8082124 -0.2075455 -0.5511058 0 0 0 -0.9689351 0.1849431 -0.1641974 -0.9744594 0.2026861 0.09668124 -0.7906498 0.5674182 0.2300205 0.7906498 -0.5674182 -0.2300205 0.9744594 -0.2026861 -0.09668124 0.9689351 -0.1849431 0.1641974 0 0 0 -0.4434151 0.08072511 -0.8926738 0.4434151 -0.08072511 0.8926738 0 0 0 -0.6769372 -0.03539437 0.7351893 0.6769372 0.03539437 -0.7351893 0 0 0 -0.9356684 -0.3049668 -0.1775385 -0.8535754 -0.4649918 0.234929 0.9356684 0.3049668 0.1775385 0.8535754 0.4649918 -0.234929 0 0 0 0 0 0 -0.8333291 -0.2917472 0.4695169 0.8333291 0.2917472 -0.4695169 0.8180715 0.05025219 -0.5729168 0.9866035 0.09018432 -0.1359421 -0.9866035 -0.09018432 0.1359421 -0.8180715 -0.05025219 0.5729168 0.5890144 0.6187886 -0.5197718 -0.5890144 -0.6187886 0.5197718 0 0 0 0.1940435 0.2028719 -0.9597865 -0.1940435 -0.2028719 0.9597865 0 0 0 0.9786633 0.06730439 0.1941344 0.9888651 0.103359 0.1070639 0.9888651 0.103359 0.1070639 -0.9888651 -0.103359 -0.1070639 -0.9888651 -0.103359 -0.1070639 -0.9786633 -0.06730439 -0.1941344 0 0 0 0 0 0 0.7951789 -0.5845737 0.1611341 -0.7951789 0.5845737 -0.1611341 0 0 0 0.7995722 -0.5932935 0.09320444 0.5023108 -0.8084722 0.3066866 0.5694663 -0.8037174 0.1724715 0.7616219 -0.5441428 0.3519101 -0.7616219 0.5441428 -0.3519101 -0.7995722 0.5932935 -0.09320444 -0.5023108 0.8084722 -0.3066866 -0.5694663 0.8037174 -0.1724715 0 0 0 0 0 0 0 0 0 0.05049461 0.9682029 0.2450171 0.2430057 0.8804453 0.4071416 0.3904407 0.8999745 0.1939121 0.06195892 0.8783244 0.474033 0.1033842 0.9040976 0.4146314 -0.1033842 -0.9040976 -0.4146314 -0.06195892 -0.8783244 -0.474033 -0.2430057 -0.8804453 -0.4071416 -0.05049461 -0.9682029 -0.2450171 -0.3904407 -0.8999745 -0.1939121 0 0 0 0 0 0 0.04444813 0.9893003 0.1389578 0.0553289 0.9943193 0.09092762 -0.04444813 -0.9893003 -0.1389578 -0.0553289 -0.9943193 -0.09092762 0.0005429521 0.7372428 -0.6756277 0.2596048 0.7919234 -0.5526867 -0.0005429521 -0.7372428 0.6756277 -0.2596048 -0.7919234 0.5526867 0 0 0 -0.01710221 0.5640401 -0.8255703 -0.03242811 0.3080206 -0.9508269 -0.1097326 0.513757 -0.8508893 0.03242811 -0.3080206 0.9508269 0.01710221 -0.5640401 0.8255703 0.1097326 -0.513757 0.8508893 0 0 0 0 0 0 -0.240278 -0.9052223 -0.3504841 0.04298014 -0.5480338 -0.8353512 0.03024509 -0.9581466 -0.2846759 0.04298014 -0.5480338 -0.8353512 0.04298014 -0.5480338 -0.8353512 0.04298014 -0.5480338 -0.8353512 0.04298014 -0.5480338 -0.8353512 -0.04298014 0.5480338 0.8353512 -0.04298014 0.5480338 0.8353512 -0.04298014 0.5480338 0.8353512 -0.04298014 0.5480338 0.8353512 -0.04298014 0.5480338 0.8353512 0.240278 0.9052223 0.3504841 -0.03024509 0.9581466 0.2846759 0 0 0 0 0 0 0 0 0 0 0 0 0 0 0 0 0 0 -0.05469448 -0.1786685 -0.982388 0.05469448 0.1786685 0.982388 0 0 0 -0.7995503 0.2252284 0.5567687 0.7995503 -0.2252284 -0.5567687 -0.6734708 0.2948379 0.67787 -0.8030326 0.1977842 0.5621566 -0.8127562 0.2163875 0.5409287 0.6734708 -0.2948379 -0.67787 0.8030326 -0.1977842 -0.5621566 0.8127562 -0.2163875 -0.5409287 0 0 0 -0.5874538 0.6285002 -0.5097897 0.5874538 -0.6285002 0.5097897 0 0 0 -0.3861351 -0.05581054 -0.9207523 0.3861351 0.05581054 0.9207523 0 0 0 -0.623142 -0.2796461 0.7304054 0.623142 0.2796461 -0.7304054 0 0 0 -0.561847 -0.3010083 0.7705336 0.561847 0.3010083 -0.7705336 -0.6558352 -0.6362195 -0.4063311 0.6558352 0.6362195 0.4063311 0 0 0 0.9888651 0.103359 0.1070639 0.8886568 0.1092933 0.4453583 0.8919194 -0.04691988 0.4497536 0.9888651 0.103359 0.1070639 -0.8886568 -0.1092933 -0.4453583 -0.9888651 -0.103359 -0.1070639 -0.9888651 -0.103359 -0.1070639 -0.8919194 0.04691988 -0.4497536 0 0 0 0.492025 0.8334867 0.2514185 -0.492025 -0.8334867 -0.2514185 0 0 0 -0.6301278 0.215322 0.7460398 -0.6269181 0.2111109 0.7499373 0.6269181 -0.2111109 -0.7499373 0.6301278 -0.215322 -0.7460398 0 0 0 0.8418218 -0.08720774 0.5326639 0.8206439 -0.2865561 0.4943978 0.8418218 -0.08720774 0.5326639 0.8418218 -0.08720774 0.5326639 0.8418218 -0.08720774 0.5326639 -0.8418218 0.08720774 -0.5326639 -0.8418218 0.08720774 -0.5326639 -0.8418218 0.08720774 -0.5326639 -0.8418218 0.08720774 -0.5326639 -0.8206439 0.2865561 -0.4943978 0 0 0 0 0 0 0 0 0 0 0 0 -0.4756981 -0.3265817 0.8167348 -0.483472 -0.3312617 0.8102596 -0.4756981 -0.3265817 0.8167348 -0.4756981 -0.3265817 0.8167348 0.4756981 0.3265817 -0.8167348 0.4756981 0.3265817 -0.8167348 0.483472 0.3312617 -0.8102596 0.4756981 0.3265817 -0.8167348 -0.4419031 -0.4969693 0.746822 -0.4756981 -0.3265817 0.8167348 -0.4756981 -0.3265817 0.8167348 -0.4756981 -0.3265817 0.8167348 -0.5132428 -0.3491363 0.7840189 0.4756981 0.3265817 -0.8167348 0.5132428 0.3491363 -0.7840189 0.4419031 0.4969693 -0.746822 0.4756981 0.3265817 -0.8167348 0.4756981 0.3265817 -0.8167348 0 0 0 0.7626402 -0.3125898 0.5662752 0.8077389 -0.3436488 0.4790233 -0.8077389 0.3436488 -0.4790233 -0.7626402 0.3125898 -0.5662752 0 0 0 0.007879011 -0.9635334 0.267472 -0.2362777 -0.9285439 0.2863197 0.008109871 -0.9631947 0.2686825 -0.007879011 0.9635334 -0.267472 0.2362777 0.9285439 -0.2863197 -0.008109871 0.9631947 -0.2686825 0 0 0 0 0 0 0 0 0 0.1562541 0.9295839 0.333854 -0.1158359 0.9149474 0.3865919 -0.03511898 0.9160322 0.3995644 0.03511898 -0.9160322 -0.3995644 0.1158359 -0.9149474 -0.3865919 -0.1562541 -0.9295839 -0.333854 0 0 0 0.7292597 0.6517186 0.2084302 -0.7292597 -0.6517186 -0.2084302 0 0 0 0.692384 0.5598446 -0.4551685 -0.692384 -0.5598446 0.4551685 0 0 0 -0.1835502 0.5130238 -0.8385201 -0.3583636 0.3354748 -0.8712245 0.1835502 -0.5130238 0.8385201 0.3583636 -0.3354748 0.8712245 0 0 0 0.05661785 0.1467497 -0.987552 -0.05661785 -0.1467497 0.987552 0 0 0 -0.7390831 0.6411859 -0.2064868 -0.3358767 0.6988418 -0.6315116 0.3358767 -0.6988418 0.6315116 0.7390831 -0.6411859 0.2064868 0 0 0 -0.3682729 0.9151684 0.1638352 0.3682729 -0.9151684 -0.1638352 -0.7599725 0.5928496 0.2664043 0.7599725 -0.5928496 -0.2664043 -0.6722236 0.6896733 0.2691956 -0.9198587 0.2690899 0.2853954 -0.9704922 -0.03344789 0.2388014 -0.8650227 0.4151371 0.2817746 0.9198587 -0.2690899 -0.2853954 0.9704922 0.03344789 -0.2388014 0.8650227 -0.4151371 -0.2817746 0.6722236 -0.6896733 -0.2691956 0 0 0 0 0 0 0 0 0 0.009009766 -0.961859 0.2733974 0.009009766 -0.961859 0.2733974 -0.009009766 0.961859 -0.2733974 -0.009009766 0.961859 -0.2733974 0 0 0 -0.06285397 -0.0495461 -0.9967921 0.06285397 0.0495461 0.9967921 0 0 0 -0.6556039 0.2141466 0.7241028 0.6556039 -0.2141466 -0.7241028 -0.3956972 0.7719326 0.4975377 0.3956972 -0.7719326 -0.4975377 0 0 0 -0.1555746 0.9856856 -0.06496411 0.1555746 -0.9856856 0.06496411 0 0 0 -0.2110401 0.2463202 -0.9459326 0.2110401 -0.2463202 0.9459326 0 0 0 -0.07774364 0.03807961 -0.9962459 0.07774364 -0.03807961 0.9962459 0 0 0 -0.2460355 -0.1185549 -0.961983 0.2460355 0.1185549 0.961983 0 0 0 -0.3416717 -0.8551328 0.3898825 0.3416717 0.8551328 -0.3898825 0 0 0 0.8418218 -0.08720774 0.5326639 0.8418218 -0.08720774 0.5326639 0.8418218 -0.08720774 0.5326639 0.8418218 -0.08720774 0.5326639 -0.8418218 0.08720774 -0.5326639 -0.8418218 0.08720774 -0.5326639 -0.8418218 0.08720774 -0.5326639 -0.8418218 0.08720774 -0.5326639 -0.559274 0.3287587 0.7610061 -0.6269181 0.2111109 0.7499373 -0.6388603 0.2269167 0.7350961 0.6269181 -0.2111109 -0.7499373 0.559274 -0.3287587 -0.7610061 0.6388603 -0.2269167 -0.7350961 0 0 0 0.7139965 0.4424766 0.542608 -0.7139965 -0.4424766 -0.542608 0 0 0 0.08944766 0.8480948 -0.5222397 -0.08944766 -0.8480948 0.5222397 0 0 0 0.0478935 0.4115405 -0.9101322 -0.0478935 -0.4115405 0.9101322 0 0 0 -0.6124145 0.02897889 0.7900055 0.6124145 -0.02897889 -0.7900055 -0.515493 -0.3331075 0.7894975 0.515493 0.3331075 -0.7894975 -0.411746 -0.3404705 0.8453077 -0.5119206 -0.3196479 0.7973472 0.411746 0.3404705 -0.8453077 0.5119206 0.3196479 -0.7973472 0 0 0 0.5467553 -0.595326 0.5887662 -0.5467553 0.595326 -0.5887662 0 0 0 -0.3155984 0.8572862 0.4067653 -0.3311173 0.8750365 0.3530898 0.3155984 -0.8572862 -0.4067653 0.3311173 -0.8750365 -0.3530898 -0.1383434 -0.8603619 0.4905492 0.1383434 0.8603619 -0.4905492 0 0 0 0.1880346 0.8771382 0.4418954 -0.1880346 -0.8771382 -0.4418954 0 0 0 0.545921 0.5958291 0.5890313 -0.545921 -0.5958291 -0.5890313 0 0 0 0.8514513 0.5243933 -0.006499077 -0.8514513 -0.5243933 0.006499077 0 0 0 0.2083875 0.1921342 -0.9589886 -0.2083875 -0.1921342 0.9589886 0 0 0 -0.000947027 0.0007831376 -0.9999992 0.000947027 -0.0007831376 0.9999992 0 0 0 -0.9437625 0.0003517197 -0.3306241 0.9437625 -0.0003517197 0.3306241 0 0 0 -0.8596674 -0.0009308705 0.5108534 0.8596674 0.0009308705 -0.5108534 0 0 0 -0.6877662 -0.5058967 0.5206211 0.6877662 0.5058967 -0.5206211 0 0 0 -0.1254414 -0.3288566 -0.9360117 -0.1110421 -0.1566972 -0.9813846 -0.3958236 -0.8282517 -0.3966393 0.3958236 0.8282517 0.3966393 0.1254414 0.3288566 0.9360117 0.1110421 0.1566972 0.9813846 0 0 0 0 0 0 0 0 0 -0.1017033 -0.06074471 -0.9929585 -0.09059486 -0.07422365 -0.993118 0.1017033 0.06074471 0.9929585 0.09059486 0.07422365 0.993118 0 0 0 0 0 0 -0.2003091 0.08509243 -0.9760305 0.2003091 -0.08509243 0.9760305 0 0 0 -0.07721541 0.7229041 -0.6866203 0.07721541 -0.7229041 0.6866203 0 0 0 -0.1423087 -0.9437697 -0.2984074 0.1423087 0.9437697 0.2984074 0 0 0 -0.5280714 -0.01543129 0.8490598 -0.5799983 -0.09778087 0.808728 0.5280714 0.01543129 -0.8490598 0.5799983 0.09778087 -0.808728 0 0 0 0.7125342 0.02066372 0.701333 -0.7125342 -0.02066372 -0.701333 0 0 0 0.6012926 0.2840855 0.7468217 -0.6012926 -0.2840855 -0.7468217 0 0 0 0.2206215 0.6600574 0.718088 -0.2206215 -0.6600574 -0.718088 0 0 0 0.1512784 0.9724341 0.177445 -0.1512784 -0.9724341 -0.177445 0 0 0 -0.0614613 0.3496314 -0.9348692 0.0614613 -0.3496314 0.9348692 0 0 0 -0.05048056 -0.7054736 0.7069361 0.05048056 0.7054736 -0.7069361 0 0 0 0.6353241 -0.195489 0.7470926 -0.6353241 0.195489 -0.7470926 0 0 0 -0.459617 0.7373381 0.4950603 0.459617 -0.7373381 -0.4950603 0 0 0 -0.5684442 -0.5275883 0.6312858 0.5684442 0.5275883 -0.6312858 0 0 0 0.001111334 0.8131971 0.5819874 -0.001111334 -0.8131971 -0.5819874 0 0 0 0.8207423 0.1299384 0.5563256 -0.8207423 -0.1299384 -0.5563256 0 0 0 0.9692699 0.1503481 0.194708 -0.9692699 -0.1503481 -0.194708 0 0 0 0.8294774 0.07455225 -0.5535424 -0.8294774 -0.07455225 0.5535424 0 0 0 0.3011976 0.05332249 -0.9520697 -0.3011976 -0.05332249 0.9520697 0 0 0 -0.2839398 -0.02742556 -0.9584498 0.2839398 0.02742556 0.9584498 0 0 0 -0.7345224 -0.6428213 0.2173881 0.7345224 0.6428213 -0.2173881 0 0 0 -0.7223147 -0.5857772 0.3675956 0.7223147 0.5857772 -0.3675956 0 0 0 -0.4207802 -0.8129633 0.4025353 -0.4207802 -0.8129633 0.4025353 -0.7609651 -0.504769 0.4076033 0.7609651 0.504769 -0.4076033 0.4207802 0.8129633 -0.4025353 0.4207802 0.8129633 -0.4025353 0 0 0 0 0 0 0 0 0 0.871317 0.4084064 0.2720493 0.9066411 0.1046957 0.4087062 0.9691738 0.02349017 -0.2452557 0.8657756 0.4006805 0.2998128 0.7576173 0.373874 0.5350087 -0.8657756 -0.4006805 -0.2998128 -0.9066411 -0.1046957 -0.4087062 -0.7576173 -0.373874 -0.5350087 -0.871317 -0.4084064 -0.2720493 -0.9691738 -0.02349017 0.2452557 0 0 0 0 0 0 0.716273 0.5576981 -0.4194351 0.8721727 0.4096674 0.2673713 0.7470797 0.6090199 0.2663957 -0.7470797 -0.6090199 -0.2663957 -0.716273 -0.5576981 0.4194351 -0.8721727 -0.4096674 -0.2673713 0 0 0 0.5925396 0.7901601 0.1566647 0.5916862 0.7657624 0.2520224 -0.5916862 -0.7657624 -0.2520224 -0.5925396 -0.7901601 -0.1566647 0 0 0 -0.08233766 -0.08420656 -0.9930407 -0.1767413 -0.07362008 -0.9815002 0.08233766 0.08420656 0.9930407 0.1767413 0.07362008 0.9815002 0 0 0 -0.1040094 0.2194018 -0.9700747 0.1040094 -0.2194018 0.9700747 0 0 0 -0.05600227 0.920439 0.3868538 0.05600227 -0.920439 -0.3868538 0 0 0 -0.2580698 0.6876682 0.6786107 0.2580698 -0.6876682 -0.6786107 0 0 0 0.1106879 0.6709991 -0.7331497 -0.1106879 -0.6709991 0.7331497 0 0 0 -0.01429537 0.2384458 -0.9710506 0.01429537 -0.2384458 0.9710506 0 0 0 -0.1015727 -0.2357787 -0.966484 0.1015727 0.2357787 0.966484 0 0 0 0.4652671 -0.7580534 0.4570355 -0.4652671 0.7580534 -0.4570355 0 0 0 -0.4315422 -0.1136646 0.8949032 0.4315422 0.1136646 -0.8949032 0 0 0 0.2551874 0.5470192 0.7972762 -0.2551874 -0.5470192 -0.7972762 0 0 0 -0.0658179 0.6670104 -0.7421355 0.0658179 -0.6670104 0.7421355 0 0 0 -0.1035331 -0.484768 0.8684935 0.1035331 0.484768 -0.8684935 0 0 0 0.1058878 -0.4474424 0.888022 -0.1058878 0.4474424 -0.888022 0 0 0 0.4843996 -0.3098892 0.8181233 -0.4843996 0.3098892 -0.8181233 0 0 0 -0.4792811 -0.26044 0.8381292 0.4792811 0.26044 -0.8381292 0 0 0 0.2597021 0.685516 0.6801637 -0.2597021 -0.685516 -0.6801637 0 0 0 0.5041038 0.1893178 0.8426376 -0.5041038 -0.1893178 -0.8426376 0 0 0 0.9889082 -0.07899737 -0.1257776 -0.9889082 0.07899737 0.1257776 0 0 0 -0.1124309 -0.09770479 -0.9888443 0.1124309 0.09770479 0.9888443 0 0 0 -0.7138231 -0.5023495 -0.4879565 0.7138231 0.5023495 0.4879565 0 0 0 -0.4661383 -0.4954295 0.7329835 0.4661383 0.4954295 -0.7329835 0 0 0 -0.3652412 0.04480566 0.929834 0.3652412 -0.04480566 -0.929834 0 0 0 -0.6448346 0.008365881 0.7642764 0.6448346 -0.008365881 -0.7642764 0 0 0 -0.9085568 -0.2151843 0.3580785 -0.9566427 0.08899887 -0.2773336 -0.9337814 -0.2020274 -0.2953594 0.9337814 0.2020274 0.2953594 0.9566427 -0.08899887 0.2773336 0.9085568 0.2151843 -0.3580785 0 0 0 0 0 0 0 0 0 0.288443 0.7017807 0.6513866 0.4059704 0.7263826 0.5545777 0.4113921 0.6725939 0.6151211 0.5328106 0.5687565 0.6266011 0.6145943 0.5071484 0.6042138 -0.4059704 -0.7263826 -0.5545777 -0.6145943 -0.5071484 -0.6042138 -0.5328106 -0.5687565 -0.6266011 -0.288443 -0.7017807 -0.6513866 -0.4113921 -0.6725939 -0.6151211 0 0 0 0 0 0 0.7663306 -0.5460167 0.3385308 -0.7663306 0.5460167 -0.3385308 0 0 0 0.3593617 0.009858282 -0.9331463 -0.3593617 -0.009858282 0.9331463 0 0 0 0.2914678 0.7618255 -0.5785053 0.5924467 0.7910446 0.1524969 0.1770042 0.9410915 0.2881256 0.5925445 0.7901098 0.1568997 -0.5925445 -0.7901098 -0.1568997 -0.1770042 -0.9410915 -0.2881256 -0.5924467 -0.7910446 -0.1524969 -0.2914678 -0.7618255 0.5785053 0 0 0 0 0 0 0 0 0 -0.3497796 -0.05189107 -0.9353938 -0.3497796 -0.05189107 -0.9353938 0.3497796 0.05189107 0.9353938 0.3497796 0.05189107 0.9353938 0 0 0 0.2959312 0.9516576 -0.08229486 -0.2959312 -0.9516576 0.08229486 0 0 0 -0.2879456 0.510271 0.810377 0.2879456 -0.510271 -0.810377 0 0 0 0.03744516 0.2748612 -0.9607545 -0.03744516 -0.2748612 0.9607545 0 0 0 0.05095174 -0.08070612 -0.9954348 -0.05095174 0.08070612 0.9954348 0 0 0 0.5106628 -0.7494202 -0.4214178 -0.5106628 0.7494202 0.4214178 0 0 0 -0.3169808 -0.2534095 0.9139512 0.3169808 0.2534095 -0.9139512 0 0 0 -0.4884111 0.2362872 0.8400137 0.4884111 -0.2362872 -0.8400137 0 0 0 0.5217133 0.09196241 0.8481498 -0.5217133 -0.09196241 -0.8481498 0 0 0 0.4266136 0.3050287 0.8514448 -0.4266136 -0.3050287 -0.8514448 0 0 0 -0.05572418 0.6371669 0.7687087 0.05572418 -0.6371669 -0.7687087 0 0 0 -0.04640032 0.9981257 0.03990008 0.04640032 -0.9981257 -0.03990008 0 0 0 0.4937007 -0.6625758 0.5632521 -0.4937007 0.6625758 -0.5632521 0 0 0 0.4231201 0.03432108 0.9054234 -0.4231201 -0.03432108 -0.9054234 0 0 0 -0.2492251 0.5029256 0.8276187 0.2492251 -0.5029256 -0.8276187 0 0 0 -0.4189767 0.06953318 0.9053307 0.4189767 -0.06953318 -0.9053307 0 0 0 0.0334862 0.6033674 0.79676 -0.0334862 -0.6033674 -0.79676 0 0 0 0.7783192 -0.5992741 0.1873226 -0.7783192 0.5992741 -0.1873226 0 0 0 0.5345513 -0.03883079 0.8442435 -0.5345513 0.03883079 -0.8442435 0 0 0 0.547503 -0.510742 -0.6628597 -0.547503 0.510742 0.6628597 0 0 0 0.1615761 -0.159409 -0.9739004 -0.1615761 0.159409 0.9739004 0 0 0 -0.1202841 -0.2768426 -0.9533572 0.1202841 0.2768426 0.9533572 0 0 0 -0.3987242 -0.8797835 0.2588435 0.3987242 0.8797835 -0.2588435 0 0 0 -0.3192495 -0.8551533 -0.4084025 0.3192495 0.8551533 0.4084025 0 0 0 -0.2245343 -0.6250393 0.747603 0.2245343 0.6250393 -0.747603 0 0 0 -0.8398019 0.3223696 0.4368189 0.8398019 -0.3223696 -0.4368189 0 0 0 0.4143839 0.5718064 0.7080419 0.5740299 0.7487244 0.3315139 -0.4143839 -0.5718064 -0.7080419 -0.5740299 -0.7487244 -0.3315139 0.3236 0.6601471 0.6778561 -0.3236 -0.6601471 -0.6778561 0 0 0 0.7249335 0.2287798 0.6497163 -0.7249335 -0.2287798 -0.6497163 0 0 0 0.6545 -0.4675227 0.5941821 -0.6545 0.4675227 -0.5941821 0 0 0 0.7758194 -0.5305055 -0.3415673 -0.7758194 0.5305055 0.3415673 0 0 0 0.1387379 0.125988 -0.9822824 -0.1387379 -0.125988 0.9822824 0 0 0 -0.278729 0.8323185 -0.4791201 0.278729 -0.8323185 0.4791201 0 0 0 -0.6578402 0.6477752 -0.3842311 0.6578402 -0.6477752 0.3842311 0 0 0 0.3422984 0.8000822 0.4926462 -0.3422984 -0.8000822 -0.4926462 0 0 0 0.01795672 0.7823593 0.6225684 -0.01795672 -0.7823593 -0.6225684 0 0 0 -0.06599009 0.6013948 0.796222 0.06599009 -0.6013948 -0.796222 0 0 0 0.8455859 0.4127823 -0.3385191 -0.8455859 -0.4127823 0.3385191 0 0 0 0.3154612 0.2744248 -0.9083916 -0.3154612 -0.2744248 0.9083916 0 0 0 0.1937373 -0.07680372 -0.9780425 -0.1937373 0.07680372 0.9780425 0 0 0 0.8871548 -0.2973213 -0.3529254 -0.8871548 0.2973213 0.3529254 0 0 0 -0.2479122 -0.1540596 0.9564545 0.2479122 0.1540596 -0.9564545 0 0 0 -0.2568795 0.01974533 0.9662417 0.2568795 -0.01974533 -0.9662417 0 0 0 0.1833805 0.4645755 0.8663378 -0.1833805 -0.4645755 -0.8663378 0 0 0 -0.0319924 0.486779 0.8729391 0.0319924 -0.486779 -0.8729391 0 0 0 -0.4639899 0.8516259 0.2438169 0.4639899 -0.8516259 -0.2438169 0 0 0 -0.1729269 -0.2588082 0.9503234 0.1729269 0.2588082 -0.9503234 0 0 0 0.2294873 -0.5534181 0.8006647 -0.2294873 0.5534181 -0.8006647 0 0 0 0.91635 -0.3038055 0.2607774 -0.91635 0.3038055 -0.2607774 0 0 0 0.1007406 -0.02533515 0.9945901 -0.1007406 0.02533515 -0.9945901 0 0 0 -0.1528582 0.02711815 0.987876 0.1528582 -0.02711815 -0.987876 0 0 0 0.2624026 0.001772995 0.9649569 -0.2624026 -0.001772995 -0.9649569 0 0 0 -0.2192251 0.1458476 0.9647118 0.2192251 -0.1458476 -0.9647118 0 0 0 0.2924349 0.3279511 0.8982927 -0.2924349 -0.3279511 -0.8982927 0 0 0 0.6127647 -0.3677512 0.6994845 -0.6127647 0.3677512 -0.6994845 0 0 0 0.3459168 0.04057079 0.9373876 -0.3459168 -0.04057079 -0.9373876 0 0 0 0.3237772 -0.1997169 0.9248143 -0.3237772 0.1997169 -0.9248143 0 0 0 0.7197285 -0.6592561 -0.2176516 -0.7197285 0.6592561 0.2176516 0 0 0 0.008831428 -0.3429667 -0.9393061 -0.008831428 0.3429667 0.9393061 0 0 0 -0.3400936 -0.938131 0.06516586 -0.4265847 -0.9014636 0.07340884 0.3400936 0.938131 -0.06516586 0.4265847 0.9014636 -0.07340884 0 0 0 0 0 0 -0.2325861 -0.9710254 -0.05489381 -0.4159857 -0.8817429 0.2224531 -0.4159857 -0.8817429 0.2224531 0.4159857 0.8817429 -0.2224531 0.4159857 0.8817429 -0.2224531 0.2325861 0.9710254 0.05489381 0 0 0 0 0 0 0 0 0 -0.1511139 -0.2058372 0.9668483 0.1511139 0.2058372 -0.9668483 0 0 0 -0.004526992 -0.2464144 0.969154 0.004526992 0.2464144 -0.969154 0 0 0 -0.1620646 -0.02472109 0.9864704 0.1620646 0.02472109 -0.9864704 0 0 0 -0.4508644 0.3973166 0.7992877 0.4508644 -0.3973166 -0.7992877 0 0 0 -0.3038309 0.3695863 0.8781189 0.3038309 -0.3695863 -0.8781189 0 0 0 -0.2762745 0.9085397 0.3134135 0.2762745 -0.9085397 -0.3134135 0 0 0 -0.09275428 0.7140865 0.6938855 0.09275428 -0.7140865 -0.6938855 0 0 0 0.3970252 0.4761921 0.7846095 -0.3970252 -0.4761921 -0.7846095 0 0 0 0.2852537 -0.7583124 0.5861677 -0.2852537 0.7583124 -0.5861677 0 0 0 0.2359462 -0.9168464 0.3220591 -0.2359462 0.9168464 -0.3220591 0 0 0 0.1534112 -0.1193276 -0.9809311 -0.1534112 0.1193276 0.9809311 0 0 0 0.001031402 -7.907808e-05 -0.9999995 -0.001031402 7.907808e-05 0.9999995 0 0 0 0.02156172 0.08168381 -0.996425 -0.02156172 -0.08168381 0.996425 0 0 0 -0.480451 0.8768044 -0.0195157 0.480451 -0.8768044 0.0195157 0 0 0 -0.04812684 0.1641375 -0.9852628 0.04812684 -0.1641375 0.9852628 0 0 0 0.8336813 0.4846827 0.264685 -0.8336813 -0.4846827 -0.264685 0 0 0 -0.121672 0.248363 0.9609952 0.121672 -0.248363 -0.9609952 0 0 0 -0.1146796 0.3198134 0.9405148 0.1146796 -0.3198134 -0.9405148 0 0 0 -0.2601691 -0.1441809 0.9547376 0.2601691 0.1441809 -0.9547376 0 0 0 0.2593254 0.1195645 0.9583604 -0.2593254 -0.1195645 -0.9583604 0 0 0 -0.1086829 0.3863722 0.9159173 0.1086829 -0.3863722 -0.9159173 0 0 0 0.1975501 0.122129 0.9726554 -0.1975501 -0.122129 -0.9726554 0 0 0 0.8627797 -0.189313 0.4687982 -0.8627797 0.189313 -0.4687982 0 0 0 0.2372938 0.1596927 0.9582223 -0.2372938 -0.1596927 -0.9582223 0 0 0 -0.2221269 0.2460672 0.9434567 0.2221269 -0.2460672 -0.9434567 0 0 0 -0.2213656 0.2779867 0.9347303 0.2213656 -0.2779867 -0.9347303 0 0 0 0.05137181 0.2007022 0.9783044 -0.05137181 -0.2007022 -0.9783044 0 0 0 0.164306 -0.791043 0.5892831 -0.164306 0.791043 -0.5892831 0 0 0 0.3129908 -0.1173024 0.9424844 -0.3129908 0.1173024 -0.9424844 0 0 0 0.2573137 -0.9501119 -0.176287 -0.2573137 0.9501119 0.176287 0 0 0 -0.2719868 0.8894802 0.3672169 -0.02459402 0.8941752 0.4470411 -0.02654633 0.898764 0.4376284 -0.02459402 0.8941752 0.4470411 0.3422934 0.84392 0.4130789 0.3762361 0.8127142 0.4449068 -0.3762361 -0.8127142 -0.4449068 0.2719868 -0.8894802 -0.3672169 -0.3422934 -0.84392 -0.4130789 0.02459402 -0.8941752 -0.4470411 0.02459402 -0.8941752 -0.4470411 0.02654633 -0.898764 -0.4376284 0 0 0 0 0 0 0 0 0 0.1143081 -0.9892509 0.09119398 -0.2158727 -0.9710325 0.102444 -0.1637479 -0.9864332 -0.0116713 -0.1143081 0.9892509 -0.09119398 0.2158727 0.9710325 -0.102444 0.1637479 0.9864332 0.0116713 0 0 0 0 0 0 0.08811879 -0.8333896 -0.545616 -0.1547032 -0.9749323 -0.1599186 -0.1547032 -0.9749323 -0.1599186 -0.1547032 -0.9749323 -0.1599186 -0.1225763 -0.9912447 -0.04908229 0.1547032 0.9749323 0.1599186 -0.08811879 0.8333896 0.545616 0.1225763 0.9912447 0.04908229 0.1547032 0.9749323 0.1599186 0.1547032 0.9749323 0.1599186 0 0 0 0 0 0 0 0 0 0 0 0 0 0 0 -0.007873277 0.9577056 -0.287642 0.1110895 0.3127252 -0.943325 -0.260176 0.9046371 -0.3375501 0.01975055 0.5409047 -0.840852 0.2029196 0.4674958 -0.8603902 -0.2029196 -0.4674958 0.8603902 -0.01975055 -0.5409047 0.840852 -0.1110895 -0.3127252 0.943325 0.007873277 -0.9577056 0.287642 0.260176 -0.9046371 0.3375501 0 0 0 0 0 0 0.1701316 -0.3410683 0.9245148 -0.1701316 0.3410683 -0.9245148 0 0 0 0.1475151 0.4939427 0.8568897 -0.1475151 -0.4939427 -0.8568897 0 0 0 0.2341928 -0.1171181 0.9651099 -0.2341928 0.1171181 -0.9651099 0 0 0 0.3703394 0.1462304 0.9173142 -0.3703394 -0.1462304 -0.9173142 0 0 0 0.1123576 -0.5179342 0.8480094 -0.1123576 0.5179342 -0.8480094 0 0 0 0.3688355 -0.7950384 -0.4815333 -0.3688355 0.7950384 0.4815333 0 0 0 -0.5977631 0.528258 -0.6030115 0.5977631 -0.528258 0.6030115 0 0 0 -0.1475665 0.1330577 -0.9800611 0.1475665 -0.1330577 0.9800611 0 0 0 0.6268008 0.5743588 0.526529 -0.6268008 -0.5743588 -0.526529 0 0 0 0.2286396 0.699015 0.6775706 -0.2286396 -0.699015 -0.6775706 0 0 0 -0.0134578 0.50087 0.8654179 0.0134578 -0.50087 -0.8654179 0 0 0 -0.1587758 -0.1039347 0.9818288 0.1587758 0.1039347 -0.9818288 0 0 0 -0.1507968 0.07219389 0.9859251 0.1507968 -0.07219389 -0.9859251 0 0 0 0.003208816 0.2336342 0.9723193 -0.003208816 -0.2336342 -0.9723193 0 0 0 -0.04010999 -0.185241 0.9818742 0.04010999 0.185241 -0.9818742 0 0 0 0.4745878 0.08374145 0.8762156 -0.4745878 -0.08374145 -0.8762156 0 0 0 0.04390269 0.07809295 0.9959789 -0.04390269 -0.07809295 -0.9959789 0 0 0 -0.03414963 0.07111818 0.9968831 0.03414963 -0.07111818 -0.9968831 0 0 0 -0.09115771 0.1376787 0.9862732 0.09115771 -0.1376787 -0.9862732 0 0 0 0.1348995 0.1506356 0.9793421 -0.1348995 -0.1506356 -0.9793421 0 0 0 -0.1356654 0.2204214 0.9659241 0.1356654 -0.2204214 -0.9659241 0 0 0 0.1263611 -0.1155285 0.985234 -0.1263611 0.1155285 -0.985234 0 0 0 0.2333208 -0.1966257 0.9523128 -0.2333208 0.1966257 -0.9523128 0 0 0 0.6409839 0.6928 0.3304055 0.7457647 0.4639082 0.4781466 0.6468482 0.6952549 0.3133815 0.6409839 0.6928 0.3304055 0.6409839 0.6928 0.3304055 -0.7457647 -0.4639082 -0.4781466 -0.6409839 -0.6928 -0.3304055 -0.6409839 -0.6928 -0.3304055 -0.6409839 -0.6928 -0.3304055 -0.6468482 -0.6952549 -0.3133815 0 0 0 0 0 0 -0.2339029 0.7546009 0.6130799 0.2339029 -0.7546009 -0.6130799 0 0 0 -0.1052995 -0.9902742 -0.09093381 0.1052995 0.9902742 0.09093381 0.5800744 0.6594207 -0.4782029 0.751932 0.5081077 -0.4200295 -0.5800744 -0.6594207 0.4782029 -0.751932 -0.5081077 0.4200295 0 0 0 -0.05859665 0.1668505 -0.9842395 0.05859665 -0.1668505 0.9842395 0 0 0 -0.7924397 0.5036205 0.3441014 0.7924397 -0.5036205 -0.3441014 0 0 0 0.0250401 -0.2373275 0.9711069 -0.0250401 0.2373275 -0.9711069 0 0 0 -0.1544177 -0.2150096 0.9643267 0.1544177 0.2150096 -0.9643267 0 0 0 0.1393478 -0.2853598 0.9482362 -0.1393478 0.2853598 -0.9482362 0 0 0 -0.1384552 -0.08154358 0.987006 0.1384552 0.08154358 -0.987006 0 0 0 -0.7123938 0.6498306 0.2649818 0.7123938 -0.6498306 -0.2649818 0 0 0 -0.5303212 0.4746552 0.7024685 0.5303212 -0.4746552 -0.7024685 0 0 0 -0.2305075 0.2888779 0.9292017 0.2305075 -0.2888779 -0.9292017 0 0 0 0.2340585 0.3200775 0.9180234 -0.2340585 -0.3200775 -0.9180234 0 0 0 -0.1388071 -0.5120466 0.8476679 0.1388071 0.5120466 -0.8476679 0 0 0 -0.1784733 -0.895715 0.4072371 0.1784733 0.895715 -0.4072371 0 0 0 -0.2207535 -0.8760699 -0.4286833 0.2207535 0.8760699 0.4286833 0 0 0 0.02714312 -0.08071632 -0.9963675 -0.02714312 0.08071632 0.9963675 0 0 0 -0.8694766 0.4643247 -0.1685618 0.8694766 -0.4643247 0.1685618 0 0 0 -0.160864 0.2981291 0.9408729 0.160864 -0.2981291 -0.9408729 0 0 0 0.05084258 0.1375091 0.9891948 -0.05084258 -0.1375091 -0.9891948 0 0 0 -0.1280798 0.2297185 0.9647927 0.1280798 -0.2297185 -0.9647927 0 0 0 -0.03488943 0.03297848 0.9988469 0.03488943 -0.03297848 -0.9988469 0 0 0 0.6730293 0.3151939 0.6690922 -0.6730293 -0.3151939 -0.6690922 0 0 0 -0.6002154 0.4925831 0.6301613 0.6002154 -0.4925831 -0.6301613 0 0 0 0.4280354 0.5941135 0.6810395 -0.4280354 -0.5941135 -0.6810395 0 0 0 0.9437639 -0.1358086 0.3014394 -0.9437639 0.1358086 -0.3014394 0 0 0 0.1468101 0.08402968 -0.9855891 -0.1468101 -0.08402968 0.9855891 0 0 0 0.000234296 0.0009157591 -0.9999996 -0.000234296 -0.0009157591 0.9999996 0 0 0 -0.6334598 0.611554 -0.4740574 0.6334598 -0.611554 0.4740574 0 0 0 -0.0426133 0.2798922 0.9590852 0.0426133 -0.2798922 -0.9590852 0 0 0 0.08039399 -0.06928908 0.994352 -0.08039399 0.06928908 -0.994352 0 0 0 0.005766018 -0.1416139 0.9899052 -0.005766018 0.1416139 -0.9899052 0 0 0 0.2141296 0.02553934 0.9764713 -0.2141296 -0.02553934 -0.9764713 0 0 0 -0.08716296 -0.1050032 0.9906447 0.08716296 0.1050032 -0.9906447 0 0 0 -0.4018526 -0.9150857 -0.03365573 0.4018526 0.9150857 0.03365573 0 0 0 -0.03702663 -0.1708933 -0.9845936 0.03702663 0.1708933 0.9845936 0 0 0 -0.6457971 -0.02951182 -0.7629385 0.6457971 0.02951182 0.7629385 0 0 0 -0.1474266 -0.00718093 -0.9890469 0.1474266 0.00718093 0.9890469 0 0 0 0.341595 0.5339579 0.7734351 -0.341595 -0.5339579 -0.7734351 0 0 0 0.01367108 0.3153675 0.9488711 -0.01367108 -0.3153675 -0.9488711 0 0 0 -0.08144776 -0.03885267 0.99592 0.08144776 0.03885267 -0.99592 0 0 0 0.03449451 0.1211844 0.9920305 -0.03449451 -0.1211844 -0.9920305 0 0 0 0.7174538 0.0525609 0.6946203 -0.7174538 -0.0525609 -0.6946203 0 0 0 -0.4282993 0.2560064 0.8666144 0.4282993 -0.2560064 -0.8666144 0 0 0 -0.03346518 0.2378249 0.9707314 0.03346518 -0.2378249 -0.9707314 0 0 0 0.8133127 0.0471843 -0.5799105 -0.8133127 -0.0471843 0.5799105 0 0 0 -0.06078248 0.046219 -0.9970804 0.06078248 -0.046219 0.9970804 0 0 0 -0.8931996 0.1108502 0.4357829 0.8931996 -0.1108502 -0.4357829 0 0 0 -0.9035431 0.07075807 -0.4226148 0.9035431 -0.07075807 0.4226148 0 0 0 -0.9718898 0.01605837 0.2348879 0.9718898 -0.01605837 -0.2348879 0 0 0 -0.3380388 0.1871164 0.9223433 0.3380388 -0.1871164 -0.9223433 0 0 0 -0.1817442 0.1496344 0.9718943 0.1817442 -0.1496344 -0.9718943 0 0 0 0.0477725 0.1081488 0.9929862 -0.0477725 -0.1081488 -0.9929862 0 0 0 -0.2250026 -0.08347638 0.9707757 0.2250026 0.08347638 -0.9707757 0 0 0 -0.5609537 -0.4225756 0.7118714 0.5609537 0.4225756 -0.7118714 0 0 0 -0.7131973 -0.6862985 0.1426323 0.7131973 0.6862985 -0.1426323 0 0 0 -0.5394494 -0.5669321 -0.6225611 0.5394494 0.5669321 0.6225611 0 0 0 -0.1394963 -0.1485081 -0.979023 0.1394963 0.1485081 0.979023 0 0 0 -0.9454908 -0.03937645 -0.3232593 0.9454908 0.03937645 0.3232593 0 0 0 -0.1579218 0.1733476 0.9721169 0.1579218 -0.1733476 -0.9721169 0 0 0 -0.08360339 0.05926278 0.9947353 0.08360339 -0.05926278 -0.9947353 0 0 0 0.5383226 0.2136322 0.8152117 -0.5383226 -0.2136322 -0.8152117 0 0 0 0.6892669 0.09606037 0.7181111 -0.6892669 -0.09606037 -0.7181111 0 0 0 -0.501198 0.02856429 0.8648611 0.501198 -0.02856429 -0.8648611 0 0 0 0.2333297 0.281646 0.9307163 -0.2333297 -0.281646 -0.9307163 0 0 0 0.7031657 -0.5272784 -0.4770068 -0.7031657 0.5272784 0.4770068 0 0 0 0.7658264 -0.547822 0.3367506 -0.7658264 0.547822 -0.3367506 0 0 0 0.07528437 -0.004681794 -0.9971511 -0.07528437 0.004681794 0.9971511 0 0 0 -0.1563331 0.01678911 -0.9875617 0.1563331 -0.01678911 0.9875617 0 0 0 -0.9943847 -0.09802613 -0.03987304 0.9943847 0.09802613 0.03987304 0 0 0 -0.5983567 0.08933161 0.7962344 0.5983567 -0.08933161 -0.7962344 0 0 0 -0.2526588 0.03733406 0.9668349 0.2526588 -0.03733406 -0.9668349 0 0 0 -0.1115602 -0.003771088 0.9937505 0.1115602 0.003771088 -0.9937505 0 0 0 0.04860063 -0.08730742 0.9949952 -0.04860063 0.08730742 -0.9949952 0 0 0 0.01235263 -0.14508 0.9893428 -0.01235263 0.14508 -0.9893428 0 0 0 -0.1004625 -0.0923847 0.9906424 0.1004625 0.0923847 -0.9906424 0 0 0 0.02955259 0.0001000041 0.9995632 -0.02955259 -0.0001000041 -0.9995632 0 0 0 -0.1844478 -0.06925395 0.9803994 0.1844478 0.06925395 -0.9803994 0 0 0 -0.8143672 -0.5045502 -0.2867667 0.8143672 0.5045502 0.2867667 0 0 0 0.6331031 -0.3011994 0.7130633 -0.6331031 0.3011994 -0.7130633 0 0 0 -0.1186005 0.04504279 0.9919199 0.1186005 -0.04504279 -0.9919199 0 0 0 -0.1135162 -0.04511345 0.9925114 0.1135162 0.04511345 -0.9925114 0 0 0 -0.03630218 0.08882967 0.9953851 0.03630218 -0.08882967 -0.9953851 0 0 0 0.6745505 -0.7378627 -0.02324279 -0.6745505 0.7378627 0.02324279 0 0 0 0.1263939 -0.08846433 -0.9880277 -0.1263939 0.08846433 0.9880277 0 0 0 -0.1660807 -0.07816844 -0.9830091 0.1660807 0.07816844 0.9830091 0 0 0 -0.9691526 -0.1238815 0.2130647 -0.9043689 -0.1411148 0.4027449 -0.9691526 -0.1238815 0.2130647 -0.9496404 -0.2387576 -0.2029234 -0.9691526 -0.1238815 0.2130647 0.9691526 0.1238815 -0.2130647 0.9691526 0.1238815 -0.2130647 0.9691526 0.1238815 -0.2130647 0.9496404 0.2387576 0.2029234 0.9043689 0.1411148 -0.4027449 0 0 0 0 0 0 0 0 0 0 0 0 0 0 0 -0.5542819 -0.389978 0.7353154 0.5542819 0.389978 -0.7353154 0 0 0 -0.7019569 -0.3246888 -0.6339036 0.7019569 0.3246888 0.6339036 0 0 0 -0.2171088 0.06342251 0.9740849 0.2171088 -0.06342251 -0.9740849 0 0 0 0.475858 -0.01244301 0.8794341 -0.475858 0.01244301 -0.8794341 0 0 0 0.3441758 0.1118798 0.9322156 -0.3441758 -0.1118798 -0.9322156 0 0 0 -0.1344154 -0.1702771 0.9761855 0.1344154 0.1702771 -0.9761855 0 0 0 0.0821327 0.1771872 0.9807441 -0.0821327 -0.1771872 -0.9807441 0 0 0 0.3172973 -0.7249811 -0.6113304 -0.3172973 0.7249811 0.6113304 0 0 0 0.07186022 -0.1650767 -0.9836594 -0.07186022 0.1650767 0.9836594 0 0 0 0.2708965 -0.6239585 0.7330013 -0.2708965 0.6239585 -0.7330013 0 0 0 0.3915166 -0.8758357 0.2821818 -0.3915166 0.8758357 -0.2821818 0 0 0 -0.04746039 -0.1248762 -0.9910365 0.04746039 0.1248762 0.9910365 0 0 0 -0.7213005 -0.6178715 -0.3129864 -0.9242553 -0.2566474 -0.282638 -0.7975485 -0.5892385 -0.1292836 -0.9242553 -0.2566474 -0.282638 -0.9242553 -0.2566474 -0.282638 0.9242553 0.2566474 0.282638 0.9242553 0.2566474 0.282638 0.9242553 0.2566474 0.282638 0.7975485 0.5892385 0.1292836 0.7213005 0.6178715 0.3129864 0 0 0 0 0 0 0 0 0 0 0 0 0 0 0 0.6266386 0.281646 -0.7266358 0.7667482 0.1913768 -0.6127578 0.726339 0.1118798 -0.6781701 0.7285173 0.2348567 -0.6435098 0.7419113 0.2645448 -0.6161037 -0.7419113 -0.2645448 0.6161037 -0.6266386 -0.281646 0.7266358 -0.7285173 -0.2348567 0.6435098 -0.7667482 -0.1913768 0.6127578 -0.726339 -0.1118798 0.6781701 0 0 0 0 0 0 0.781837 0.3262709 -0.5312987 0.6883986 0.5941135 -0.4160968 -0.6883986 -0.5941135 0.4160968 -0.781837 -0.3262709 0.5312987 0 0 0 0.850397 0.4814184 -0.2122764 -0.850397 -0.4814184 0.2122764 0.8273163 0.5609323 -0.03004471 0.5360236 0.8127142 -0.228417 0.7918868 0.5504978 -0.2643247 -0.5360236 -0.8127142 0.228417 -0.8273163 -0.5609323 0.03004471 -0.7918868 -0.5504978 0.2643247 0 0 0 0 0 0 -0.8476046 -0.1487584 0.50935 -0.7099292 -0.5493168 0.4407398 -0.8476046 -0.1487584 0.50935 -0.8476046 -0.1487584 0.50935 -0.8476046 -0.1487584 0.50935 -0.8476046 -0.1487584 0.50935 0.8476046 0.1487584 -0.50935 0.8476046 0.1487584 -0.50935 0.8476046 0.1487584 -0.50935 0.8476046 0.1487584 -0.50935 0.8476046 0.1487584 -0.50935 0.7099292 0.5493168 -0.4407398 0 0 0 0 0 0 0 0 0 0 0 0 0 0 0 -0.2019575 0.002202342 0.9793918 0.2019575 -0.002202342 -0.9793918 0 0 0 0.182688 -0.2838213 0.9413132 -0.182688 0.2838213 -0.9413132 0 0 0 -0.106663 -0.06010181 0.9924771 0.106663 0.06010181 -0.9924771 0 0 0 -0.1194757 0.052062 0.9914712 0.1194757 -0.052062 -0.9914712 0 0 0 -0.110656 -0.1391214 0.9840734 0.110656 0.1391214 -0.9840734 0 0 0 -0.0606232 0.06684028 0.9959203 0.0606232 -0.06684028 -0.9959203 0 0 0 0.1597725 -0.9705857 -0.1801005 -0.1597725 0.9705857 0.1801005 0 0 0 -0.2194119 -0.580388 -0.7842246 0.2194119 0.580388 0.7842246 0 0 0 -0.2879444 -0.9252993 0.2467982 -0.6216749 -0.7696403 0.1455136 0.6216749 0.7696403 -0.1455136 0.2879444 0.9252993 -0.2467982 0 0 0 0 0 0 0.8859891 -0.3011994 -0.3525651 0.9171237 0.0519061 -0.3952086 0.9171237 0.0519061 -0.3952086 0.8202644 -0.01244301 -0.5718493 0.9037265 0.07969008 -0.4206281 0.9462884 0.04929409 -0.3195439 -0.9171237 -0.0519061 0.3952086 -0.8859891 0.3011994 0.3525651 -0.9462884 -0.04929409 0.3195439 -0.9037265 -0.07969008 0.4206281 -0.8202644 0.01244301 0.5718493 -0.9171237 -0.0519061 0.3952086 0 0 0 0 0 0 0 0 0 0.844242 0.09369655 -0.5277086 -0.844242 -0.09369655 0.5277086 0.5140419 0.1771872 -0.8392649 -0.5140419 -0.1771872 0.8392649 0 0 0 0.4062712 0.2378249 -0.8822602 -0.4062712 -0.2378249 0.8822602 0 0 0 0.8810852 0.4639082 -0.09207623 0.8881364 0.3700802 -0.2724967 -0.8810852 -0.4639082 0.09207623 -0.8881364 -0.3700802 0.2724967 0 0 0 0.06650627 0.7546009 -0.6528051 -0.06650627 -0.7546009 0.6528051 0 0 0 0.9705289 0.1519278 -0.1870605 0.9530588 0.0525609 -0.2981882 -0.9705289 -0.1519278 0.1870605 -0.9530588 -0.0525609 0.2981882 0 0 0 0.9632354 0.09356204 -0.2518407 -0.9632354 -0.09356204 0.2518407 0.9666961 -0.1614766 0.1985546 -0.9666961 0.1614766 -0.1985546 0.8354759 -0.547822 0.043257 0.9644471 -0.1649013 0.2065172 0.9892635 -0.1145338 0.09077303 -0.9644471 0.1649013 -0.2065172 -0.9892635 0.1145338 -0.09077303 -0.8354759 0.547822 -0.043257 0 0 0 0 0 0 -0.5937017 -0.7109351 0.3769477 -0.5937017 -0.7109351 0.3769477 0.5937017 0.7109351 -0.3769477 0.5937017 0.7109351 -0.3769477 -0.0389441 -0.2284578 0.9727746 0.0389441 0.2284578 -0.9727746 0 0 0 0.2289073 -0.1175107 0.9663295 -0.2289073 0.1175107 -0.9663295 0 0 0 0.1056338 0.01044293 0.9943503 -0.1056338 -0.01044293 -0.9943503 0 0 0 0.008292293 0.02528208 0.999646 -0.008292293 -0.02528208 -0.999646 0 0 0 0.06435657 -0.3485197 0.9350894 -0.06435657 0.3485197 -0.9350894 0 0 0 -0.3283878 -0.8765114 -0.351979 0.3283878 0.8765114 0.351979 0 0 0 0.5861582 -0.2838213 -0.7588571 -0.5861582 0.2838213 0.7588571 0 0 0 0.6386894 -0.1175107 -0.7604387 -0.6386894 0.1175107 0.7604387 0 0 0 0.4148141 0.08882967 -0.9055598 -0.4148141 -0.08882967 0.9055598 0 0 0 0.5411507 0.01044293 -0.8408608 -0.5411507 -0.01044293 0.8408608 0 0 0 0.1762333 0.9135407 0.3665858 -0.1762333 -0.9135407 -0.3665858 0 0 0 -0.07798769 0.8894802 -0.4502698 0.07798769 -0.8894802 0.4502698 0 0 0 0.9785741 -0.1358086 0.1547537 -0.9785741 0.1358086 -0.1547537 0 0 0 0.5713625 -0.6239585 -0.5331234 -0.5713625 0.6239585 0.5331234 0 0 0 -0.09454606 -0.5690036 0.8168819 0.09454606 0.5690036 -0.8168819 0 0 0 0.0766123 -0.1997138 0.9768546 -0.0766123 0.1997138 -0.9768546 0 0 0 -0.03453 -0.09478373 0.9948989 0.03453 0.09478373 -0.9948989 0 0 0 -0.0548514 -0.1745088 0.9831266 0.0548514 0.1745088 -0.9831266 0 0 0 0.3933269 0.06684028 -0.9169658 -0.3933269 -0.06684028 0.9169658 0 0 0 0.456568 0.02528208 -0.8893292 -0.456568 -0.02528208 0.8893292 0 0 0 0.3397341 0.04504279 -0.9394423 -0.3397341 -0.04504279 0.9394423 0 0 0 0.006755979 0.2560064 -0.9666515 -0.006755979 -0.2560064 0.9666515 0 0 0 0.4830273 0.5081077 0.7130997 -0.4830273 -0.5081077 -0.7130997 0 0 0 -0.2530718 0.4925831 -0.8326563 0.2530718 -0.4925831 0.8326563 0 0 0 0.5921807 -0.7378627 0.3238528 -0.5921807 0.7378627 -0.3238528 0 0 0 0.4765594 -0.8758357 -0.0761773 -0.4765594 0.8758357 0.0761773 0 0 0 -0.007173374 -0.2050095 0.9787337 0.007173374 0.2050095 -0.9787337 0 0 0 0.5073626 -0.1997138 -0.8382706 -0.5073626 0.1997138 0.8382706 0 0 0 0.4776478 -0.3485197 -0.8064655 -0.4776478 0.3485197 0.8064655 0 0 0 0.4161788 -0.09478373 -0.9043292 -0.4161788 0.09478373 0.9043292 0 0 0 0.3387507 0.052062 -0.9394347 -0.3387507 -0.052062 0.9394347 0 0 0 -0.3841015 0.9046371 0.1846556 0.3841015 -0.9046371 -0.1846556 0 0 0 -0.3246097 0.3127252 0.8926542 0.3246097 -0.3127252 -0.8926542 0 0 0 -0.5533316 0.5036205 -0.6634686 0.5533316 -0.5036205 0.6634686 0 0 0 0.4660255 0.0471843 0.8835123 -0.4660255 -0.0471843 -0.8835123 0 0 0 0.4138599 -0.5272784 0.7420899 -0.4138599 0.5272784 -0.7420899 0 0 0 -0.1463501 -0.9252993 -0.3498613 0.1463501 0.9252993 0.3498613 0 0 0 0.4022946 -0.2284578 -0.8865473 -0.4022946 0.2284578 0.8865473 0 0 0 0.3506491 -0.06010181 -0.9345763 -0.3506491 0.06010181 0.9345763 0 0 0 0.3445421 -0.04511345 -0.9376863 -0.3445421 0.04511345 0.9376863 0 0 0 -0.05915741 0.02856429 -0.9978399 0.05915741 -0.02856429 0.9978399 0 0 0 -0.3116879 0.08402968 0.9464617 0.3116879 -0.08402968 -0.9464617 0 0 0 -0.6021534 0.1108502 -0.7906475 0.6021534 -0.1108502 0.7906475 0 0 0 0.008781997 -0.7249811 0.6887128 -0.008781997 0.7249811 -0.6887128 0 0 0 0.06181358 -0.9705857 0.2326854 -0.06181358 0.9705857 -0.2326854 0 0 0 0.2825758 -0.5690036 -0.7722602 -0.2825758 0.5690036 0.7722602 0 0 0 0.4333552 -0.2050095 -0.8775958 -0.4333552 0.2050095 0.8775958 0 0 0 -0.4945861 0.1668505 0.8529628 0.4945861 -0.1668505 -0.8529628 0 0 0 -0.7789179 0.611554 0.1388838 0.7789179 -0.611554 -0.1388838 0 0 0 -0.4491095 0.0009157591 0.8934763 0.4491095 -0.0009157591 -0.8934763 0 0 0 -0.9062706 -0.09802613 -0.4111745 0.9062706 0.09802613 0.4111745 0 0 0 -0.3310229 -0.08846433 0.9394668 0.3310229 0.08846433 -0.9394668 0 0 0 -0.380782 -0.004681794 0.924653 0.380782 0.004681794 -0.924653 0 0 0 -0.377779 -0.1650767 0.9110613 0.377779 0.1650767 -0.9110613 0 0 0 -0.4515231 -0.8765114 0.166897 0.4515231 0.8765114 -0.166897 0 0 0 -0.1647884 -0.389978 -0.9059591 0.1647884 0.389978 0.9059591 0 0 0 0.3927348 -0.1745088 -0.902943 -0.3927348 0.1745088 0.902943 0 0 0 0.343306 -0.1391214 -0.9288629 -0.343306 0.1391214 0.9288629 0 0 0 0.3185358 -0.1702771 -0.9324916 -0.3185358 0.1702771 0.9324916 0 0 0 -0.9970884 0.07075807 -0.02842711 0.9970884 -0.07075807 0.02842711 0 0 0 -0.7127238 -0.4603385 -0.5292572 0.7127238 0.4603385 0.5292572 0 0 0 -0.5483833 -0.580388 0.6020179 0.5483833 0.580388 -0.6020179 0 0 0 -0.78502 -0.6178715 -0.04448087 0.78502 0.6178715 0.04448087 0 0 0 -0.5023085 0.046219 0.8634524 0.5023085 -0.046219 -0.8634524 0 0 0 -0.5833938 0.01678911 0.8120159 0.5833938 -0.01678911 -0.8120159 0 0 0 -0.9119331 -0.3246888 0.2509088 0.9119331 0.3246888 -0.2509088 0 0 0 -0.4876913 -0.1248762 0.8640388 0.4876913 0.1248762 -0.8640388 0 0 0 -0.5900564 -0.07816844 0.803569 0.5900564 0.07816844 -0.803569 0 0 0</float_array>
                    <technique_common>
                        <accessor count="1742" source="#ID24" stride="3">
                            <param name="X" type="float" />
                            <param name="Y" type="float" />
                            <param name="Z" type="float" />
                        </accessor>
                    </technique_common>
                </source>
                <source id="ID14">
                    <Name_array id="ID26" count="0" />
                    <technique_common>
                        <accessor count="0" source="#ID26" stride="1">
                            <param name="skp_material" type="Name" />
                        </accessor>
                    </technique_common>
                </source>
                <source id="ID16">
                    <float_array id="ID25" count="5374">1.335376 0.198948 1.332105 0.2011904 1.31914 0.1974262 1.335376 0.198948 1.339726 0.2035115 1.332105 0.2011904 0.163948 3.207088 0.02329151 2.959561 0.0227323 2.950284 0.02587717 2.972265 0.03026948 2.993769 0.1383779 3.284618 0.802968 0.149044 1.332105 0.2011904 1.088544 0.368168 1.31914 0.1974262 1.31914 0.1974262 1.132745 0.1190652 1.335376 0.198948 1.134802 0.12019 1.335376 0.198948 1.345557 0.2050991 1.088544 0.368168 1.339726 0.2035115 1.733784 0.61686 1.332105 0.2011904 0.163948 3.207088 0.14012 3.287005 0.1383779 3.284618 0.2070977 3.385641 6.050715e-15 2.908912 0.03026948 2.993769 0.1104 3.369448 0.02587717 2.972265 0.02329151 2.959561 0.0227323 2.950284 0.1383779 3.284618 0.02095086 2.913854 0.02273426 2.950276 2.947733e-06 2.908911 0.135695 2.940928 0.1639503 3.207088 0.802968 0.149044 1.134802 0.12019 1.31914 0.1974262 1.132745 0.1190652 0.830724 7.771561e-16 0.802968 0.149044 1.088544 0.368168 0.766996 0.34094 1.063022 0.01826388 1.470592 0.050308 1.132745 0.1190652 1.050477 0.07644181 1.345557 0.2050991 1.821644 0.4878562 1.820236 0.4918944 1.839251 0.4645826 1.545945 0.1349844 1.335376 0.198948 1.470592 0.050308 1.339727 0.2035111 1.769403 0.6033445 1.733784 0.6168598 1.769344 0.6031924 1.775072 0.5898054 1.820237 0.4918942 1.345557 0.2050987 1.088544 0.368168 1.733784 0.61686 0.692228 0.816572 0.279126 3.33339 0.2070977 3.385641 0.163948 3.207088 0.2730975 3.382053 0.14012 3.287005 0.1104 3.369448 0.1383779 3.284618 0.2070977 3.385641 0.25474 3.582784 0.25494 0.635392 0.018336 1.020432 0.129736 0.528664 0.163948 3.207088 0.135692 2.940928 0.286048 2.996988 0.1948245 2.747161 -2.997602e-15 2.908912 0.224544 2.649776 0.02094791 2.913855 0.135692 2.940928 0.02094791 2.913855 0.1948245 2.747161 0.830724 -6.439294e-15 1.050477 0.07644181 1.132745 0.1190652 1.063022 0.01826388 0.308808 0.18782 0.830724 5.551115e-17 0.802968 0.149044 1.088544 0.368168 0.692228 0.816572 0.766996 0.34094 0.802968 0.149044 0.766996 0.34094 0.480948 0.318224 0.9287805 3.9303 1.178549 3.858729 1.369612 3.928888 0.9686354 3.918077 1.051833 3.888024 1.369612 3.928888 1.41036 3.872337 1.462128 3.849916 1.802095 3.496022 1.728548 3.430752 1.756191 3.435747 1.41036 3.872337 1.822241 3.54252 1.462128 3.849916 3.617119 2.100708 3.238412 2.067688 3.327864 1.797988 3.568366 2.100606 3.555535 2.195149 3.626413 2.102744 3.327864 1.797988 3.874539 2.180081 3.617119 2.100708 3.90125 2.186056 3.327864 1.797988 3.426776 1.721176 3.874539 2.180081 3.780104 1.381284 3.625172 1.291032 3.807183 1.347267 3.780092 1.381643 3.426776 1.721176 1.838016 1.37218 1.862269 0.8698381 1.884149 0.871649 1.733784 0.61686 1.835746 0.8064055 1.774083 0.6529026 1.769115 0.6342163 1.768204 0.6260461 1.769403 0.6033447 1.733784 0.61686 1.549384 1.361008 0.692228 0.816572 0.3122271 3.235027 0.163948 3.207088 0.286048 2.996988 0.279126 3.33339 0.329068 3.388156 0.2730975 3.382053 0.279126 3.33339 0.25474 3.582784 0.2070977 3.385641 0.197488 3.686968 0.1104 3.369448 0.25474 3.582784 0.25494 0.635392 0.129736 0.528664 0.308808 0.18782 0.25494 0.635392 0.210012 1.004788 0.018336 1.020432 0.286048 2.996988 0.1948245 2.747161 0.2417673 2.747008 0.135692 2.940928 0.1948245 2.747161 0.224544 2.649776 0.2417673 2.747008 -1.554312e-15 2.908912 0.230804 2.435296 0.224544 2.649776 1.051833 3.888024 0.959124 3.778156 1.178549 3.858729 0.9686354 3.918077 0.9287805 3.9303 0.677524 3.931104 0.25474 3.582784 0.677524 3.931104 0.197488 3.686968 0.802968 0.149044 0.480948 0.318224 0.766996 0.34094 0.692228 0.816572 0.480948 0.318224 0.3367737 3.060144 0.3122271 3.235027 0.286048 2.996988 0.338695 3.081986 1.369612 3.928888 1.31366 3.869973 1.359668 3.883867 1.178549 3.858729 1.25978 3.851822 1.193037 3.854118 1.226208 3.842627 1.369612 3.928888 1.359668 3.883867 1.41036 3.872337 0.2683555 2.758336 0.286048 2.996988 0.2417673 2.747008 0.3297426 2.913044 0.3007604 2.800624 0.3295166 2.860531 0.479696 2.62496 0.2417673 2.747008 0.224544 2.649776 0.2683555 2.758336 0.3007604 2.800624 0.3295166 2.860531 0.3297426 2.913044 1.41036 3.872337 1.306124 3.641452 1.728548 3.430752 1.359668 3.883867 1.728548 3.430752 1.739148 3.383678 1.756191 3.435747 1.757352 2.777748 1.853332 3.198558 3.483879 2.302632 3.238412 2.067688 3.555535 2.195149 3.539025 2.388441 3.498276 2.40304 3.238412 2.067688 2.863604 1.926764 3.327864 1.797988 3.327864 1.797988 2.877244 1.711128 3.426776 1.721176 3.814979 1.333323 3.625172 1.291032 3.854488 0.819024 3.807183 1.347267 3.426776 1.721176 3.320636 1.441052 3.625172 1.291032 3.979508 0.818076 3.814979 1.333323 3.854488 0.819024 3.830153 1.296734 3.929035 2.870819 3.949723 2.316388 3.979508 3.099956 3.916923 3.065686 3.929035 2.870819 3.979508 3.099956 3.798324 3.000744 3.84987 3.09704 3.2833 3.560852 3.811051 3.007713 3.979508 3.099956 3.916923 3.065686 1.907529 3.137849 1.757352 2.777748 1.897612 2.632272 1.864904 3.170298 1.859494 3.179908 1.853332 3.198558 1.838016 1.37218 1.549384 1.361008 0.692228 0.816572 1.549384 1.361008 1.16318 1.623564 0.329068 3.388156 0.279126 3.33339 0.3122271 3.235027 0.56502 3.664412 0.25474 3.582784 0.329068 3.388156 0.677524 3.931104 0.197488 3.686968 0.480948 0.318224 0.25494 0.635392 0.308808 0.18782 0.692228 0.816572 0.210012 1.004788 0.25494 0.635392 0.324664 1.421264 0.018336 1.020432 0.210012 1.004788 0.224544 2.649776 0.230804 2.435296 0.561444 2.232288 0.324664 1.421264 0.10956 1.64394 0.018336 1.020432 1.306124 3.641452 1.226208 3.842627 0.959124 3.778156 1.25978 3.851822 1.359668 3.883867 1.31366 3.869973 1.193037 3.854118 1.178549 3.858729 0.557476 3.334932 0.338695 3.081986 0.3367737 3.060144 0.329068 3.388156 0.3122271 3.235027 0.56502 3.664412 0.959124 3.778156 0.677524 3.931104 0.25474 3.582784 0.56502 3.664412 0.677524 3.931104 0.25474 3.582784 0.197488 3.686968 0.1104 3.369448 0.308808 0.18782 0.480948 0.318224 0.25494 0.635392 0.480948 0.318224 0.692228 0.816572 0.25494 0.635392 0.3367737 3.060144 0.286048 2.996988 0.3312238 3.013045 0.3291773 2.975387 0.3312238 3.013045 0.286048 2.996988 0.3297426 2.913044 0.3291773 2.975387 0.286048 2.996988 0.3297426 2.913044 0.628404 2.82552 0.3291773 2.975387 0.479696 2.62496 0.561444 2.232288 0.479696 2.62496 0.224544 2.649776 1.306124 3.641452 1.430472 3.321356 1.728548 3.430752 3.798324 3.000744 3.781889 2.944702 3.798417 2.983034 3.498276 2.40304 3.539025 2.388441 1.478504 3.007504 1.757352 2.777748 1.728548 3.430752 3.18526 2.21468 3.238412 2.067688 3.498276 2.40304 2.900404 2.059572 2.863604 1.926764 3.238412 2.067688 3.327864 1.797988 2.863604 1.926764 2.74466 1.8049 3.327864 1.797988 2.74466 1.8049 2.877244 1.711128 2.877244 1.711128 2.997524 1.539144 3.426776 1.721176 3.093496 0.877248 3.854488 0.819024 3.625172 1.291032 3.320636 1.441052 3.093496 0.877248 3.625172 1.291032 2.997524 1.539144 3.320636 1.441052 3.426776 1.721176 3.979508 0.818076 3.854488 0.819024 3.737164 0.31228 3.798324 3.000744 3.798417 2.983034 3.811051 3.007713 3.979508 3.099956 3.32072 3.749856 3.2833 3.560852 3.798324 3.000744 3.2833 3.560852 3.177596 3.217176 1.757352 2.777748 1.312728 2.156196 1.897612 2.632272 1.549384 1.361008 1.511051 1.76963 1.443692 1.783432 1.562693 1.759949 1.838016 1.37218 1.16318 1.623564 1.384285 1.800409 1.310416 1.873992 1.443692 1.783432 1.549384 1.361008 0.692228 0.816572 1.16318 1.623564 0.729944 1.816888 0.56502 3.664412 0.677524 3.931104 0.25474 3.582784 0.56502 3.664412 0.329068 3.388156 0.557476 3.334932 0.830724 -6.661338e-16 0.802968 0.149044 0.308808 0.18782 0.692228 0.816572 0.25494 0.635392 0.480948 0.318224 0.802968 0.149044 0.480948 0.318224 0.308808 0.18782 0.692228 0.816572 0.324664 1.421264 0.210012 1.004788 0.561444 2.232288 0.230804 2.435296 0.63612 2.051464 0.63612 2.051464 0.10956 1.64394 0.324664 1.421264 0.3291773 2.975387 0.498132 3.072372 0.3312238 3.013045 0.628404 2.82552 0.498132 3.072372 0.3367737 3.060144 0.3312238 3.013045 0.557476 3.334932 0.959124 3.778156 1.061312 3.5953 1.306124 3.641452 0.56502 3.664412 0.813428 3.564196 0.959124 3.778156 0.56502 3.664412 0.25474 3.582784 0.329068 3.388156 0.308808 0.18782 0.129736 0.528664 0.163948 3.207088 0.25474 3.582784 0.1104 3.369448 0.25494 0.635392 0.210012 1.004788 0.885632 2.476676 0.628404 2.82552 0.479696 2.62496 0.885632 2.476676 0.479696 2.62496 0.561444 2.232288 1.478504 3.007504 1.430472 3.321356 1.306124 3.641452 1.228092 3.462676 1.430472 3.321356 3.501324 2.84572 3.498276 2.40304 3.798324 3.000744 1.478504 3.007504 1.283408 2.560372 1.757352 2.777748 2.900404 2.059572 3.18526 2.21468 3.295264 2.436736 3.18526 2.21468 3.498276 2.40304 2.900404 2.059572 2.5178 2.095856 2.863604 1.926764 2.863604 1.926764 2.44048 1.99652 2.74466 1.8049 2.877244 1.711128 2.74466 1.8049 2.372052 1.849864 2.53036 1.366552 2.997524 1.539144 2.877244 1.711128 3.093496 0.877248 3.561212 0.386772 3.854488 0.819024 2.997524 1.539144 3.093496 0.877248 3.320636 1.441052 3.854488 0.819024 3.561212 0.386772 3.737164 0.31228 3.2833 3.560852 3.32072 3.749856 2.505852 3.546816 3.177596 3.217176 3.2833 3.560852 2.646336 3.30336 3.798324 3.000744 3.501324 2.84572 1.283408 2.560372 1.312728 2.156196 1.757352 2.777748 1.897612 2.632272 1.562317 2.25034 1.585826 2.249087 1.403202 2.201724 1.312728 2.156196 1.329587 2.122554 3.875447 2.627541 3.798324 3.000744 3.979508 3.099956 3.848434 2.744784 3.799982 2.684081 3.946452 2.230344 3.875447 2.627541 3.979508 3.099956 3.90669 2.428425 3.895681 2.252798 3.587721 1.979613 3.895681 2.252798 3.946452 2.230344 3.719172 2.100803 0.729944 1.816888 1.252029 1.929512 1.222491 1.958412 1.310416 1.873992 1.16318 1.623564 0.692228 0.816572 0.729944 1.816888 0.324664 1.421264 0.959124 3.778156 0.677524 3.931104 0.56502 3.664412 0.813428 3.564196 0.56502 3.664412 0.557476 3.334932 0.830724 -2.220446e-16 1.335376 0.198948 0.802968 0.149044 0.766996 0.34094 0.692228 0.816572 0.480948 0.318224 0.802968 0.149044 0.766996 0.34094 0.480948 0.318224 0.729944 1.816888 0.324664 1.421264 0.692228 0.816572 1.312728 2.156196 0.561444 2.232288 0.729944 1.816888 0.63612 2.051464 0.324664 1.421264 0.698404 3.105136 0.498132 3.072372 0.628404 2.82552 0.698404 3.105136 0.557476 3.334932 0.498132 3.072372 0.959124 3.778156 0.813428 3.564196 1.061312 3.5953 1.061312 3.5953 1.228092 3.462676 1.306124 3.641452 0.56502 3.664412 0.557476 3.334932 0.813428 3.564196 0.329068 3.388156 0.25474 3.582784 0.163948 3.207088 0.56502 3.664412 0.329068 3.388156 0.557476 3.334932 0.129736 0.528664 0.25494 0.635392 0.018336 1.020432 0.163948 3.207088 0.1104 3.369448 1.110223e-16 2.908912 0.25494 0.635392 0.210012 1.004788 0.018336 1.020432 0.692228 0.816572 0.210012 1.004788 0.959648 2.718988 0.628404 2.82552 0.885632 2.476676 0.885632 2.476676 0.561444 2.232288 1.312728 2.156196 1.3579 3.086064 1.478504 3.007504 1.430472 3.321356 1.228092 3.462676 1.2943 3.285628 1.430472 3.321356 3.295264 2.436736 3.498276 2.40304 3.501324 2.84572 1.218632 2.827664 1.283408 2.560372 1.478504 3.007504 3.046696 2.239952 2.900404 2.059572 3.18526 2.21468 3.046696 2.239952 3.18526 2.21468 3.295264 2.436736 2.863604 1.926764 2.5178 2.095856 2.44048 1.99652 2.5178 2.095856 2.900404 2.059572 2.782116 2.165724 2.74466 1.8049 2.44048 1.99652 2.340128 1.952552 2.349892 1.438748 2.53036 1.366552 2.877244 1.711128 2.74466 1.8049 2.340128 1.952552 2.372052 1.849864 2.53036 1.366552 3.093496 0.877248 2.997524 1.539144 3.093496 0.877248 3.240216 0.287588 3.561212 0.386772 3.561212 0.386772 3.302732 -2.775558e-15 3.737164 0.31228 3.2833 3.560852 2.505852 3.546816 2.646336 3.30336 3.32072 3.749856 2.5104 3.695672 2.505852 3.546816 3.177596 3.217176 2.646336 3.30336 2.70024 3.07024 3.095368 3.00616 3.501324 2.84572 3.177596 3.217176 1.283408 2.560372 0.885632 2.476676 1.312728 2.156196 1.312728 2.156196 1.29357 2.087671 1.329587 2.122554 0.63612 2.051464 1.168498 2.019253 3.238412 2.067688 3.411165 2.24789 3.427931 2.143861 3.498276 2.40304 3.560438 2.38077 3.799982 2.684081 3.498276 2.40304 3.798324 3.000744 3.560438 2.38077 3.798324 3.000744 3.2833 3.560852 3.979508 3.099956 3.979508 0.818076 3.854488 0.819024 3.813752 1.349296 3.426776 1.721176 3.512067 1.912065 3.946452 2.230344 3.327864 1.797988 3.587721 1.979613 3.434608 1.872596 0.729944 1.816888 1.168498 2.019253 0.63612 2.051464 1.171467 2.013066 1.194298 1.988207 1.222491 1.958412 0.324664 1.421264 0.729944 1.816888 0.63612 2.051464 0.959124 3.778156 1.369612 3.928888 0.677524 3.931104 0.813428 3.564196 0.959124 3.778156 0.56502 3.664412 0.813428 3.564196 0.557476 3.334932 0.81508 3.404368 1.470592 0.050308 1.335376 0.198948 0.830724 4.440892e-16 1.335376 0.198948 1.088544 0.368168 0.802968 0.149044 1.088544 0.368168 0.692228 0.816572 0.766996 0.34094 1.088544 0.368168 0.766996 0.34094 0.802968 0.149044 1.16318 1.623564 0.729944 1.816888 0.692228 0.816572 1.312728 2.156196 0.63612 2.051464 1.388012 2.005972 1.388012 2.005972 0.63612 2.051464 0.729944 1.816888 0.822612 2.908796 0.698404 3.105136 0.628404 2.82552 0.722724 3.289812 0.557476 3.334932 0.698404 3.105136 0.813428 3.564196 1.01504 3.468588 1.061312 3.5953 1.01504 3.468588 1.228092 3.462676 0.813428 3.564196 0.81508 3.404368 0.286048 2.996988 0.329068 3.388156 0.163948 3.207088 0.329068 3.388156 0.286048 2.996988 0.557476 3.334932 0.163948 3.207088 6.661338e-16 2.908912 0.135692 2.940928 0.324664 1.421264 0.018336 1.020432 0.959648 2.718988 0.822612 2.908796 0.628404 2.82552 1.283408 2.560372 0.959648 2.718988 0.885632 2.476676 0.885632 2.476676 1.312728 2.156196 1.283408 2.560372 1.430472 3.321356 1.2943 3.285628 1.3579 3.086064 1.3579 3.086064 1.218632 2.827664 1.478504 3.007504 1.228092 3.462676 1.1476 3.35398 1.2943 3.285628 3.278756 2.714116 3.295264 2.436736 3.501324 2.84572 0.959648 2.718988 1.283408 2.560372 1.218632 2.827664 2.900404 2.059572 3.046696 2.239952 2.782116 2.165724 3.152908 2.442636 3.046696 2.239952 3.295264 2.436736 2.5178 2.095856 2.187336 2.267532 2.44048 1.99652 2.5178 2.095856 2.782116 2.165724 2.56708 2.219928 2.44048 1.99652 2.187336 2.267532 2.340128 1.952552 2.349892 1.438748 2.169132 0.949648 2.53036 1.366552 2.372052 1.849864 2.340128 1.952552 1.960064 2.161616 2.53036 1.366552 2.40844 0.931836 3.093496 0.877248 3.240216 0.287588 3.302732 -1.304512e-15 3.561212 0.386772 3.093496 0.877248 2.908192 0.239744 3.240216 0.287588 2.310504 3.000188 2.646336 3.30336 2.505852 3.546816 2.505852 3.546816 2.5104 3.695672 2.116352 3.200368 2.70024 3.07024 3.095368 3.00616 3.177596 3.217176 2.70024 3.07024 2.646336 3.30336 2.417572 2.885204 3.278756 2.714116 3.501324 2.84572 3.095368 3.00616 0.561444 2.232288 1.312728 2.156196 0.885632 2.476676 0.959648 2.718988 1.283408 2.560372 3.427931 2.143861 3.327864 1.797988 3.238412 2.067688 3.351 1.830768 3.364023 1.835831 0.561444 2.232288 0.63612 2.051464 1.312728 2.156196 3.18526 2.21468 3.498276 2.40304 3.238412 2.067688 3.498276 2.40304 3.501324 2.84572 3.798324 3.000744 3.798324 3.000744 3.177596 3.217176 3.2833 3.560852 3.979508 3.099956 3.2833 3.560852 3.32072 3.749856 3.979508 0.818076 3.737164 0.31228 3.854488 0.819024 3.854488 0.819024 3.625172 1.291032 3.813752 1.349296 3.364023 1.835831 3.434608 1.872596 3.327864 1.797988 3.813752 1.349296 3.625172 1.291032 3.426776 1.721176 3.327864 1.797988 2.877244 1.711128 0.324664 1.421264 0.63612 2.051464 0.10956 1.64394 1.306124 3.641452 1.369612 3.928888 0.959124 3.778156 1.061312 3.5953 0.959124 3.778156 0.813428 3.564196 0.81508 3.404368 0.557476 3.334932 0.722724 3.289812 1.01504 3.468588 0.813428 3.564196 0.81508 3.404368 1.470592 0.050308 1.913932 0.548504 1.335376 0.198948 1.733784 0.61686 1.088544 0.368168 1.335376 0.198948 1.733784 0.61686 0.692228 0.816572 1.088544 0.368168 1.388012 2.005972 0.729944 1.816888 1.16318 1.623564 1.549384 1.361008 1.16318 1.623564 0.692228 0.816572 1.897612 2.632272 1.312728 2.156196 1.388012 2.005972 0.880532 3.030788 0.698404 3.105136 0.822612 2.908796 0.80536 3.204272 0.722724 3.289812 0.698404 3.105136 0.813428 3.564196 0.81508 3.404368 1.01504 3.468588 1.228092 3.462676 1.01504 3.468588 1.1476 3.35398 0.81508 3.404368 0.557476 3.334932 0.722724 3.289812 0.286048 2.996988 0.163948 3.207088 0.135692 2.940928 0.557476 3.334932 0.286048 2.996988 0.498132 3.072372 0.135692 2.940928 -1.332268e-15 2.908912 0.224544 2.649776 0.018336 1.020432 0.324664 1.421264 0.10956 1.64394 1.005072 2.894612 0.822612 2.908796 0.959648 2.718988 1.218632 2.827664 0.959648 2.718988 1.283408 2.560372 1.757352 2.777748 1.283408 2.560372 1.312728 2.156196 1.2943 3.285628 1.257028 3.153816 1.3579 3.086064 1.3579 3.086064 1.16072 2.949832 1.218632 2.827664 1.1476 3.35398 1.1898 3.255172 1.2943 3.285628 3.152908 2.442636 3.295264 2.436736 3.278756 2.714116 1.005072 2.894612 0.959648 2.718988 1.218632 2.827664 2.782116 2.165724 3.046696 2.239952 2.970804 2.300048 2.970804 2.300048 3.046696 2.239952 3.152908 2.442636 2.5178 2.095856 2.288732 2.308648 2.187336 2.267532 2.56708 2.219928 2.782116 2.165724 2.7707 2.281976 2.5178 2.095856 2.56708 2.219928 2.42458 2.36102 2.340128 1.952552 2.187336 2.267532 2.07498 2.21932 2.169132 0.949648 2.40844 0.931836 2.53036 1.366552 2.340128 1.952552 2.07498 2.21932 1.960064 2.161616 2.40844 0.931836 2.469656 0.483608 3.093496 0.877248 2.908192 0.239744 3.302732 5.551115e-16 3.240216 0.287588 2.469656 0.483608 2.908192 0.239744 3.093496 0.877248 2.137965 3.012013 2.505852 3.546816 2.152731 3.069954 2.310504 3.000188 2.417572 2.885204 2.646336 3.30336 2.310504 3.000188 2.759892 0.093072 3.302732 2.609024e-15 2.908192 0.239744 2.114387 3.129467 2.505852 3.546816 2.116352 3.200368 2.160485 3.169871 2.158084 3.124518 2.152731 3.069954 2.744044 2.900168 3.095368 3.00616 2.70024 3.07024 2.524476 2.793244 2.70024 3.07024 2.417572 2.885204 3.025556 2.81474 3.278756 2.714116 3.095368 3.00616 0.479696 2.62496 0.561444 2.232288 0.885632 2.476676 0.628404 2.82552 0.885632 2.476676 0.959648 2.718988 3.327864 1.797988 2.863604 1.926764 3.238412 2.067688 0.230804 2.435296 0.63612 2.051464 0.561444 2.232288 2.900404 2.059572 3.18526 2.21468 3.238412 2.067688 3.18526 2.21468 3.295264 2.436736 3.501324 2.84572 3.177596 3.217176 3.501324 2.84572 3.498276 2.40304 3.295264 2.436736 3.177596 3.217176 2.646336 3.30336 3.2833 3.560852 3.2833 3.560852 2.505852 3.546816 3.854488 0.819024 3.737164 0.31228 3.561212 0.386772 3.854488 0.819024 3.093496 0.877248 3.625172 1.291032 3.625172 1.291032 3.320636 1.441052 3.426776 1.721176 3.327864 1.797988 2.877244 1.711128 2.74466 1.8049 3.426776 1.721176 2.997524 1.539144 2.877244 1.711128 1.306124 3.641452 1.728548 3.430752 1.369612 3.928888 1.061312 3.5953 1.306124 3.641452 0.959124 3.778156 1.01504 3.468588 1.061312 3.5953 0.813428 3.564196 0.866264 3.287476 0.81508 3.404368 0.722724 3.289812 1.01504 3.468588 0.81508 3.404368 0.991924 3.330444 1.728548 3.430752 1.913932 3.464252 1.369612 3.928888 1.913932 0.548504 1.733784 0.61686 1.335376 0.198948 1.733784 0.61686 1.549384 1.361008 0.692228 0.816572 1.549384 1.361008 1.388012 2.005972 1.16318 1.623564 1.757352 2.777748 1.312728 2.156196 1.897612 2.632272 1.838016 1.37218 1.388012 2.005972 1.549384 1.361008 1.005072 2.894612 0.880532 3.030788 0.822612 2.908796 0.880532 3.030788 0.826904 3.125584 0.698404 3.105136 0.866264 3.287476 0.722724 3.289812 0.80536 3.204272 0.826904 3.125584 0.80536 3.204272 0.698404 3.105136 1.01504 3.468588 0.81508 3.404368 0.991924 3.330444 1.01504 3.468588 0.991924 3.330444 1.1476 3.35398 0.698404 3.105136 0.722724 3.289812 0.81508 3.404368 0.722724 3.289812 0.866264 3.287476 0.286048 2.996988 0.135692 2.940928 0.224544 2.649776 0.557476 3.334932 0.498132 3.072372 0.698404 3.105136 0.498132 3.072372 0.286048 2.996988 0.628404 2.82552 0.224544 2.649776 -2.331468e-15 2.908912 0.230804 2.435296 1.218632 2.827664 1.005072 2.894612 0.959648 2.718988 1.218632 2.827664 1.283408 2.560372 1.478504 3.007504 1.478504 3.007504 1.283408 2.560372 1.757352 2.777748 1.2943 3.285628 1.1898 3.255172 1.257028 3.153816 1.257028 3.153816 1.16072 2.949832 1.3579 3.086064 1.16072 2.949832 1.005072 2.894612 1.218632 2.827664 1.1476 3.35398 1.090112 3.27164 1.1898 3.255172 3.152908 2.442636 3.278756 2.714116 3.149208 2.635324 0.822612 2.908796 0.959648 2.718988 1.005072 2.894612 2.782116 2.165724 2.970804 2.300048 2.7707 2.281976 2.970804 2.300048 3.152908 2.442636 3.05006 2.469144 2.5178 2.095856 2.42458 2.36102 2.288732 2.308648 2.288732 2.308648 2.216556 2.588244 2.187336 2.267532 2.56708 2.219928 2.7707 2.281976 2.625416 2.322736 2.56708 2.219928 2.625416 2.322736 2.42458 2.36102 2.187336 2.267532 2.006756 2.583092 2.07498 2.21932 2.169132 0.949648 2.469656 0.483608 2.40844 0.931836 2.07498 2.21932 1.960064 2.161616 2.469656 0.483608 2.759892 0.093072 2.908192 0.239744 3.2833 3.560852 3.881027 3.1248 3.881666 3.164729 3.869781 3.080319 3.879717 3.045313 3.798324 3.000744 2.10552 2.620876 2.135566 2.96956 2.110357 2.956437 2.310504 3.000188 2.137965 3.012013 2.417572 2.885204 2.310504 3.000188 2.216556 2.588244 1.933072 2.683868 2.051857 2.929574 2.072382 3.024068 2.06041 2.930264 2.066774 2.931571 2.114387 3.129467 2.116352 3.200368 3.938467 0.7324195 3.854488 0.819024 3.737164 0.31228 3.933765 0.7602248 3.948731 0.8183094 3.2833 3.560852 3.867942 3.210017 3.32072 3.749856 3.881666 3.164729 2.524476 2.793244 2.744044 2.900168 2.70024 3.07024 2.744044 2.900168 3.025556 2.81474 3.095368 3.00616 2.371884 2.569044 2.524476 2.793244 2.417572 2.885204 3.149208 2.635324 3.278756 2.714116 3.025556 2.81474 0.628404 2.82552 0.479696 2.62496 0.885632 2.476676 0.224544 2.649776 0.561444 2.232288 0.479696 2.62496 0.822612 2.908796 0.628404 2.82552 0.959648 2.718988 2.863604 1.926764 3.327864 1.797988 2.74466 1.8049 2.900404 2.059572 3.238412 2.067688 2.863604 1.926764 0.224544 2.649776 0.230804 2.435296 0.561444 2.232288 3.18526 2.21468 2.900404 2.059572 3.046696 2.239952 3.295264 2.436736 3.18526 2.21468 3.046696 2.239952 3.095368 3.00616 3.177596 3.217176 3.501324 2.84572 3.278756 2.714116 2.70024 3.07024 3.177596 3.217176 2.505852 3.546816 3.2833 3.560852 2.505852 3.546816 2.5104 3.695672 3.32072 3.749856 3.854488 0.819024 3.561212 0.386772 3.093496 0.877248 3.737164 0.31228 3.302732 -3.094747e-15 3.561212 0.386772 3.625172 1.291032 3.093496 0.877248 3.320636 1.441052 3.426776 1.721176 3.320636 1.441052 2.997524 1.539144 2.74466 1.8049 2.372052 1.849864 2.997524 1.539144 2.53036 1.366552 2.877244 1.711128 1.430472 3.321356 1.728548 3.430752 1.306124 3.641452 1.228092 3.462676 1.306124 3.641452 1.061312 3.5953 1.01504 3.468588 1.228092 3.462676 1.061312 3.5953 0.991924 3.330444 0.81508 3.404368 0.866264 3.287476 1.1476 3.35398 1.01504 3.468588 0.991924 3.330444 1.728548 3.430752 1.757352 2.777748 1.913932 3.464252 1.913932 0.548504 1.838016 1.37218 1.733784 0.61686 1.838016 1.37218 1.549384 1.361008 1.913932 3.464252 1.757352 2.777748 1.897612 2.632272 1.02454 3.015948 0.880532 3.030788 1.005072 2.894612 0.98382 3.17474 0.826904 3.125584 0.880532 3.030788 0.98382 3.17474 0.866264 3.287476 0.80536 3.204272 0.98382 3.17474 0.80536 3.204272 0.826904 3.125584 0.81508 3.404368 0.866264 3.287476 0.991924 3.330444 1.1476 3.35398 0.991924 3.330444 1.090112 3.27164 0.722724 3.289812 0.698404 3.105136 0.80536 3.204272 0.866264 3.287476 0.722724 3.289812 0.80536 3.204272 0.224544 2.649776 0.479696 2.62496 0.698404 3.105136 0.498132 3.072372 0.628404 2.82552 0.286048 2.996988 0.479696 2.62496 0.628404 2.82552 1.218632 2.827664 1.16072 2.949832 1.005072 2.894612 1.478504 3.007504 1.3579 3.086064 1.218632 2.827664 1.728548 3.430752 1.478504 3.007504 1.757352 2.777748 1.1898 3.255172 1.140644 3.181872 1.257028 3.153816 1.257028 3.153816 1.11856 3.09176 1.16072 2.949832 1.02454 3.015948 1.005072 2.894612 1.16072 2.949832 1.1898 3.255172 1.090112 3.27164 1.107364 3.224816 3.05006 2.469144 3.152908 2.442636 3.149208 2.635324 0.880532 3.030788 0.822612 2.908796 1.005072 2.894612 2.7707 2.281976 2.970804 2.300048 2.78738 2.495888 2.970804 2.300048 3.05006 2.469144 2.78738 2.495888 2.288732 2.308648 2.42458 2.36102 2.216556 2.588244 2.216556 2.588244 2.10552 2.620876 2.187336 2.267532 2.625416 2.322736 2.7707 2.281976 2.78738 2.495888 2.42458 2.36102 2.625416 2.322736 2.560416 2.4123 2.187336 2.267532 2.10552 2.620876 2.006756 2.583092 2.169132 0.949648 2.283488 0.44384 2.469656 0.483608 2.006756 2.583092 1.933072 2.683868 1.960064 2.161616 2.283488 0.44384 2.759892 0.093072 2.469656 0.483608 3.954379 3.028385 3.802024 2.29422 3.963816 3.028716 3.9279 3.033049 3.905612 3.032277 3.879717 3.045313 3.798324 3.000744 3.177596 3.217176 3.798324 3.000744 2.006756 2.583092 2.110357 2.956437 2.094923 2.946775 2.10552 2.620876 2.216556 2.588244 2.310504 3.000188 2.10552 2.620876 2.216556 2.588244 2.371884 2.569044 2.417572 2.885204 2.006756 2.583092 2.066774 2.931571 1.933072 2.683868 2.094923 2.946775 3.976519 3.021312 3.802024 2.29422 3.946452 2.230344 3.963816 3.028716 3.948731 0.8183094 3.813752 1.349296 3.854488 0.819024 3.964518 0.8661173 3.854488 0.819024 3.561212 0.386772 3.737164 0.31228 3.2833 3.560852 3.32072 3.749856 2.505852 3.546816 2.639048 2.684924 2.744044 2.900168 2.524476 2.793244 2.80528 2.756712 3.025556 2.81474 2.744044 2.900168 2.371884 2.569044 2.515224 2.56596 2.524476 2.793244 2.948724 2.674748 3.149208 2.635324 3.025556 2.81474 0.698404 3.105136 0.628404 2.82552 0.822612 2.908796 2.863604 1.926764 2.74466 1.8049 2.44048 1.99652 2.900404 2.059572 2.863604 1.926764 2.5178 2.095856 3.046696 2.239952 2.900404 2.059572 2.782116 2.165724 3.295264 2.436736 3.046696 2.239952 3.152908 2.442636 3.501324 2.84572 3.278756 2.714116 3.095368 3.00616 3.177596 3.217176 2.70024 3.07024 3.295264 2.436736 3.152908 2.442636 2.70024 3.07024 2.417572 2.885204 2.646336 3.30336 2.310504 3.000188 2.505852 3.546816 2.646336 3.30336 2.505852 3.546816 2.116352 3.200368 2.5104 3.695672 3.561212 0.386772 3.240216 0.287588 3.093496 0.877248 3.561212 0.386772 3.302732 -5.828671e-16 3.240216 0.287588 3.320636 1.441052 3.093496 0.877248 2.997524 1.539144 2.877244 1.711128 2.53036 1.366552 2.349892 1.438748 2.340128 1.952552 2.74466 1.8049 2.372052 1.849864 3.093496 0.877248 2.53036 1.366552 2.997524 1.539144 1.728548 3.430752 1.430472 3.321356 1.478504 3.007504 1.228092 3.462676 1.430472 3.321356 1.306124 3.641452 1.228092 3.462676 1.01504 3.468588 1.1476 3.35398 0.98382 3.17474 0.991924 3.330444 0.866264 3.287476 1.1476 3.35398 0.991924 3.330444 1.090112 3.27164 1.02454 3.015948 0.98382 3.17474 0.880532 3.030788 1.16072 2.949832 1.02454 3.015948 1.005072 2.894612 0.991924 3.330444 0.866264 3.287476 0.98382 3.17474 0.991924 3.330444 0.98382 3.17474 1.090112 3.27164 0.80536 3.204272 0.698404 3.105136 0.826904 3.125584 0.866264 3.287476 0.98382 3.17474 1.3579 3.086064 1.16072 2.949832 1.218632 2.827664 1.430472 3.321356 1.3579 3.086064 1.478504 3.007504 1.1898 3.255172 1.107364 3.224816 1.140644 3.181872 1.140644 3.181872 1.11856 3.09176 1.257028 3.153816 1.11856 3.09176 1.02454 3.015948 1.16072 2.949832 0.880532 3.030788 1.005072 2.894612 1.02454 3.015948 1.090112 3.27164 0.98382 3.17474 1.107364 3.224816 3.05006 2.469144 3.149208 2.635324 3.021412 2.581508 0.698404 3.105136 0.822612 2.908796 0.880532 3.030788 2.78738 2.495888 3.05006 2.469144 3.021412 2.581508 2.42458 2.36102 2.371884 2.569044 2.216556 2.588244 2.625416 2.322736 2.78738 2.495888 2.560416 2.4123 2.42458 2.36102 2.560416 2.4123 2.515224 2.56596 3.802024 2.29422 3.798324 3.000744 3.177596 3.217176 3.2833 3.560852 2.646336 3.30336 3.177596 3.217176 3.501324 2.84572 3.798324 3.000744 3.946452 2.230344 3.802024 2.29422 3.327864 1.797988 3.813752 1.349296 3.625172 1.291032 3.854488 0.819024 3.854488 0.819024 3.093496 0.877248 3.561212 0.386772 3.737164 0.31228 3.561212 0.386772 3.302732 -2.498002e-15 2.646336 3.30336 3.2833 3.560852 2.505852 3.546816 3.32072 3.749856 2.5104 3.695672 2.515224 2.56596 2.639048 2.684924 2.524476 2.793244 2.639048 2.684924 2.80528 2.756712 2.744044 2.900168 2.948724 2.674748 3.025556 2.81474 2.80528 2.756712 2.42458 2.36102 2.515224 2.56596 2.371884 2.569044 3.021412 2.581508 3.149208 2.635324 2.948724 2.674748 2.44048 1.99652 2.74466 1.8049 2.340128 1.952552 2.863604 1.926764 2.44048 1.99652 2.900404 2.059572 2.5178 2.095856 2.782116 2.165724 3.046696 2.239952 2.782116 2.165724 2.970804 2.300048 3.152908 2.442636 3.046696 2.239952 2.970804 2.300048 3.278756 2.714116 3.025556 2.81474 3.095368 3.00616 3.095368 3.00616 2.744044 2.900168 2.70024 3.07024 3.278756 2.714116 3.152908 2.442636 3.149208 2.635324 2.70024 3.07024 2.524476 2.793244 2.417572 2.885204 2.417572 2.885204 2.310504 3.000188 2.646336 3.30336 2.310504 3.000188 2.111184 3.013848 2.505852 3.546816 2.505852 3.546816 2.111184 3.013848 2.116352 3.200368 3.302732 1.373901e-15 2.759892 0.093072 2.908192 0.239744 3.240216 0.287588 2.908192 0.239744 3.302732 1.748601e-15 2.908192 0.239744 3.240216 0.287588 2.169132 0.949648 2.349892 1.438748 2.372052 1.849864 1.960064 2.161616 2.340128 1.952552 3.093496 0.877248 2.40844 0.931836 2.53036 1.366552 1.2943 3.285628 1.430472 3.321356 1.228092 3.462676 1.2943 3.285628 1.228092 3.462676 1.1476 3.35398 1.090112 3.27164 0.991924 3.330444 0.98382 3.17474 1.1898 3.255172 1.1476 3.35398 1.090112 3.27164 1.11856 3.09176 0.98382 3.17474 1.02454 3.015948 1.16072 2.949832 1.11856 3.09176 1.02454 3.015948 0.80536 3.204272 0.826904 3.125584 0.98382 3.17474 0.826904 3.125584 0.698404 3.105136 0.880532 3.030788 1.3579 3.086064 1.257028 3.153816 1.16072 2.949832 1.3579 3.086064 1.2943 3.285628 1.107364 3.224816 0.98382 3.17474 1.140644 3.181872 1.140644 3.181872 0.98382 3.17474 1.11856 3.09176 0.98382 3.17474 1.02454 3.015948 1.11856 3.09176 0.98382 3.17474 0.880532 3.030788 1.02454 3.015948 2.78738 2.495888 3.021412 2.581508 2.948724 2.674748 2.560416 2.4123 2.78738 2.495888 2.515224 2.56596 3.798324 3.000744 3.501324 2.84572 3.498276 2.40304 3.802024 2.29422 3.498276 2.40304 3.238412 2.067688 3.177596 3.217176 2.646336 3.30336 2.70024 3.07024 3.501324 2.84572 3.177596 3.217176 3.095368 3.00616 3.946452 2.230344 3.327864 1.797988 3.426776 1.721176 3.327864 1.797988 3.802024 2.29422 3.238412 2.067688 3.426776 1.721176 3.625172 1.291032 3.813752 1.349296 3.625172 1.291032 3.093496 0.877248 3.854488 0.819024 3.093496 0.877248 3.240216 0.287588 3.561212 0.386772 3.561212 0.386772 3.302732 -1.720846e-15 2.310504 3.000188 2.646336 3.30336 2.5104 3.695672 2.116352 3.200368 2.515224 2.56596 2.78738 2.495888 2.639048 2.684924 2.78738 2.495888 2.80528 2.756712 2.639048 2.684924 2.78738 2.495888 2.948724 2.674748 2.80528 2.756712 2.44048 1.99652 2.340128 1.952552 2.187336 2.267532 2.44048 1.99652 2.187336 2.267532 2.5178 2.095856 2.782116 2.165724 2.56708 2.219928 2.970804 2.300048 2.782116 2.165724 2.7707 2.281976 3.152908 2.442636 2.970804 2.300048 3.05006 2.469144 3.278756 2.714116 3.149208 2.635324 3.025556 2.81474 3.095368 3.00616 3.025556 2.81474 2.744044 2.900168 2.70024 3.07024 2.744044 2.900168 2.524476 2.793244 3.149208 2.635324 3.152908 2.442636 3.05006 2.469144 2.524476 2.793244 2.371884 2.569044 2.417572 2.885204 2.417572 2.885204 2.216556 2.588244 2.310504 3.000188 2.310504 3.000188 2.10552 2.620876 2.111184 3.013848 2.111184 3.013848 1.933072 2.683868 2.116352 3.200368 2.908192 0.239744 2.759892 0.093072 2.469656 0.483608 3.093496 0.877248 2.908192 0.239744 2.469656 0.483608 2.53036 1.366552 2.40844 0.931836 2.169132 0.949648 2.340128 1.952552 1.960064 2.161616 2.07498 2.21932 3.093496 0.877248 2.469656 0.483608 2.40844 0.931836 1.2943 3.285628 1.1476 3.35398 1.1898 3.255172 1.107364 3.224816 1.090112 3.27164 0.98382 3.17474 1.1898 3.255172 1.090112 3.27164 1.107364 3.224816 1.140644 3.181872 0.98382 3.17474 1.11856 3.09176 1.257028 3.153816 1.11856 3.09176 1.16072 2.949832 0.98382 3.17474 0.826904 3.125584 0.880532 3.030788 1.3579 3.086064 1.2943 3.285628 1.257028 3.153816 3.498276 2.40304 3.501324 2.84572 3.295264 2.436736 3.498276 2.40304 3.18526 2.21468 3.238412 2.067688 3.095368 3.00616 3.177596 3.217176 2.70024 3.07024 2.646336 3.30336 2.417572 2.885204 2.70024 3.07024 3.501324 2.84572 3.095368 3.00616 3.278756 2.714116 3.426776 1.721176 3.327864 1.797988 2.877244 1.711128 3.327864 1.797988 3.238412 2.067688 2.863604 1.926764 3.426776 1.721176 3.320636 1.441052 3.625172 1.291032 3.320636 1.441052 3.093496 0.877248 3.625172 1.291032 3.093496 0.877248 2.908192 0.239744 3.240216 0.287588 3.240216 0.287588 2.908192 0.239744 3.302732 1.165734e-15 2.505852 3.546816 2.111184 3.013848 2.646336 3.30336 2.310504 3.000188 2.417572 2.885204 2.908192 0.239744 2.759892 0.093072 3.302732 2.442491e-15 2.505852 3.546816 2.116352 3.200368 2.111184 3.013848 2.340128 1.952552 2.07498 2.21932 2.187336 2.267532 2.5178 2.095856 2.187336 2.267532 2.288732 2.308648 2.56708 2.219928 2.5178 2.095856 2.42458 2.36102 2.7707 2.281976 2.782116 2.165724 2.56708 2.219928 2.970804 2.300048 2.7707 2.281976 2.78738 2.495888 3.05006 2.469144 2.78738 2.495888 3.149208 2.635324 2.948724 2.674748 3.025556 2.81474 3.025556 2.81474 2.80528 2.756712 2.744044 2.900168 2.744044 2.900168 2.639048 2.684924 2.524476 2.793244 3.149208 2.635324 3.05006 2.469144 3.021412 2.581508 2.524476 2.793244 2.515224 2.56596 2.371884 2.569044 2.417572 2.885204 2.371884 2.569044 2.216556 2.588244 2.216556 2.588244 2.10552 2.620876 2.310504 3.000188 2.10552 2.620876 2.006756 2.583092 2.111184 3.013848 2.006756 2.583092 1.933072 2.683868 2.111184 3.013848 2.759892 0.093072 2.283488 0.44384 2.469656 0.483608 2.469656 0.483608 2.169132 0.949648 2.40844 0.931836 2.07498 2.21932 1.960064 2.161616 2.006756 2.583092 1.2943 3.285628 1.1898 3.255172 1.257028 3.153816 1.140644 3.181872 1.107364 3.224816 0.98382 3.17474 1.1898 3.255172 1.107364 3.224816 1.140644 3.181872 1.257028 3.153816 1.140644 3.181872 1.11856 3.09176 3.18526 2.21468 3.498276 2.40304 3.295264 2.436736 3.295264 2.436736 3.501324 2.84572 3.278756 2.714116 2.900404 2.059572 3.238412 2.067688 3.095368 3.00616 2.70024 3.07024 2.744044 2.900168 2.524476 2.793244 2.70024 3.07024 2.417572 2.885204 3.278756 2.714116 3.095368 3.00616 3.025556 2.81474 3.327864 1.797988 2.74466 1.8049 2.877244 1.711128 3.426776 1.721176 2.877244 1.711128 2.997524 1.539144 2.900404 2.059572 2.863604 1.926764 3.327864 1.797988 2.863604 1.926764 2.74466 1.8049 3.426776 1.721176 2.997524 1.539144 3.320636 1.441052 3.320636 1.441052 2.997524 1.539144 3.093496 0.877248 2.469656 0.483608 2.908192 0.239744 2.208667 2.859456 2.226218 2.844222 2.111184 3.013848 2.130739 2.828499 2.108127 2.801725 2.151244 2.842163 2.310504 3.000188 2.216556 2.588244 2.417572 2.885204 2.469656 0.483608 2.759892 0.093072 2.908192 0.239744 1.933072 2.683868 2.111184 3.013848 2.187336 2.267532 2.07498 2.21932 2.006756 2.583092 2.42458 2.36102 2.5178 2.095856 2.288732 2.308648 2.288732 2.308648 2.187336 2.267532 2.216556 2.588244 2.625416 2.322736 2.56708 2.219928 2.42458 2.36102 2.7707 2.281976 2.56708 2.219928 2.625416 2.322736 2.78738 2.495888 2.7707 2.281976 2.625416 2.322736 3.021412 2.581508 3.05006 2.469144 2.78738 2.495888 3.149208 2.635324 3.021412 2.581508 2.948724 2.674748 3.025556 2.81474 2.948724 2.674748 2.80528 2.756712 2.744044 2.900168 2.80528 2.756712 2.639048 2.684924 2.639048 2.684924 2.515224 2.56596 2.524476 2.793244 2.515224 2.56596 2.42458 2.36102 2.371884 2.569044 2.371884 2.569044 2.42458 2.36102 2.216556 2.588244 2.187336 2.267532 2.10552 2.620876 2.216556 2.588244 2.187336 2.267532 2.006756 2.583092 2.10552 2.620876 1.960064 2.161616 1.933072 2.683868 2.006756 2.583092 2.469656 0.483608 2.283488 0.44384 2.169132 0.949648 1.257028 3.153816 1.1898 3.255172 1.140644 3.181872 3.18526 2.21468 3.295264 2.436736 3.046696 2.239952 3.295264 2.436736 3.278756 2.714116 3.152908 2.442636 2.900404 2.059572 3.18526 2.21468 3.046696 2.239952 2.744044 2.900168 2.524476 2.793244 3.025556 2.81474 3.095368 3.00616 2.744044 2.900168 2.371884 2.569044 2.524476 2.793244 2.417572 2.885204 3.278756 2.714116 3.025556 2.81474 3.149208 2.635324 2.74466 1.8049 2.372052 1.849864 2.877244 1.711128 2.877244 1.711128 2.53036 1.366552 2.997524 1.539144 2.900404 2.059572 2.5178 2.095856 2.863604 1.926764 2.863604 1.926764 2.44048 1.99652 2.74466 1.8049 2.997524 1.539144 2.53036 1.366552 3.093496 0.877248 3.093496 0.877248 2.40844 0.931836 2.469656 0.483608 2.006756 2.583092 2.090638 2.668266 2.111184 3.013848 2.090599 2.615168 2.091101 2.674443 2.103975 2.787995 2.108127 2.801725 3.278756 2.714116 3.204465 2.440499 3.152908 2.442636 3.221678 2.46457 3.290916 2.509797 3.278756 2.714116 3.347858 2.541124 3.290916 2.509797 3.501324 2.84572 3.501324 2.84572 3.499294 2.550823 3.347858 2.541124 3.5427 2.524047 3.798324 3.000744 3.548517 2.503122 3.499294 2.550823 3.501324 2.84572 2.216556 2.588244 2.158872 2.624346 2.143871 2.609605 2.198158 2.66574 2.202251 2.674075 2.262774 2.81546 2.310504 3.000188 2.229396 2.837621 2.226218 2.844222 2.371884 2.569044 2.417572 2.885204 2.216556 2.588244 2.469656 0.483608 2.283488 0.44384 2.759892 0.093072 2.111184 3.013848 1.933072 2.683868 2.006756 2.583092 2.42458 2.36102 2.288732 2.308648 2.216556 2.588244 2.625416 2.322736 2.42458 2.36102 2.560416 2.4123 2.78738 2.495888 2.625416 2.322736 2.560416 2.4123 3.021412 2.581508 2.78738 2.495888 2.948724 2.674748 2.948724 2.674748 2.78738 2.495888 2.80528 2.756712 2.80528 2.756712 2.78738 2.495888 2.639048 2.684924 2.78738 2.495888 2.515224 2.56596 2.639048 2.684924 2.515224 2.56596 2.42458 2.36102 3.046696 2.239952 3.295264 2.436736 3.152908 2.442636 3.152908 2.442636 3.278756 2.714116 3.149208 2.635324 2.900404 2.059572 3.046696 2.239952 2.782116 2.165724 2.639048 2.684924 2.744044 2.900168 2.524476 2.793244 3.025556 2.81474 2.744044 2.900168 2.515224 2.56596 2.524476 2.793244 2.371884 2.569044 3.149208 2.635324 3.025556 2.81474 2.948724 2.674748 2.877244 1.711128 2.349892 1.438748 2.53036 1.366552 2.340128 1.952552 2.372052 1.849864 2.74466 1.8049 2.44048 1.99652 2.863604 1.926764 2.900404 2.059572 2.782116 2.165724 2.5178 2.095856 2.44048 1.99652 2.340128 1.952552 2.74466 1.8049 2.53036 1.366552 2.40844 0.931836 3.093496 0.877248 2.40844 0.931836 2.169132 0.949648 2.469656 0.483608 2.187336 2.267532 2.090599 2.615168 2.006756 2.583092 2.108653 2.607344 2.900404 2.059572 2.990479 2.161345 3.003789 2.129698 3.046696 2.239952 3.051879 2.239007 3.01357 2.121192 3.059876 2.250386 3.051879 2.239007 3.046696 2.239952 3.152908 2.442636 3.059876 2.250386 3.046696 2.239952 3.204465 2.440499 3.152908 2.442636 3.149208 2.635324 3.278756 2.714116 3.501324 2.84572 3.548517 2.503122 3.802024 2.29422 3.627804 2.356636 3.798324 3.000744 3.798324 3.000744 3.501324 2.84572 3.177596 3.217176 3.256078 2.090485 3.802024 2.29422 3.238412 2.067688 3.627804 2.356636 3.256078 2.090485 3.238412 2.067688 3.235554 2.075591 3.235554 2.075591 3.238412 2.067688 3.1159 2.064746 2.863604 1.926764 3.071191 2.062797 3.238412 2.067688 2.900404 2.059572 3.069861 2.063641 3.1159 2.064746 2.187336 2.267532 2.114075 2.60678 2.108653 2.607344 2.143234 2.609252 2.216556 2.588244 2.143871 2.609605 2.42458 2.36102 2.371884 2.569044 2.216556 2.588244 2.169132 0.949648 2.283488 0.44384 2.469656 0.483608 1.960064 2.161616 2.006756 2.583092 1.933072 2.683868 2.78738 2.495888 2.560416 2.4123 2.515224 2.56596 3.046696 2.239952 3.152908 2.442636 2.970804 2.300048 3.152908 2.442636 3.149208 2.635324 3.05006 2.469144 3.046696 2.239952 2.970804 2.300048 2.782116 2.165724 2.524476 2.793244 2.515224 2.56596 2.80528 2.756712 2.744044 2.900168 2.639048 2.684924 2.948724 2.674748 3.025556 2.81474 2.80528 2.756712 2.42458 2.36102 2.515224 2.56596 2.371884 2.569044 3.149208 2.635324 2.948724 2.674748 3.021412 2.581508 2.53036 1.366552 2.349892 1.438748 2.169132 0.949648 2.340128 1.952552 1.960064 2.161616 2.372052 1.849864 2.5178 2.095856 2.187336 2.267532 2.44048 1.99652 2.782116 2.165724 2.56708 2.219928 2.5178 2.095856 2.187336 2.267532 2.340128 1.952552 2.44048 1.99652 2.53036 1.366552 2.169132 0.949648 2.40844 0.931836 2.187336 2.267532 2.006756 2.583092 2.07498 2.21932 3.069861 2.063641 2.900404 2.059572 3.01357 2.121192 2.900404 2.059572 2.782116 2.165724 3.046696 2.239952 3.152908 2.442636 2.970804 2.300048 3.149208 2.635324 3.025556 2.81474 3.152908 2.442636 3.05006 2.469144 3.149208 2.635324 3.278756 2.714116 3.025556 2.81474 3.095368 3.00616 3.501324 2.84572 3.095368 3.00616 3.177596 3.217176 3.979508 3.099956 3.802024 2.29422 3.798324 3.000744 3.798324 3.000744 3.2833 3.560852 3.802024 2.29422 3.327864 1.797988 3.238412 2.067688 3.238412 2.067688 3.327864 1.797988 2.863604 1.926764 2.900404 2.059572 2.863604 1.926764 2.5178 2.095856 2.288732 2.308648 2.216556 2.588244 2.187336 2.267532 2.42458 2.36102 2.216556 2.588244 2.288732 2.308648 2.07498 2.21932 1.960064 2.161616 3.152908 2.442636 3.05006 2.469144 2.970804 2.300048 3.05006 2.469144 3.149208 2.635324 3.021412 2.581508 2.7707 2.281976 2.78738 2.495888 2.639048 2.684924 2.515224 2.56596 2.78738 2.495888 2.80528 2.756712 2.639048 2.684924 2.78738 2.495888 2.948724 2.674748 2.80528 2.756712 2.560416 2.4123 2.42458 2.36102 3.021412 2.581508 2.948724 2.674748 2.78738 2.495888 2.07498 2.21932 1.960064 2.161616 2.340128 1.952552 2.288732 2.308648 2.187336 2.267532 2.5178 2.095856 2.782116 2.165724 2.7707 2.281976 2.56708 2.219928 2.5178 2.095856 2.56708 2.219928 2.42458 2.36102 2.187336 2.267532 2.07498 2.21932 2.340128 1.952552 3.046696 2.239952 2.782116 2.165724 2.970804 2.300048 2.900404 2.059572 2.5178 2.095856 2.782116 2.165724 3.152908 2.442636 2.970804 2.300048 3.05006 2.469144 3.149208 2.635324 2.948724 2.674748 3.025556 2.81474 3.05006 2.469144 3.021412 2.581508 3.149208 2.635324 3.025556 2.81474 2.744044 2.900168 3.095368 3.00616 3.095368 3.00616 2.70024 3.07024 3.177596 3.217176 3.979508 3.099956 3.798324 3.000744 3.2833 3.560852 3.979508 3.099956 3.946452 2.230344 3.802024 2.29422 3.2833 3.560852 3.177596 3.217176 2.646336 3.30336 3.946452 2.230344 3.327864 1.797988 3.802024 2.29422 3.327864 1.797988 2.74466 1.8049 2.863604 1.926764 2.863604 1.926764 2.44048 1.99652 2.5178 2.095856 2.5178 2.095856 2.42458 2.36102 2.288732 2.308648 2.970804 2.300048 3.05006 2.469144 2.78738 2.495888 3.05006 2.469144 3.021412 2.581508 2.78738 2.495888 2.970804 2.300048 2.78738 2.495888 2.7707 2.281976 2.78738 2.495888 2.515224 2.56596 2.560416 2.4123 2.625416 2.322736 2.560416 2.4123 2.42458 2.36102 2.7707 2.281976 2.625416 2.322736 2.56708 2.219928 2.56708 2.219928 2.625416 2.322736 2.42458 2.36102 2.970804 2.300048 2.782116 2.165724 2.7707 2.281976 2.782116 2.165724 2.5178 2.095856 2.56708 2.219928 2.970804 2.300048 2.78738 2.495888 3.05006 2.469144 3.149208 2.635324 3.021412 2.581508 2.948724 2.674748 2.948724 2.674748 2.80528 2.756712 3.025556 2.81474 3.05006 2.469144 2.78738 2.495888 3.021412 2.581508 3.025556 2.81474 2.80528 2.756712 2.744044 2.900168 3.095368 3.00616 2.744044 2.900168 2.70024 3.07024 3.177596 3.217176 2.70024 3.07024 2.646336 3.30336 3.979508 3.099956 3.2833 3.560852 3.813752 1.349296 3.979508 0.818076 3.854488 0.819024 3.2833 3.560852 2.646336 3.30336 2.505852 3.546816 3.946452 2.230344 3.426776 1.721176 3.327864 1.797988 3.327864 1.797988 2.877244 1.711128 2.74466 1.8049 2.74466 1.8049 2.44048 1.99652 2.863604 1.926764 2.44048 1.99652 2.187336 2.267532 2.5178 2.095856 2.7707 2.281976 2.78738 2.495888 2.625416 2.322736 2.625416 2.322736 2.78738 2.495888 2.560416 2.4123 2.970804 2.300048 2.7707 2.281976 2.78738 2.495888 2.782116 2.165724 2.56708 2.219928 2.7707 2.281976 2.5178 2.095856 2.42458 2.36102 2.56708 2.219928 3.021412 2.581508 2.78738 2.495888 2.78738 2.495888 2.80528 2.756712 2.948724 2.674748 2.80528 2.756712 2.639048 2.684924 2.744044 2.900168 2.524476 2.793244 2.70024 3.07024 2.70024 3.07024 2.417572 2.885204 2.646336 3.30336 3.979508 0.818076 3.737164 0.31228 3.854488 0.819024 3.32072 3.749856 3.2833 3.560852 2.505852 3.546816 3.813752 1.349296 3.854488 0.819024 3.625172 1.291032 2.646336 3.30336 2.310504 3.000188 2.505852 3.546816 3.327864 1.797988 3.426776 1.721176 2.877244 1.711128 3.426776 1.721176 3.813752 1.349296 3.625172 1.291032 2.877244 1.711128 2.372052 1.849864 2.74466 1.8049 2.74466 1.8049 2.340128 1.952552 2.44048 1.99652 2.340128 1.952552 2.187336 2.267532 2.44048 1.99652 2.5178 2.095856 2.187336 2.267532 2.288732 2.308648 2.7707 2.281976 2.78738 2.495888 2.7707 2.281976 2.56708 2.219928 2.625416 2.322736 2.5178 2.095856 2.288732 2.308648 2.42458 2.36102 2.56708 2.219928 2.42458 2.36102 2.625416 2.322736 2.78738 2.495888 2.639048 2.684924 2.80528 2.756712 2.639048 2.684924 2.524476 2.793244 2.744044 2.900168 2.524476 2.793244 2.417572 2.885204 2.70024 3.07024 2.417572 2.885204 2.310504 3.000188 2.646336 3.30336 3.854488 0.819024 3.737164 0.31228 3.561212 0.386772 3.32072 3.749856 2.505852 3.546816 2.5104 3.695672 3.625172 1.291032 3.854488 0.819024 3.093496 0.877248 2.505852 3.546816 2.310504 3.000188 2.111184 3.013848 3.426776 1.721176 2.997524 1.539144 2.877244 1.711128 3.426776 1.721176 3.625172 1.291032 3.320636 1.441052 2.877244 1.711128 2.53036 1.366552 2.349892 1.438748 2.74466 1.8049 2.372052 1.849864 2.340128 1.952552 2.340128 1.952552 2.07498 2.21932 2.187336 2.267532 2.288732 2.308648 2.187336 2.267532 2.216556 2.588244 2.78738 2.495888 2.625416 2.322736 2.560416 2.4123 2.42458 2.36102 2.288732 2.308648 2.216556 2.588244 2.625416 2.322736 2.42458 2.36102 2.560416 2.4123 2.78738 2.495888 2.515224 2.56596 2.639048 2.684924 2.639048 2.684924 2.515224 2.56596 2.524476 2.793244 2.371884 2.569044 2.417572 2.885204 2.524476 2.793244 2.417572 2.885204 2.216556 2.588244 2.310504 3.000188 3.854488 0.819024 3.561212 0.386772 3.093496 0.877248 3.737164 0.31228 3.302732 -1.44329e-15 3.561212 0.386772 2.5104 3.695672 2.505852 3.546816 2.116352 3.200368 3.320636 1.441052 3.625172 1.291032 3.093496 0.877248 2.505852 3.546816 2.111184 3.013848 2.116352 3.200368 2.310504 3.000188 2.10552 2.620876 2.111184 3.013848 3.426776 1.721176 3.320636 1.441052 2.997524 1.539144 2.877244 1.711128 2.997524 1.539144 2.53036 1.366552 2.349892 1.438748 2.53036 1.366552 2.169132 0.949648 2.372052 1.849864 1.960064 2.161616 2.340128 1.952552 2.340128 1.952552 1.960064 2.161616 2.07498 2.21932 2.07498 2.21932 2.006756 2.583092 2.187336 2.267532 2.10552 2.620876 2.216556 2.588244 2.560416 2.4123 2.515224 2.56596 2.42458 2.36102 2.216556 2.588244 2.371884 2.569044 2.560416 2.4123 2.42458 2.36102 2.515224 2.56596 2.515224 2.56596 2.371884 2.569044 2.524476 2.793244 2.371884 2.569044 2.216556 2.588244 2.216556 2.588244 2.10552 2.620876 2.310504 3.000188 3.093496 0.877248 3.561212 0.386772 3.240216 0.287588 3.561212 0.386772 3.302732 7.771561e-16 3.240216 0.287588 2.908192 0.239744 3.302732 2.88658e-15 2.759892 0.093072 3.320636 1.441052 3.093496 0.877248 2.997524 1.539144 2.111184 3.013848 1.933072 2.683868 2.111184 3.013848 2.10552 2.620876 2.006756 2.583092 2.997524 1.539144 3.093496 0.877248 2.53036 1.366552 2.53036 1.366552 2.40844 0.931836 2.169132 0.949648 1.960064 2.161616 2.006756 2.583092 2.07498 2.21932 2.187336 2.267532 2.006756 2.583092 2.10552 2.620876 2.42458 2.36102 2.371884 2.569044 2.515224 2.56596 3.093496 0.877248 3.240216 0.287588 2.908192 0.239744 3.302732 2.331468e-15 2.908192 0.239744 2.469656 0.483608 2.908192 0.239744 2.759892 0.093072 2.111184 3.013848 2.006756 2.583092 1.933072 2.683868 2.469656 0.483608 2.759892 0.093072 2.283488 0.44384 2.53036 1.366552 3.093496 0.877248 2.40844 0.931836 2.40844 0.931836 2.469656 0.483608 2.169132 0.949648 1.933072 2.683868 2.006756 2.583092 1.960064 2.161616 3.093496 0.877248 2.908192 0.239744 2.469656 0.483608 2.169132 0.949648 2.469656 0.483608 2.283488 0.44384 3.093496 0.877248 2.469656 0.483608 2.40844 0.931836</float_array>
                    <technique_common>
                        <accessor count="2687" source="#ID25" stride="2">
                            <param name="S" type="float" />
                            <param name="T" type="float" />
                        </accessor>
                    </technique_common>
                </source>
                <vertices id="ID15">
                    <input semantic="POSITION" source="#ID12" />
                    <input semantic="NORMAL" source="#ID13" />
                </vertices>
                <triangles count="1036" material="Material2">
                    <input offset="0" semantic="VERTEX" source="#ID15" />
                    <input offset="1" semantic="TEXCOORD" source="#ID16" />
                    <p>0 0 1 1 2 2 0 3 9 4 1 5 12 6 13 7 14 8 13 7 12 6 15 9 15 9 12 6 16 10 16 10 12 6 17 11 27 12 28 13 29 14 28 13 27 12 30 15 2 16 37 17 0 18 37 17 2 16 38 19 0 20 42 21 9 4 29 22 44 23 45 24 44 23 29 22 28 25 12 26 49 27 17 28 49 27 12 26 50 29 54 30 55 31 56 32 55 31 54 30 57 33 57 33 54 30 58 34 58 34 54 30 14 35 56 32 55 31 59 36 68 37 14 38 54 39 14 38 68 37 69 40 14 38 69 40 12 41 27 42 74 43 30 44 74 43 27 42 75 45 75 45 27 42 76 46 27 47 29 48 81 49 0 18 84 50 85 51 84 50 0 18 37 52 84 50 37 52 86 53 42 54 92 55 93 56 92 55 42 54 94 57 94 57 42 54 95 58 95 58 42 54 0 59 95 58 0 59 85 60 44 61 104 62 45 63 104 62 44 61 105 64 105 64 44 61 106 65 106 65 44 61 93 66 93 66 44 61 42 67 29 68 45 69 113 70 116 71 50 72 12 73 50 72 116 71 117 74 121 75 56 76 59 77 56 76 121 75 122 78 56 76 122 78 123 79 128 80 54 81 56 82 12 83 69 84 131 85 134 86 54 87 135 88 54 87 134 86 68 89 69 90 68 91 140 92 76 93 142 94 75 95 142 94 76 93 143 96 146 97 76 98 27 99 29 100 113 101 81 102 27 103 81 104 149 105 84 106 152 107 85 108 152 107 84 106 153 109 152 107 153 109 154 110 85 111 160 112 95 113 163 114 164 115 165 116 164 115 163 114 166 117 166 117 163 114 94 118 166 117 94 118 95 119 174 120 175 121 176 122 175 121 174 120 177 123 175 121 177 123 178 124 186 125 176 126 187 127 176 126 186 125 174 128 190 129 176 130 191 131 176 130 190 129 187 132 195 133 196 134 197 135 196 134 195 133 190 136 196 134 190 136 191 137 203 138 204 139 205 140 204 139 203 138 45 141 204 139 45 141 206 142 206 142 45 141 207 143 207 143 45 141 208 144 208 144 45 141 209 145 209 145 45 141 104 146 45 147 223 148 113 149 226 150 12 151 131 152 12 151 226 150 116 153 228 154 229 155 230 156 229 155 123 157 122 158 123 157 229 155 228 154 235 159 56 160 123 161 128 162 56 163 235 164 128 165 238 166 54 167 131 168 140 169 241 170 140 169 131 168 69 171 134 172 135 173 244 174 54 175 246 176 135 177 249 178 250 179 251 180 250 179 249 178 252 181 250 179 252 181 143 182 250 179 143 182 76 183 258 184 76 185 146 186 27 187 149 188 146 97 81 189 113 190 149 191 261 192 226 193 131 194 226 193 261 192 262 195 85 196 266 197 267 198 266 197 85 196 152 199 266 197 152 199 268 200 268 200 152 199 269 201 268 200 269 201 270 202 85 203 267 204 160 205 280 206 131 207 241 208 131 207 280 206 281 209 281 209 280 206 282 210 281 209 282 210 283 211 288 212 244 213 135 214 244 213 288 212 289 215 289 215 288 212 290 216 290 216 288 212 291 217 288 212 292 218 291 217 166 219 299 220 164 221 299 220 166 219 300 222 164 223 304 224 165 225 304 224 305 226 306 227 305 226 304 224 164 223 313 228 175 229 178 230 175 229 313 228 314 231 175 229 314 231 315 232 175 233 320 234 176 235 176 236 323 237 191 238 326 239 196 240 327 241 196 240 326 239 197 242 191 243 331 244 196 245 334 246 326 247 327 248 326 247 334 246 335 249 339 250 335 251 334 252 341 253 339 254 334 255 343 256 344 257 345 258 344 257 343 256 346 259 344 257 334 260 345 258 334 260 344 257 341 261 205 262 305 263 203 264 305 263 205 262 354 265 305 263 354 265 355 266 305 263 355 266 306 267 45 24 203 268 223 269 113 270 223 271 359 272 228 273 230 274 362 275 364 276 123 277 228 278 123 277 367 279 235 280 370 281 128 282 235 283 373 284 238 285 128 286 376 287 54 288 238 289 135 290 246 291 379 292 376 293 246 294 54 295 299 296 382 297 250 298 382 297 299 296 383 299 383 299 299 296 300 300 383 299 300 300 384 301 250 298 382 297 385 302 250 298 385 302 251 303 390 304 391 305 392 306 391 305 390 304 228 307 228 307 362 308 391 305 397 309 250 310 76 311 258 312 397 313 76 314 258 315 146 316 400 317 146 318 149 319 403 320 149 321 113 322 403 323 261 324 131 325 406 326 408 327 406 328 131 329 281 330 408 331 131 332 292 333 410 334 411 335 410 334 292 333 288 336 379 337 288 338 135 339 299 340 415 341 164 342 343 343 418 344 419 345 418 344 343 343 315 346 418 344 315 346 314 347 422 348 305 349 164 350 425 351 175 352 315 353 428 354 320 355 175 356 176 357 320 358 431 359 176 360 431 361 323 362 323 363 434 364 191 365 437 366 327 367 196 368 331 369 437 370 196 371 434 372 331 373 191 374 334 375 327 376 440 377 343 378 419 379 346 380 334 381 440 382 345 383 343 384 345 385 443 386 305 387 446 388 203 389 223 390 449 391 450 392 449 391 223 390 451 393 451 393 223 390 203 394 359 395 458 396 459 397 458 396 359 395 450 398 450 398 359 395 223 399 113 400 359 401 464 402 364 403 367 404 123 405 364 406 228 407 390 408 367 409 467 410 235 411 373 412 128 413 370 414 467 415 370 416 235 417 373 418 376 419 238 420 379 421 246 422 470 423 470 424 246 425 376 426 411 427 473 428 474 429 473 428 411 427 410 430 473 431 392 432 474 433 392 432 473 431 390 434 250 435 478 436 299 437 397 438 481 439 250 440 397 441 258 442 484 443 146 444 403 282 400 445 487 446 258 447 400 448 403 449 113 418 490 450 493 451 410 452 288 453 493 454 288 455 379 456 422 457 164 342 415 458 299 459 496 460 415 461 499 462 315 463 343 464 422 465 502 466 305 467 428 468 175 233 425 469 505 470 425 471 315 472 428 473 508 474 320 475 320 476 511 477 431 478 323 479 431 480 514 481 517 482 434 483 323 484 437 485 520 486 327 487 434 488 437 489 331 490 327 491 520 492 440 493 345 494 440 495 523 496 443 497 345 498 526 499 343 500 443 386 499 501 502 502 446 503 305 504 203 505 529 506 451 507 529 506 203 505 530 508 530 508 203 505 446 509 530 508 446 509 531 510 538 511 539 512 540 513 539 512 538 511 541 514 542 515 539 512 541 514 550 516 538 517 540 518 538 517 550 516 551 519 551 519 550 516 552 520 557 521 552 522 550 523 552 522 557 521 558 524 464 525 562 526 563 527 562 526 464 525 459 528 459 528 464 525 359 529 113 530 464 531 567 532 570 533 367 534 364 535 573 536 364 537 390 538 367 539 576 540 467 541 579 542 373 543 370 544 467 545 579 546 370 547 582 548 376 549 373 550 585 551 379 552 470 424 582 553 470 554 376 555 588 556 473 557 410 558 588 559 390 560 473 561 250 562 481 563 478 564 478 565 496 566 299 567 397 568 591 569 481 570 484 571 258 572 487 573 397 574 484 575 591 576 400 577 403 578 594 579 487 580 400 581 594 582 403 583 490 584 594 585 113 586 567 549 490 587 597 588 410 589 493 590 493 591 379 592 585 593 600 594 422 595 415 596 496 597 603 598 415 599 505 600 315 601 499 602 606 603 502 604 422 605 609 606 428 607 425 608 609 609 425 610 505 611 320 612 508 613 511 614 508 615 428 616 612 617 431 618 511 619 615 620 514 621 517 622 323 623 431 624 615 625 514 626 517 627 437 628 434 629 437 630 618 631 520 632 520 633 621 634 440 635 345 636 523 637 526 638 440 639 621 640 523 641 443 642 526 643 624 644 627 645 499 646 443 647 502 648 630 649 446 650 446 651 633 652 531 653 633 652 446 651 634 654 633 652 634 654 635 655 642 656 643 657 644 658 643 657 642 656 645 659 645 659 646 660 643 657 542 661 645 662 539 663 645 662 542 661 646 664 539 665 654 666 540 667 540 668 657 669 550 670 660 671 661 672 550 673 661 672 660 671 662 674 550 673 661 672 557 675 661 672 662 674 663 676 464 677 635 678 634 679 635 678 464 677 671 680 671 680 464 677 672 681 672 681 464 677 563 682 567 683 464 684 634 685 570 686 676 687 367 688 573 689 570 690 364 691 573 692 390 693 679 694 676 695 576 696 367 697 576 698 682 699 467 700 682 701 373 702 579 703 682 704 579 705 467 706 685 707 582 708 373 709 585 710 470 711 688 712 688 713 470 714 582 715 691 716 588 717 410 718 694 719 390 720 588 721 478 565 481 722 697 723 478 724 697 725 496 726 481 727 591 576 700 728 703 729 484 730 487 731 484 732 703 733 591 734 487 735 594 736 706 737 490 584 567 738 594 739 597 740 691 741 410 742 709 743 597 744 493 745 493 746 585 747 709 748 415 749 603 750 600 751 600 752 606 753 422 754 496 755 712 756 603 757 715 758 505 759 499 760 718 761 502 762 606 763 428 764 609 765 612 766 721 767 609 768 505 769 508 770 724 771 511 772 508 773 612 774 727 775 511 776 724 777 615 778 514 779 730 780 517 781 514 782 615 783 730 784 517 785 733 786 437 787 618 788 621 789 520 790 437 791 736 792 618 793 739 794 526 795 523 796 523 797 621 798 742 799 624 800 627 801 443 802 624 803 526 804 745 805 715 806 499 807 627 808 748 809 446 810 630 811 718 812 630 746 502 813 644 814 662 815 642 816 662 815 644 814 751 817 752 818 662 815 751 817 748 819 634 820 446 821 755 822 645 823 642 824 645 825 758 826 539 827 539 828 761 829 654 830 540 831 654 832 764 833 540 834 764 835 657 836 657 837 767 838 550 839 752 840 663 841 662 842 550 843 767 844 660 845 662 846 660 845 770 847 567 848 634 849 773 850 776 851 676 852 570 853 779 854 570 855 573 856 679 857 390 858 694 859 782 860 573 861 679 862 676 863 785 864 576 865 788 866 682 867 576 868 788 869 373 870 682 871 688 872 582 873 685 874 791 875 685 876 373 877 794 878 585 879 688 880 797 881 588 882 691 883 800 884 694 885 588 886 481 887 700 888 697 889 496 890 697 891 712 892 700 893 591 894 803 895 703 896 487 897 706 898 591 899 703 900 806 901 706 902 594 903 809 904 594 905 567 906 773 907 812 908 691 909 597 910 815 911 597 912 709 913 818 914 709 915 585 916 603 917 821 918 600 919 600 920 824 921 606 922 712 923 827 924 603 925 721 926 505 927 715 928 830 929 718 930 606 931 612 932 609 933 833 934 833 935 609 936 721 937 508 938 836 939 724 940 727 941 612 942 839 943 508 944 727 945 842 946 615 947 724 948 845 949 730 950 733 951 517 952 615 953 845 954 730 955 733 956 848 957 437 958 736 959 621 960 618 961 848 962 736 963 437 964 851 965 523 966 852 967 523 966 851 965 739 968 745 969 526 970 739 971 742 972 621 973 736 974 857 975 523 976 742 977 523 976 857 975 858 978 523 976 858 978 859 979 523 976 859 979 852 980 866 981 627 982 624 983 869 984 624 985 745 986 872 987 715 988 627 989 875 990 748 991 630 992 878 993 630 994 718 995 662 996 881 997 642 998 773 999 634 1000 748 1001 884 1002 755 1003 642 1004 645 463 755 1005 887 1006 758 1007 761 1008 539 500 758 1009 645 1010 887 1011 761 1012 890 1013 654 1014 654 1015 893 1016 764 382 657 1017 764 1018 896 1019 657 1020 899 1021 767 1022 767 1023 902 1024 660 1025 662 1026 770 1027 905 1028 660 1029 908 1030 770 1031 776 1032 911 1033 676 1034 779 1035 776 1036 570 1037 782 1038 779 1039 573 1040 914 1041 679 1042 694 1043 782 1044 679 1045 917 1046 911 1047 785 1048 676 1049 785 1050 788 1051 576 1052 788 1053 791 1054 373 1055 791 1056 688 1057 685 1058 818 1059 585 1060 794 1061 794 1062 688 1063 791 1064 812 1065 797 1066 691 1067 797 1068 920 1069 588 1070 914 1071 694 1072 800 1073 920 1074 800 1075 588 1076 697 1077 700 1078 923 1079 697 1080 923 1081 712 1082 591 434 926 1083 803 1084 700 1085 803 1086 929 1087 703 1088 706 1089 809 1090 591 1091 806 1092 926 1093 806 1094 703 1095 878 1096 809 1097 594 1098 773 1099 815 1100 812 1101 597 1102 815 1103 709 1104 932 1105 932 1106 709 1107 818 1108 603 1109 827 1110 821 1111 821 1112 824 1113 600 1114 824 1115 830 1116 606 1117 712 1118 935 1119 827 1120 721 1121 715 1122 938 1123 941 1124 718 1125 830 1126 612 1127 833 1128 839 1129 833 1130 721 1131 944 1132 508 1133 842 1134 836 1135 836 1136 947 1137 724 1138 727 1139 839 1140 950 1141 727 1142 950 1143 842 1144 724 1145 953 1146 845 1147 730 1148 848 1149 733 1150 845 1151 953 1146 730 1152 848 1153 742 1154 736 1155 956 1156 957 1157 958 1158 957 1157 956 1156 959 1159 959 1159 956 1156 960 1160 960 1160 956 1156 961 1161 971 1162 972 1163 973 1164 972 1163 739 1165 851 1166 739 1165 972 1163 971 1162 745 1167 739 1168 947 1169 979 1170 980 1171 981 1172 980 1171 979 1170 982 1173 982 1173 979 1170 983 1174 979 1170 857 1175 742 1176 857 1175 979 1170 981 1172 994 1177 995 1178 996 1179 995 1178 994 1177 997 1180 995 1178 997 1180 998 1181 956 1182 994 1183 996 1184 994 1183 956 1182 958 1185 869 1186 866 1187 624 1188 866 1189 872 1190 627 1191 1006 1192 869 1193 745 1194 938 1195 715 1196 872 1197 878 1198 875 1199 630 1200 809 1201 748 1202 875 1203 941 1204 878 1205 718 1206 881 1207 662 1208 905 1209 884 1210 642 1211 881 1212 809 1213 773 1214 748 1215 755 1216 884 1217 1009 1218 887 1219 755 1220 1009 1221 758 646 1012 1222 761 1223 758 1224 887 927 1015 1225 1018 1226 890 643 761 1227 890 638 893 1228 654 1229 893 1230 1021 1231 764 1232 657 1233 896 1234 899 1235 764 1236 1021 1237 896 1238 767 1239 899 1240 902 1241 660 1242 902 1243 908 1244 905 1245 770 479 1024 1246 908 1247 1027 1248 770 1249 1030 1250 911 1251 776 1252 1033 1253 776 1254 779 1255 782 1256 1033 1257 779 1258 917 1259 679 1260 914 1261 1036 1262 782 1263 917 1264 911 1265 818 1266 785 1267 785 1268 794 1269 788 1270 794 1271 791 1272 788 147 785 1273 818 1274 794 1275 1039 1276 797 1277 812 1278 1042 1279 920 1280 797 1281 1042 1282 914 1283 800 1284 1042 1285 800 1286 920 1287 700 1288 929 1289 923 1290 712 1291 923 1292 935 1293 803 1294 926 1295 1045 1296 929 1297 803 1298 1045 1299 703 896 809 1300 875 1301 926 1302 806 1303 878 1304 703 1305 875 1306 878 1307 815 1308 1048 1309 812 1310 932 1311 1051 1312 815 1313 911 1314 932 1315 818 1316 827 1317 1054 1318 821 1319 821 1320 1057 1321 824 1322 1060 1323 830 1324 824 1325 827 1326 935 1327 1063 1328 944 1329 721 1330 938 1331 1066 1332 941 1333 830 1334 839 1335 833 1336 1069 1337 833 1338 944 1339 1069 1340 836 1341 842 1342 947 1343 947 1344 971 1345 724 1346 950 1347 839 1348 1069 1349 842 1350 950 1351 1072 1352 724 1353 971 1354 953 1355 730 1356 979 1357 848 1358 953 1359 979 1360 730 1361 979 1362 742 1363 848 1364 1075 1365 1076 1366 1077 1367 1076 1366 1075 1365 1078 1368 1076 1366 1078 1368 1079 1369 1076 1366 1079 1369 960 1370 1076 1366 960 1370 961 1371 1087 1372 961 1373 956 830 953 1374 973 1375 1090 1376 973 1375 953 1374 971 1377 947 1378 739 1379 971 1380 947 1381 1006 1382 745 1383 953 1384 983 1385 979 1386 983 1385 953 1384 1090 1387 1092 1388 1076 1389 1093 1390 1076 1389 1092 1388 1077 1391 998 1392 1093 1393 995 1394 1093 1393 998 1392 1092 1395 995 1396 1097 1397 996 1398 956 1399 996 1400 1100 1401 1103 1402 866 1403 869 1404 1106 1405 872 1406 866 1407 1006 1408 1109 1409 869 1410 1112 1411 938 1412 872 1413 926 1414 878 1415 941 1416 881 1417 905 1418 1115 1419 884 1420 881 1421 1118 1422 1009 1423 884 1424 1121 1425 887 1426 1009 1427 1124 1428 758 1429 1015 1430 1012 1431 761 1432 1012 645 1018 1433 1015 758 887 1434 1124 1435 1018 1436 1127 1437 890 1438 1130 1439 893 1440 890 1441 893 1442 1133 1443 1021 1444 896 1445 1136 1446 899 1447 896 1448 1021 1449 1136 1450 902 1451 899 1452 908 1453 770 1454 1027 1455 1024 1456 1139 1457 905 1458 1024 1459 899 1460 1027 1461 908 1462 911 1463 1030 1464 932 1465 1033 1466 1030 1467 776 1468 1033 1469 782 1470 1036 1471 1042 1472 917 1473 914 1474 1036 1475 917 1476 1142 1477 1039 1478 1042 1479 797 1480 1048 1481 1039 1482 812 1483 923 1484 929 1485 1145 1486 923 1487 1145 1488 935 1489 1045 1490 926 1491 1148 1492 929 1493 1045 1284 1145 1494 1051 1495 1048 1496 815 1497 1030 1498 1051 1499 932 1500 827 1501 1063 1502 1054 1503 1054 1504 1057 1505 821 1506 1057 1507 1060 1508 824 1509 1066 1510 830 1511 1060 1512 935 1513 1145 1514 1063 1515 944 1516 938 1517 1151 1518 926 1519 941 1520 1066 1521 1069 1522 944 1523 1151 1524 842 1525 1006 1526 947 1527 950 1528 1069 1529 1072 1530 842 1531 1072 1532 1109 1533 1076 1534 961 1535 1154 825 1087 1536 956 1537 1157 1538 1087 1539 1160 1540 961 1541 1093 1542 1076 1543 1163 1544 1093 1545 1166 1546 995 1547 995 1548 1169 1549 1097 1550 996 1551 1097 1552 1172 1553 1157 1554 956 1555 1100 1556 1100 641 996 1557 1172 1558 1109 1559 1103 1560 869 1561 1103 1562 1106 1563 866 1564 1112 1565 872 1566 1106 1567 842 1568 1109 1569 1006 1570 1151 1571 938 1572 1112 1573 1115 1574 905 1575 1139 1576 1118 1133 881 1577 1115 1578 884 1579 1118 1580 1121 1581 1009 1582 1121 1583 1175 1584 1124 1585 1009 1586 1175 1587 1015 1588 1178 1589 1012 1590 1012 1591 1181 1592 1018 1593 1015 1594 1124 1595 1184 1596 1018 1597 1187 1598 1127 1599 1127 1600 1130 1601 890 1602 1130 1603 1190 1604 893 1605 893 1606 1190 1607 1133 1608 1021 1609 1133 1610 1193 1611 1136 1612 1193 1613 899 1021 1021 1614 1193 1615 1136 1616 1027 1248 1196 1617 1024 1618 1024 1619 1196 1620 1139 1621 899 1622 1199 1623 1027 1624 1202 1625 1030 1626 1033 1627 1202 1628 1033 1629 1036 1630 1142 1631 917 1632 1042 1633 1205 1634 1036 1635 1142 1636 1208 1637 1042 1638 1039 1639 1048 1640 1208 1641 1039 1642 1045 1643 1148 1644 1145 1645 1148 1646 926 1647 1066 1648 1051 1649 1211 1650 1048 1651 1051 1652 1030 458 1202 1653 1063 1654 1145 1655 1054 1656 1054 1657 1145 1658 1057 1659 1145 1660 1060 1661 1057 1662 1145 1663 1066 1664 1060 1665 1069 1666 1151 1667 1112 1668 1072 1669 1069 1670 1109 1671 961 1672 1160 1673 1154 1674 1076 1675 1154 1676 1214 1677 1087 1678 1157 1679 1217 1680 1160 1681 1087 1682 1220 1683 1093 1684 1163 1685 1223 1686 1163 1687 1076 1688 1214 1689 1223 1690 1166 1691 1093 1692 1166 1693 1169 1694 995 1695 1169 1696 1226 1697 1097 1698 1097 1699 1226 788 1172 1700 1100 976 1229 1701 1157 1702 1172 1703 1232 1704 1100 797 1109 1705 1069 1706 1103 1707 1069 1708 1106 1709 1103 1710 1069 1711 1112 1712 1106 1713 1115 1714 1139 1715 1235 1716 1115 1717 1235 1718 1118 1719 1121 1720 1118 474 1238 1721 1175 1722 1121 1723 1241 1724 1124 1725 1175 1726 1244 1727 1015 1728 1184 1729 1178 1730 1012 1731 1178 1732 1181 1733 1018 1734 1181 1735 1187 1736 1184 1737 1124 1738 1244 1739 1187 1740 1247 1741 1127 1742 1127 1743 1250 1744 1130 1745 1130 1746 1253 1747 1190 1748 1190 1749 1256 1750 1133 1751 1193 1752 1133 1753 1259 1754 899 1755 1193 1756 1259 1757 1027 1758 1199 1759 1196 1760 1139 1761 1196 1762 1262 1763 899 1764 1259 1765 1199 1766 1202 1767 1036 1768 1205 1769 1265 1770 1142 1771 1042 1772 1205 1773 1142 1774 1265 1775 1268 1776 1042 1777 1208 1778 1211 1779 1208 1780 1048 1781 1145 1782 1148 1783 1066 1784 1051 1785 1202 1786 1211 1787 1154 1788 1160 1789 1271 1790 1154 1791 1274 1792 1214 1793 1220 1794 1087 1795 1217 1796 1157 1797 1277 1798 1217 1799 1160 1800 1220 1801 1280 1802 1223 1803 1163 1804 1283 1805 1163 1806 1214 1807 1286 1808 1223 1809 1289 1810 1166 1811 1289 1812 1169 1813 1166 1814 1169 1815 1292 1816 1226 1817 1226 1818 1292 1819 1172 1820 1100 1821 1295 1822 1229 968 1157 1823 1229 1824 1277 1825 1292 1826 1232 1827 1172 1828 1100 1829 1232 1830 1295 1831 1139 1832 1262 1833 1235 1834 1118 1835 1235 1836 1298 1837 1238 1838 1118 1839 1301 1840 1241 1841 1121 1842 1238 1843 1175 1844 1241 1845 1304 1846 1244 1847 1175 934 1304 1848 1184 1849 1307 1850 1178 1851 1178 1852 1310 1853 1181 1854 1181 1855 1313 1856 1187 1857 1184 1858 1244 1859 1316 1860 1187 1861 1319 1862 1247 1863 1127 1864 1247 1865 1250 1866 1250 1867 1253 1868 1130 1869 1253 1870 1322 1871 1190 1872 1322 1873 1256 1874 1190 1875 1133 1876 1256 1877 1259 1878 1259 1879 1196 1880 1199 1881 1262 1882 1196 1883 1322 1884 1202 1885 1205 1886 1211 1887 1268 1888 1265 1889 1042 1890 1205 1891 1265 1892 1268 1893 1211 1894 1268 1895 1208 1896 1274 1897 1154 1898 1271 1899 1271 1900 1160 1901 1280 1902 1274 1216 1325 1903 1214 1904 1220 1905 1217 1906 1328 1907 1331 1908 1217 1909 1277 1910 1280 1911 1220 1912 1334 1913 1163 1914 1337 1915 1283 1916 1223 1917 1283 1918 1340 1919 1214 356 1325 1920 1286 1921 1163 1922 1286 1923 1337 1924 1223 1925 1340 1926 1289 1927 1289 1928 1340 1929 1169 1930 1169 1460 1343 1931 1292 1932 1229 968 1346 1933 1347 1934 1346 1933 1229 968 1295 1935 1348 1936 1295 1935 1349 1937 1295 1935 1348 1936 1350 1938 1295 1935 1350 1938 1346 1933 1229 1939 1361 1940 1277 1941 1343 1942 1232 1943 1292 1944 1232 1176 1364 1945 1295 1946 1235 1947 1262 1948 1322 1949 1301 1950 1118 1951 1298 1952 1298 1953 1235 1954 1250 1955 1367 1956 1238 1957 1301 1958 1241 1959 1238 1960 1367 1961 1304 1962 1241 1963 1367 1964 1316 1965 1244 1966 1304 1967 1184 1968 1316 1969 1307 1970 1178 1971 1307 1972 1310 1973 1181 1974 1310 1975 1313 1976 1313 1977 1319 1978 1187 1979 1319 1980 1301 1981 1247 1982 1247 1983 1301 1984 1250 1985 1235 1986 1253 1987 1250 1988 1235 1989 1322 1990 1253 1991 1196 1992 1256 1993 1322 1994 1259 1995 1256 1996 1196 1997 1211 1998 1205 1999 1268 2000 1274 2001 1271 2002 1370 2003 1271 2004 1280 2005 1373 2006 1325 2007 1274 2008 1370 2009 1328 2010 1217 1188 1331 2011 1334 2012 1220 2013 1328 2014 1376 2015 1331 2016 1277 2017 1280 2018 1334 2019 1379 2020 1337 2021 1382 2022 1283 2023 1283 2024 1385 2025 1340 2026 1325 2027 1388 2028 1286 2029 1286 2030 1391 2031 1337 2032 1340 2033 1385 2034 1169 2035 1169 2036 1394 2037 1343 2038 1397 2039 1398 2040 1295 2041 1398 2040 1397 2039 1399 2042 1295 2041 1398 2040 1400 2043 1295 2041 1400 2043 1401 2044 1295 2041 1401 2044 1349 2045 1412 2046 1413 2047 1414 2048 1413 2047 1412 2046 1415 2049 1415 2049 1412 2046 1416 2050 1412 2051 1424 2052 1416 2053 1424 2052 1412 2051 1425 2054 1425 2055 1429 2056 1424 2057 1431 2058 1432 2059 1433 2060 1432 2059 1431 2058 1429 2061 1432 2059 1429 2061 1425 2062 1361 2063 1439 2064 1440 2065 1439 2064 1361 2063 1441 2066 1441 2066 1361 2063 1442 2067 1442 2067 1361 2063 1443 2068 1443 2068 1361 2063 1229 2069 1443 2068 1229 2069 1444 2070 1444 2070 1229 2069 1347 2071 1376 2072 1277 2073 1361 2074 1343 2075 1364 2076 1232 2077 1295 2078 1364 2079 1397 2080 1301 2081 1298 2082 1250 2083 1367 2084 1301 2085 1456 2086 1304 2087 1367 2088 1456 2089 1316 2090 1304 2091 1307 2092 1307 2093 1304 2094 1310 2095 1310 2096 1304 2097 1313 2098 1304 2099 1319 2100 1313 2101 1319 2102 1456 1352 1301 2103 1370 2104 1271 2105 1373 2106 1373 2107 1280 2108 1379 2109 1325 2110 1370 2111 1459 2112 1462 2113 1328 2114 1331 2115 1334 2116 1328 2117 1465 1405 1468 2118 1331 2119 1376 2120 1379 2121 1334 2122 1471 2123 1283 2124 1382 2125 1385 2126 1474 2127 1382 2128 1337 2129 1388 1951 1391 2130 1286 2131 1325 2132 1459 2133 1388 2134 1391 2135 1474 2136 1337 2137 1385 2138 1394 2139 1169 2140 1394 2141 1477 2142 1343 2143 1480 2144 1399 2145 1397 2146 1399 2145 1480 2144 1481 2147 1486 2148 1487 2149 1488 2150 1487 2149 1486 2148 1489 2151 1487 2149 1489 2151 1490 2152 1491 2153 1486 2148 1488 2150 1501 2154 1490 2155 1489 2156 1414 2157 1501 2158 1489 2159 1501 2158 1414 2157 1413 2160 1414 2161 1503 2162 1412 2163 1412 1196 1506 1431 1425 2164 1433 2165 1509 2166 1510 2167 1509 2166 1433 2165 1432 2168 1432 2169 1425 2170 1514 2171 1517 2172 1509 2173 1518 2174 1509 2173 1517 2172 1510 2175 1517 2176 1518 2177 1522 2178 1522 2179 1518 2180 1524 2181 1526 2182 1527 2183 1518 2184 1527 2183 1526 2182 1486 2185 1527 2183 1486 2185 1528 2186 1518 2184 1527 2183 1524 2187 1480 2188 1534 2189 1481 2190 1534 2189 1480 2188 1535 2191 1535 2191 1480 2188 1361 2192 1535 2191 1361 2192 1440 2193 1538 2194 1376 2195 1361 2196 1477 2197 1364 2198 1343 2199 1477 2200 1397 2201 1364 2202 1304 2203 1456 2204 1319 2205 1370 2206 1373 2207 1541 2208 1373 2209 1379 2210 1544 2211 1370 2212 1541 2213 1459 2214 1462 1560 1331 2215 1468 2216 1465 2217 1328 2218 1462 2219 1471 2220 1334 2221 1465 2222 1538 2223 1468 2224 1376 2225 1379 2226 1471 2227 1547 2228 1385 2229 1382 2230 1477 2231 1474 2232 1477 2233 1382 2234 1388 2235 1480 2236 1391 2237 1459 2238 1550 2239 1388 2240 1480 2241 1474 2242 1391 2243 1385 2244 1477 2245 1394 2246 1480 2247 1397 2248 1553 2249 1528 2250 1486 2251 1491 2252 1486 2253 1556 2254 1489 2255 1414 2256 1489 1423 1559 2257 1412 1728 1503 2258 1562 2259 1414 2260 1565 2261 1503 2262 1412 2263 1562 2264 1506 2265 1425 2266 1506 2267 1514 2268 1568 2269 1509 2270 1432 2271 1432 2272 1514 642 1571 2273 1509 2274 1574 2275 1518 2276 1518 2277 1574 2278 1526 2279 1486 2280 1526 2281 1577 2282 1580 2283 1361 2284 1480 2285 1538 2286 1361 2287 1580 2288 1553 2289 1397 2248 1477 2290 1373 2291 1544 2292 1541 2293 1544 2294 1379 2295 1547 2296 1541 1722 1583 2297 1459 1723 1586 2298 1462 2299 1468 2300 1586 2301 1465 2302 1462 2303 1586 2304 1471 2305 1465 2306 1589 2307 1468 2100 1538 2308 1547 2309 1471 2310 1586 2311 1553 2312 1477 2313 1474 2314 1580 2315 1480 2316 1388 2317 1459 2318 1583 2319 1550 2320 1388 2321 1550 2322 1538 2323 1480 2324 1553 2325 1474 2326 1489 2327 1556 2328 1559 2329 1486 2330 1577 2331 1556 2332 1414 2333 1559 2334 1565 2335 1503 2336 1592 2337 1562 2338 1565 2339 1595 2340 1503 2341 1562 2342 1598 2343 1506 2344 1506 2345 1601 2346 1514 2347 1568 2348 1432 2349 1571 2350 1568 2351 1604 2352 1509 2353 1571 2354 1514 2355 1607 2356 1604 2357 1574 2358 1509 2359 1574 2360 1610 2361 1526 2362 1526 2363 1613 2364 1577 2365 1388 2366 1538 2367 1580 2368 1541 2369 1544 2370 1586 2371 1544 2372 1547 2373 1586 2374 1541 2375 1586 2376 1583 2377 1586 2378 1468 2379 1589 2380 1616 2381 1589 2382 1538 2383 1583 2384 1616 2385 1550 2386 1550 2387 1616 2388 1538 2389 1559 2390 1556 2391 1619 2392 1556 2393 1577 2394 1622 2395 1559 2396 1625 2397 1565 2398 1503 2399 1595 2400 1592 2401 1592 2402 1628 2403 1562 2404 1565 2405 1625 2406 1595 2407 1562 2408 1628 2409 1598 2410 1506 2411 1598 2412 1601 2413 1514 2414 1601 2415 1607 2416 1568 2417 1571 2418 1631 1232 1604 2419 1568 2420 1634 2421 1571 2422 1607 2423 1637 2424 1604 2425 1640 2426 1574 2427 1574 2428 1643 2429 1610 2430 1610 2431 1613 2432 1526 2433 1613 2434 1646 2435 1577 2436 1583 2437 1586 2438 1616 2439 1616 2440 1586 2441 1589 2442 1559 2443 1619 2444 1625 2445 1556 2446 1622 2447 1619 2448 1577 2449 1649 2450 1622 2451 1595 2452 1625 2453 1592 2123 1625 2454 1628 2455 1592 2456 1628 2457 1652 2458 1598 2459 1598 1187 1655 2460 1601 2461 1601 2462 1658 2463 1607 2464 1568 2465 1631 2466 1634 2467 1631 2468 1571 2469 1637 2470 1604 2471 1634 2472 1661 2473 1607 2474 1664 2475 1637 2476 1574 2477 1640 2478 1643 2479 1640 2480 1604 2481 1661 2482 1643 2483 1667 2484 1610 2485 1610 2486 1670 2487 1613 2488 1670 2489 1646 2490 1613 2491 1577 2492 1646 2493 1673 2494 1619 2495 1676 1141 1625 2496 1619 2497 1622 2498 1676 2499 1577 2500 1673 2501 1649 2502 1622 2503 1649 2504 1676 2505 1625 2506 1652 2507 1628 2508 1652 2509 1655 2510 1598 2511 1655 2512 1658 2513 1601 2514 1658 2515 1664 2516 1607 2517 1634 2518 1631 2519 1679 2520 1631 2521 1637 2522 1682 2523 1661 2524 1634 2525 1685 2526 1637 2527 1664 2528 1688 2529 1640 2530 1691 2531 1643 2532 1640 2533 1661 2534 1694 2535 1643 2536 1697 2537 1667 2538 1610 2539 1667 2540 1670 2541 1670 2542 1700 2543 1646 2544 1673 2545 1646 2546 1703 2547 1625 2548 1676 2549 1706 2550 1649 2551 1673 2552 1703 2553 1676 2554 1649 2555 1706 2556 1625 2557 1709 2558 1652 2559 1652 2560 1709 2561 1655 2562 1712 2563 1658 2564 1655 2565 1658 2566 1703 2567 1664 2568 1634 2569 1679 2570 1685 2571 1631 2572 1682 2573 1679 2574 1682 2575 1637 2576 1715 2577 1694 2578 1661 2579 1685 2580 1637 2581 1688 2582 1715 2583 1664 2584 1718 2585 1688 2586 1640 2587 1694 2588 1691 2589 1643 2590 1691 2591 1697 2592 1667 2593 1697 2594 1721 2595 1667 2596 1721 2597 1670 2598 1670 2599 1721 2600 1700 2601 1700 2602 1724 2603 1646 2604 1646 2435 1718 2605 1703 2606 1625 2203 1706 2607 1709 2608 1649 2609 1703 2610 1712 2611 1706 2612 1649 2613 1709 2614 1709 2615 1712 2616 1655 2617 1712 2618 1703 2619 1658 805 1703 2620 1718 2621 1664 2622 1685 2623 1679 2624 1727 2625 1679 2626 1682 2627 1727 2628 1730 2629 1682 2630 1715 2631 1694 2632 1685 2633 1691 2634 1715 1176 1688 2635 1733 2636 1688 2637 1718 2638 1724 2639 1691 2640 1685 2641 1697 2642 1697 2643 1736 2644 1721 2645 1721 2646 1724 2647 1700 2648 1646 2649 1724 2650 1718 2651 1649 2652 1712 2653 1709 2654 1685 2655 1727 2656 1730 2657 1727 2656 1682 2658 1730 2659 1739 2660 1730 2661 1715 2662 1688 2663 1724 2664 1733 2665 1739 2666 1715 2667 1733 2668 1697 2669 1685 2670 1736 2671 1736 2672 1739 2673 1721 2674 1733 2675 1724 2676 1721 2677 1685 2678 1730 2679 1739 2680 1721 2681 1739 2682 1733 2683 1685 2684 1739 2685 1736 2686</p>
                </triangles>
                <triangles count="1036" material="Material3">
                    <input offset="0" semantic="VERTEX" source="#ID15" />
                    <p>3 4 5 4 10 5 18 19 20 20 19 21 21 19 22 23 22 19 31 32 33 34 33 32 39 3 40 5 40 3 10 43 5 33 34 46 47 46 34 51 19 52 18 52 19 60 61 62 23 63 64 64 63 65 65 63 61 62 61 63 19 70 23 70 71 23 63 23 71 77 32 78 78 32 79 31 79 32 82 34 32 87 40 88 40 5 88 89 88 5 89 5 96 5 43 96 96 43 97 97 43 98 99 98 43 43 46 99 99 46 107 107 46 108 108 46 109 47 109 46 114 47 34 118 119 51 19 51 119 124 125 62 125 126 62 60 62 126 62 63 129 132 70 19 71 136 63 137 63 136 141 71 70 144 77 145 78 145 77 32 77 147 82 114 34 150 82 32 155 156 157 156 88 157 89 157 88 96 161 89 96 97 167 97 168 167 167 168 169 170 169 168 179 180 181 180 182 181 183 181 182 182 188 183 189 183 188 189 192 183 193 183 192 193 192 198 192 199 198 200 198 199 109 47 210 210 47 211 211 47 212 212 47 213 213 47 214 47 215 214 216 214 215 114 224 47 119 227 19 132 19 227 231 232 124 125 124 232 233 232 231 124 62 236 236 62 129 63 239 129 70 132 141 242 141 132 245 137 136 137 247 63 77 144 253 144 254 253 254 255 253 256 253 255 147 77 259 147 150 32 150 114 82 263 264 227 132 227 264 271 272 273 272 157 273 273 157 274 157 89 274 275 274 89 161 275 89 284 285 286 285 287 286 286 287 132 242 132 287 293 294 295 293 295 296 296 295 297 297 295 245 137 245 295 301 167 302 169 302 167 169 307 308 309 308 307 170 307 169 316 317 181 317 318 181 179 181 318 183 321 181 193 324 183 200 328 198 329 198 328 198 332 193 336 337 328 329 328 337 337 336 340 337 340 342 342 347 337 348 337 347 349 350 347 348 347 350 309 356 308 356 357 308 357 216 308 215 308 216 224 215 47 360 224 114 363 233 231 231 124 365 236 368 124 236 129 371 129 239 374 239 63 377 380 247 137 63 247 377 256 386 253 386 387 253 388 301 389 301 302 389 389 302 387 253 387 302 393 363 231 231 394 393 395 393 394 77 253 398 77 398 259 401 147 259 404 150 147 404 114 150 407 132 264 132 407 409 132 409 286 295 294 412 413 412 294 137 295 380 169 416 302 317 316 420 316 350 420 421 420 350 169 308 423 316 181 426 181 321 429 432 321 183 324 432 183 193 435 324 198 329 438 198 438 332 193 332 435 441 329 337 349 421 350 348 441 337 444 348 350 215 447 308 215 224 452 452 224 453 454 453 224 224 360 454 454 360 460 461 460 360 465 360 114 124 368 365 394 231 365 236 468 368 371 129 374 236 371 468 239 377 374 471 247 380 377 247 471 412 413 475 476 475 413 394 475 395 476 395 475 302 479 253 253 482 398 485 259 398 401 404 147 401 259 488 491 114 404 295 412 494 380 295 494 416 169 423 416 497 302 350 316 500 308 503 423 426 181 429 316 426 506 321 509 429 432 512 321 515 432 324 324 435 518 329 521 438 332 438 435 441 521 329 524 441 348 527 348 444 500 444 350 308 447 503 532 447 533 447 215 533 533 215 534 452 534 215 543 544 545 543 546 544 547 544 546 553 554 555 555 554 546 547 546 554 559 560 553 554 553 560 360 465 461 461 465 564 565 564 465 568 465 114 365 368 571 394 365 574 468 577 368 371 374 580 371 580 468 374 377 583 471 380 586 377 471 583 412 475 589 475 394 589 479 482 253 302 497 479 482 592 398 488 259 485 592 485 398 595 404 401 595 401 488 595 491 404 491 568 114 494 412 598 586 380 494 416 423 601 416 604 497 500 316 506 423 503 607 426 429 610 506 426 610 512 509 321 613 429 509 616 512 432 324 518 515 515 616 432 435 438 518 521 619 438 441 622 521 527 524 348 524 622 441 625 527 444 444 500 628 447 631 503 636 637 638 637 447 638 532 638 447 647 648 649 649 650 647 651 647 650 648 545 649 544 649 545 547 655 544 554 658 547 664 665 666 560 666 554 665 667 666 554 666 667 565 465 673 673 465 674 674 465 636 637 636 465 637 465 568 368 677 571 365 571 574 680 394 574 368 577 677 468 683 577 580 374 683 468 580 683 374 583 686 689 471 586 583 471 689 412 589 692 589 394 695 698 482 479 497 698 479 701 592 482 488 485 704 592 704 485 707 595 488 595 568 491 412 692 598 494 598 710 710 586 494 601 604 416 423 607 601 604 713 497 500 506 716 607 503 719 613 610 429 506 610 722 512 725 509 728 613 509 616 725 512 518 731 515 731 616 515 438 734 518 521 622 619 619 737 438 524 527 740 743 622 524 444 628 625 746 527 625 628 500 716 631 447 749 503 631 719 753 665 754 753 651 665 650 665 651 447 637 749 650 649 756 544 759 649 655 762 544 765 655 547 658 765 547 554 768 658 665 664 754 667 768 554 771 667 665 774 637 568 571 677 777 574 571 780 695 394 680 680 574 783 577 786 677 577 683 789 683 374 789 686 583 689 374 686 792 689 586 795 692 589 798 589 695 801 698 701 482 713 698 497 804 592 701 707 488 704 807 704 592 810 595 707 774 568 595 598 692 813 710 598 816 586 710 819 601 822 604 607 825 601 604 828 713 716 506 722 607 719 831 834 610 613 722 610 834 725 837 509 840 613 728 843 728 509 846 725 616 518 734 731 731 846 616 438 849 734 619 622 737 438 737 849 740 853 524 854 524 853 740 527 746 737 622 743 854 860 524 860 861 524 861 862 524 743 524 862 625 628 867 746 625 870 628 716 873 631 749 876 719 631 879 650 882 665 749 637 774 650 756 885 888 756 649 544 762 759 888 649 759 655 891 762 765 894 655 897 765 658 768 900 658 667 903 768 906 771 665 771 909 667 677 912 777 571 777 780 574 780 783 695 680 915 918 680 783 677 786 912 577 789 786 374 792 789 686 689 792 795 586 819 792 689 795 692 798 813 589 921 798 801 695 915 589 801 921 924 701 698 713 924 698 804 927 592 930 804 701 810 707 704 927 807 592 879 704 807 774 595 810 598 813 816 933 710 816 819 710 933 822 828 604 601 825 822 607 831 825 828 936 713 939 716 722 831 719 942 840 834 613 945 722 834 837 843 509 725 948 837 951 840 728 843 951 728 846 954 725 734 849 731 731 954 846 737 743 849 962 963 964 964 963 965 965 963 966 967 966 963 974 975 740 853 740 975 976 975 974 948 740 746 984 985 862 743 862 985 986 985 987 987 985 988 984 988 985 999 1000 1001 1000 1002 1001 1003 1001 1002 967 963 1002 1003 1002 963 625 867 870 628 873 867 746 870 1007 873 716 939 631 876 879 876 749 810 719 879 942 906 665 882 882 650 885 749 774 810 1010 885 756 1010 756 888 762 1013 759 1016 888 759 762 891 1019 655 894 891 765 1022 894 900 897 658 897 1022 765 903 900 768 909 903 667 1025 771 906 771 1028 909 777 912 1031 780 777 1034 780 1034 783 915 680 918 918 783 1037 786 819 912 789 795 786 789 792 795 795 819 786 813 798 1040 798 921 1043 801 915 1043 921 801 1043 924 930 701 936 924 713 1046 927 804 1046 804 930 876 810 704 879 807 927 879 876 704 813 1049 816 816 1052 933 819 933 912 822 1055 828 825 1058 822 825 831 1061 1064 936 828 939 722 945 831 942 1067 1070 834 840 1070 945 834 948 843 837 725 974 948 1070 840 951 1073 951 843 954 974 725 849 985 731 731 985 954 849 743 985 962 964 1080 964 1081 1080 1081 1082 1080 1082 1083 1080 1084 1080 1083 963 962 1088 974 954 976 1091 976 954 974 740 948 746 1007 948 1091 954 986 985 986 954 1084 1094 1080 1095 1080 1094 1094 999 1095 1001 1095 999 1003 1098 1001 1101 1003 963 870 867 1104 867 873 1107 870 1110 1007 873 939 1113 942 879 927 1116 906 882 1119 882 885 1122 885 1010 1125 1010 888 1013 1016 759 1019 1013 762 1125 888 1016 891 1128 1019 891 894 1131 1022 1134 894 900 1137 897 1137 1022 897 909 900 903 1025 1028 771 1025 906 1140 909 1028 900 933 1031 912 777 1031 1034 1037 783 1034 915 918 1043 1143 918 1037 798 1043 1040 813 1040 1049 1146 930 924 936 1146 924 1149 927 1046 1146 1046 930 816 1049 1052 933 1052 1031 1055 1064 828 822 1058 1055 825 1061 1058 1061 831 1067 1064 1146 936 1152 939 945 1067 942 927 1152 945 1070 948 1007 843 1073 1070 951 1110 1073 843 1155 962 1080 1158 963 1088 962 1161 1088 1164 1080 1095 1001 1167 1095 1098 1170 1001 1173 1098 1003 1101 963 1158 1173 1003 1101 870 1104 1110 867 1107 1104 1107 873 1113 1007 1110 843 1113 939 1152 1140 906 1116 1116 882 1119 1122 1119 885 1176 1122 1010 1176 1010 1125 1013 1179 1016 1019 1182 1013 1185 1125 1016 1128 1188 1019 891 1131 1128 894 1191 1131 1134 1191 894 1194 1134 1022 900 1194 1137 1137 1194 1022 1025 1197 1028 1140 1197 1025 1028 1200 900 1034 1031 1203 1037 1034 1203 1043 918 1143 1143 1037 1206 1040 1043 1209 1040 1209 1049 1146 1149 1046 1067 927 1149 1049 1212 1052 1203 1031 1052 1055 1146 1064 1058 1146 1055 1058 1061 1146 1061 1067 1146 1113 1152 1070 1110 1070 1073 1155 1161 962 1215 1155 1080 1218 1158 1088 1221 1088 1161 1224 1164 1095 1215 1080 1164 1095 1167 1224 1001 1170 1167 1098 1227 1170 1173 1227 1098 1158 1230 1101 1101 1233 1173 1104 1070 1110 1104 1107 1070 1107 1113 1070 1236 1140 1116 1119 1236 1116 1239 1119 1122 1242 1122 1176 1245 1176 1125 1179 1185 1016 1182 1179 1013 1188 1182 1019 1245 1125 1185 1128 1248 1188 1131 1251 1128 1191 1254 1131 1134 1257 1191 1260 1134 1194 1260 1194 900 1197 1200 1028 1263 1197 1140 1200 1260 900 1206 1037 1203 1043 1143 1266 1266 1143 1206 1209 1043 1269 1049 1209 1212 1067 1149 1146 1212 1203 1052 1272 1161 1155 1215 1275 1155 1218 1088 1221 1218 1278 1158 1281 1221 1161 1284 1164 1224 1287 1215 1164 1167 1290 1224 1167 1170 1290 1227 1293 1170 1173 1293 1227 1230 1296 1101 1278 1230 1158 1173 1233 1293 1296 1233 1101 1236 1263 1140 1299 1236 1119 1302 1119 1239 1239 1122 1242 1305 1242 1176 1305 1176 1245 1179 1308 1185 1182 1311 1179 1188 1314 1182 1317 1245 1185 1248 1320 1188 1251 1248 1128 1131 1254 1251 1191 1323 1254 1191 1257 1323 1260 1257 1134 1200 1197 1260 1323 1197 1263 1212 1206 1203 1043 1266 1269 1269 1266 1206 1209 1269 1212 1272 1155 1275 1281 1161 1272 1215 1326 1275 1329 1218 1221 1278 1218 1332 1335 1221 1281 1284 1338 1164 1341 1284 1224 1287 1326 1215 1338 1287 1164 1290 1341 1224 1170 1341 1290 1293 1344 1170 1351 1352 1296 1352 1353 1296 1354 1296 1353 1296 1230 1351 1355 1351 1230 1278 1362 1230 1293 1233 1344 1296 1365 1233 1323 1263 1236 1299 1119 1302 1251 1236 1299 1302 1239 1368 1368 1239 1242 1368 1242 1305 1305 1245 1317 1308 1317 1185 1311 1308 1179 1314 1311 1182 1188 1320 1314 1248 1302 1320 1251 1302 1248 1251 1254 1236 1254 1323 1236 1323 1257 1197 1197 1257 1260 1269 1206 1212 1371 1272 1275 1374 1281 1272 1371 1275 1326 1332 1218 1329 1329 1221 1335 1278 1332 1377 1380 1335 1281 1284 1383 1338 1341 1386 1284 1287 1389 1326 1338 1392 1287 1170 1386 1341 1344 1395 1170 1354 1402 1296 1402 1403 1296 1403 1404 1296 1405 1406 1404 1296 1404 1406 1417 1418 1419 1419 1418 1420 1421 1420 1418 1426 1418 1427 1417 1427 1418 1427 1430 1426 1426 1430 1434 1430 1435 1434 1436 1434 1435 1355 1230 1445 1445 1230 1446 1230 1362 1446 1446 1362 1447 1447 1362 1448 1448 1362 1449 1450 1449 1362 1362 1278 1377 1233 1365 1344 1406 1365 1296 1251 1299 1302 1457 1302 1368 1457 1368 1305 1308 1305 1317 1311 1305 1308 1314 1305 1311 1314 1320 1305 1302 1457 1320 1374 1272 1371 1380 1281 1374 1460 1371 1326 1332 1329 1463 1466 1329 1335 1377 1332 1469 1472 1335 1380 1386 1383 1284 1338 1383 1475 1287 1392 1389 1389 1460 1326 1338 1475 1392 1170 1395 1386 1344 1478 1395 1482 1483 1405 1406 1405 1483 1492 1493 1494 1495 1496 1497 1496 1493 1497 1492 1497 1493 1496 1495 1502 1420 1421 1502 1496 1502 1421 1418 1504 1421 1426 1507 1418 1434 1436 1511 1512 1511 1436 1515 1426 1434 1512 1519 1511 1520 1511 1519 1523 1520 1519 1525 1520 1523 1525 1529 1520 1530 1493 1529 1493 1531 1529 1520 1529 1531 1450 1362 1536 1362 1483 1536 1536 1483 1537 1482 1537 1483 1362 1377 1539 1344 1365 1478 1365 1406 1478 1320 1457 1305 1542 1374 1371 1545 1380 1374 1460 1542 1371 1469 1332 1463 1463 1329 1466 1466 1335 1472 1377 1469 1539 1548 1472 1380 1478 1383 1386 1383 1478 1475 1392 1483 1389 1389 1551 1460 1392 1475 1483 1395 1478 1386 1554 1406 1483 1494 1493 1530 1496 1557 1493 1560 1496 1421 1563 1504 1418 1504 1566 1421 1507 1563 1418 1515 1507 1426 1434 1511 1569 1572 1515 1434 1520 1575 1511 1531 1575 1520 1578 1531 1493 1483 1362 1581 1581 1362 1539 1478 1406 1554 1542 1545 1374 1548 1380 1545 1460 1584 1542 1469 1463 1587 1463 1466 1587 1466 1472 1587 1539 1469 1590 1587 1472 1548 1475 1478 1554 1389 1483 1581 1551 1584 1460 1539 1551 1389 1475 1554 1483 1560 1557 1496 1557 1578 1493 1566 1560 1421 1563 1593 1504 1504 1596 1566 1507 1599 1563 1515 1602 1507 1572 1434 1569 1511 1605 1569 1608 1515 1572 1511 1575 1605 1531 1611 1575 1578 1614 1531 1581 1539 1389 1587 1545 1542 1587 1548 1545 1584 1587 1542 1590 1469 1587 1539 1590 1617 1551 1617 1584 1539 1617 1551 1620 1557 1560 1623 1578 1557 1566 1626 1560 1593 1596 1504 1563 1629 1593 1596 1626 1566 1599 1629 1563 1602 1599 1507 1608 1602 1515 1632 1572 1569 1635 1569 1605 1638 1608 1572 1575 1641 1605 1611 1644 1575 1531 1614 1611 1578 1647 1614 1617 1587 1584 1590 1587 1617 1626 1620 1560 1620 1623 1557 1623 1650 1578 1593 1626 1596 1593 1629 1626 1599 1653 1629 1602 1656 1599 1608 1659 1602 1635 1632 1569 1638 1572 1632 1662 1635 1605 1638 1665 1608 1644 1641 1575 1662 1605 1641 1611 1668 1644 1614 1671 1611 1614 1647 1671 1674 1647 1578 1626 1677 1620 1677 1623 1620 1650 1674 1578 1677 1650 1623 1629 1653 1626 1599 1656 1653 1602 1659 1656 1608 1665 1659 1680 1632 1635 1683 1638 1632 1686 1635 1662 1689 1665 1638 1644 1692 1641 1695 1662 1641 1668 1698 1644 1671 1668 1611 1647 1701 1671 1704 1647 1674 1707 1677 1626 1704 1674 1650 1707 1650 1677 1653 1710 1626 1656 1710 1653 1656 1659 1713 1665 1704 1659 1686 1680 1635 1680 1683 1632 1716 1638 1683 1686 1662 1695 1716 1689 1638 1689 1719 1665 1692 1695 1641 1698 1692 1644 1722 1698 1668 1671 1722 1668 1701 1722 1671 1647 1725 1701 1704 1719 1647 1710 1707 1626 1713 1704 1650 1710 1650 1707 1656 1713 1710 1659 1704 1713 1665 1719 1704 1728 1680 1686 1728 1683 1680 1716 1683 1731 1692 1686 1695 1734 1689 1716 1725 1719 1689 1698 1686 1692 1722 1737 1698 1701 1725 1722 1719 1725 1647 1710 1713 1650 1731 1728 1686 1731 1683 1728 1716 1731 1740 1734 1725 1689 1734 1716 1740 1737 1686 1698 1722 1740 1737 1722 1725 1734 1740 1731 1686 1734 1740 1722 1737 1740 1686</p>
                </triangles>
                <lines count="1281" material="Material4">
                    <input offset="0" semantic="VERTEX" source="#ID15" />
                    <p>6 7 8 6 11 6 24 25 24 26 35 8 7 36 36 35 6 41 26 6 48 11 36 48 24 53 26 66 25 67 67 66 24 72 73 66 72 73 41 80 80 35 83 36 35 83 91 90 6 91 91 100 100 101 103 26 112 48 48 115 36 115 120 24 53 127 67 127 67 130 130 66 133 72 24 133 138 139 139 66 72 138 90 80 148 80 148 35 83 115 83 151 35 151 91 159 162 91 171 162 171 172 102 184 173 185 184 185 110 184 194 111 184 194 201 202 202 194 222 221 222 48 48 225 225 115 158 133 234 120 127 234 237 67 127 237 130 237 130 240 66 240 243 133 139 243 139 248 248 66 159 257 80 257 260 80 260 148 151 148 151 115 265 133 279 91 278 133 298 278 139 298 303 279 303 171 310 311 311 171 319 312 185 319 185 322 184 322 325 184 325 194 330 217 202 330 333 202 194 333 338 218 338 330 219 338 220 338 351 352 338 353 353 351 311 222 225 222 225 361 361 115 234 158 366 127 234 366 127 369 237 369 372 130 372 237 130 375 240 375 240 378 378 66 381 139 381 248 248 378 257 303 396 265 396 234 80 399 257 399 399 260 148 402 402 260 151 405 405 148 405 115 276 133 277 133 414 277 298 414 298 381 171 417 417 303 351 358 319 351 424 171 311 424 185 427 427 319 322 430 430 185 322 433 433 184 433 325 436 325 194 436 202 439 330 439 333 439 333 436 442 330 442 338 353 442 353 445 445 351 448 311 448 222 222 455 457 225 361 463 466 361 115 466 369 366 366 396 369 469 237 469 372 375 469 372 378 375 472 381 248 472 472 378 477 276 414 477 477 396 257 480 480 303 399 483 483 257 260 486 486 399 402 405 489 402 489 260 405 492 492 115 414 495 495 298 381 495 424 417 303 498 498 417 351 501 501 319 424 504 504 311 430 427 319 507 507 427 322 510 510 430 513 322 433 513 325 516 516 433 436 519 519 325 330 522 522 439 436 439 522 442 525 353 525 442 445 528 528 353 445 501 448 504 535 448 456 548 549 537 549 548 556 462 548 556 556 561 466 566 569 466 569 115 369 572 572 366 396 575 366 575 578 369 469 578 581 372 581 375 469 581 378 584 375 584 587 472 587 381 472 584 414 590 477 590 396 590 483 480 498 480 399 593 593 483 486 489 593 486 405 596 402 596 489 596 596 492 492 569 599 414 599 495 495 587 417 602 602 424 605 498 417 605 507 501 608 424 504 608 611 427 611 430 507 611 510 513 430 614 510 614 617 433 513 617 516 519 617 516 519 439 522 620 620 439 442 623 623 522 525 528 623 525 626 445 528 626 629 445 501 629 632 448 632 504 639 640 448 640 652 536 641 653 653 652 652 549 656 549 548 656 548 659 659 556 668 669 670 556 669 670 640 466 640 569 678 369 678 572 575 572 396 681 575 681 578 678 578 684 684 469 581 684 684 375 584 687 687 375 690 587 690 472 584 690 693 414 590 693 696 396 696 590 699 480 699 483 498 699 593 702 483 702 489 705 486 705 593 705 489 708 708 596 569 596 693 599 495 711 711 599 587 711 605 602 602 608 714 605 714 498 717 507 501 717 608 720 504 720 614 611 723 507 611 723 510 726 513 726 614 729 729 510 617 726 516 732 519 732 617 732 519 735 735 439 620 623 738 620 439 738 741 525 741 528 623 744 525 744 629 626 528 747 626 747 717 629 448 750 750 632 720 632 675 669 669 653 640 750 653 757 757 652 549 760 760 652 763 549 656 763 766 548 656 766 766 659 769 659 556 769 769 670 772 669 772 670 775 569 775 640 778 678 572 778 575 781 572 781 681 696 681 784 784 575 678 787 787 578 790 578 684 790 790 375 687 690 793 687 793 375 587 796 796 690 799 693 799 590 802 696 802 590 702 699 699 714 805 593 702 805 705 708 808 593 808 705 708 811 811 596 775 596 814 693 599 814 711 817 817 599 587 820 711 820 823 605 602 823 608 826 826 602 605 829 829 714 723 717 832 608 720 832 614 835 835 611 835 723 838 510 838 726 841 614 729 841 729 844 510 844 617 847 726 847 732 735 847 732 735 850 850 439 738 623 850 738 525 855 856 741 747 741 744 738 744 863 626 868 868 629 747 871 871 626 629 874 874 717 632 877 877 750 720 880 880 632 669 883 653 883 750 775 886 757 886 653 889 757 652 889 763 760 889 760 763 892 892 656 895 656 895 766 659 898 898 766 659 901 769 901 904 769 670 904 907 669 907 772 670 910 910 772 778 913 913 678 781 778 784 781 696 916 916 681 681 919 919 784 913 787 787 790 790 793 690 793 820 796 793 796 799 814 799 922 922 590 916 802 922 802 702 925 925 699 925 714 593 928 805 928 805 931 931 702 811 705 808 928 880 808 880 705 811 775 814 817 817 934 934 711 820 934 823 829 823 826 832 826 714 937 937 829 717 940 940 723 832 943 943 720 835 841 723 946 946 835 838 844 949 838 949 726 952 729 841 952 952 844 847 955 955 726 850 732 955 732 744 850 968 969 865 970 970 968 978 977 741 978 747 949 949 741 989 990 990 744 1004 864 993 1005 1004 1005 970 1004 871 868 874 868 871 1008 1008 747 874 940 877 880 811 877 750 811 943 880 883 907 883 886 1011 757 1011 886 889 1011 760 1014 1014 763 1017 889 760 1017 1020 763 892 1020 895 892 1023 895 766 1023 898 901 1023 898 904 901 904 910 772 1026 1026 907 910 1029 1029 772 913 1032 1032 778 1035 781 778 1035 1035 784 919 916 919 1038 784 1038 820 913 787 820 796 790 796 787 1041 799 1041 814 799 1044 922 1044 802 1044 916 1044 925 931 937 925 1047 805 1047 928 931 1047 877 705 880 928 817 1050 814 1050 1053 817 1053 934 934 913 829 1056 1056 823 1059 823 826 1059 826 1062 1062 832 1065 937 829 1065 946 940 1068 832 1068 943 835 1071 841 1071 946 1071 949 844 978 949 978 726 952 1071 1074 952 1074 844 955 978 990 850 990 732 955 990 1085 991 968 1085 970 1089 1089 968 1086 955 1008 949 992 1096 1096 1085 1005 1096 1005 1099 1099 1004 1102 970 1102 1004 1105 871 868 1105 1108 874 868 1108 1111 871 1111 1008 1114 874 940 1114 928 943 907 1117 1117 883 883 1120 1120 886 1123 1011 886 1123 1126 889 1011 1126 1017 1014 1014 1020 1126 1017 1020 1129 892 1129 1132 895 1132 892 895 1135 1023 1135 898 1138 1138 901 1138 1023 910 901 1026 1029 1141 1026 1141 907 1029 901 934 1032 1035 1032 1038 1035 919 1044 1144 919 1038 1144 1044 1041 1050 1041 931 1147 925 1147 937 1147 1150 1047 1150 928 1047 1147 1050 1053 1032 1053 1056 1065 1059 1056 1059 1062 1062 1068 1065 1147 1153 946 940 1153 1068 928 1153 1071 844 1008 1074 1071 1111 1074 1111 844 1156 968 1156 1085 1089 1159 1159 970 1089 1162 968 1162 1096 1165 1085 1165 1096 1168 1168 1005 1005 1171 1099 1171 1004 1174 1174 1099 1102 1159 1174 1102 1105 1111 1108 1105 1108 1114 1114 1153 1117 1141 1120 1117 1120 1123 1123 1177 1177 1011 1177 1126 1180 1017 1014 1180 1020 1183 1183 1014 1017 1186 1186 1126 1189 1020 1129 1189 1129 1132 895 1192 1192 1132 1135 1192 1135 1195 1195 1023 1195 1138 901 1195 1029 1198 1026 1198 1141 1198 1029 1201 1201 901 1204 1035 1032 1204 1038 1204 1144 1044 1144 1207 1207 1038 1210 1041 1210 1044 1050 1210 1150 1147 1068 1150 1213 1050 1053 1213 1204 1053 1056 1147 1059 1147 1147 1062 1068 1147 1114 1071 1111 1071 1162 1156 1216 1156 1085 1216 1219 1089 1159 1219 1222 1089 1162 1222 1165 1225 1225 1096 1165 1216 1168 1225 1168 1171 1099 1228 1228 1171 1228 1174 1231 1102 1231 1159 1174 1234 1102 1234 1071 1105 1108 1071 1141 1237 1117 1237 1120 1237 1240 1120 1123 1240 1177 1243 1243 1123 1246 1177 1126 1246 1180 1186 1180 1183 1189 1183 1246 1186 1189 1249 1249 1129 1129 1252 1252 1132 1132 1255 1255 1192 1192 1258 1258 1135 1135 1261 1261 1195 1261 901 1198 1201 1141 1264 1264 1198 1201 1261 1204 1207 1267 1144 1267 1044 1207 1267 1210 1270 1270 1044 1210 1213 1213 1204 1156 1273 1273 1162 1216 1276 1276 1156 1222 1219 1159 1279 1219 1279 1162 1282 1282 1222 1285 1165 1285 1225 1216 1288 1165 1288 1291 1168 1225 1291 1291 1171 1294 1228 1171 1294 1294 1174 1102 1297 1297 1231 1279 1231 1234 1294 1234 1297 1237 1264 1300 1120 1300 1237 1120 1303 1240 1303 1240 1243 1243 1306 1177 1306 1246 1306 1186 1309 1309 1180 1312 1180 1183 1312 1183 1315 1315 1189 1318 1246 1186 1318 1321 1189 1321 1249 1249 1252 1255 1252 1324 1255 1192 1324 1324 1258 1258 1261 1261 1198 1264 1324 1324 1198 1213 1207 1270 1267 1207 1270 1270 1213 1273 1276 1282 1273 1327 1276 1327 1216 1219 1330 1330 1222 1279 1333 1333 1219 1222 1336 1336 1282 1339 1165 1339 1285 1342 1285 1225 1342 1288 1327 1288 1339 1291 1342 1342 1171 1345 1294 1345 1171 1356 1297 1231 1360 1279 1363 1363 1231 1234 1345 1366 1234 1297 1366 1324 1237 1300 1303 1252 1300 1252 1237 1369 1240 1369 1303 1243 1369 1369 1306 1318 1306 1309 1318 1312 1309 1312 1315 1315 1321 1321 1303 1303 1249 1252 1303 1255 1237 1258 1198 1273 1372 1372 1276 1375 1282 1375 1273 1372 1327 1333 1330 1336 1330 1333 1378 1378 1279 1336 1381 1282 1381 1285 1384 1384 1339 1342 1387 1387 1285 1288 1390 1390 1327 1393 1288 1339 1393 1387 1171 1396 1345 1396 1171 1407 1408 1297 1407 1422 1357 1423 1411 1423 1422 1358 1428 1428 1422 1428 1359 1437 1438 1438 1428 1455 1363 1378 1363 1366 1345 1407 1366 1458 1369 1458 1303 1458 1306 1309 1306 1312 1306 1306 1315 1321 1306 1321 1458 1372 1375 1381 1375 1461 1372 1327 1461 1464 1333 1330 1464 1467 1336 1330 1467 1470 1333 1470 1378 1473 1336 1381 1473 1384 1387 1476 1384 1476 1339 1390 1393 1390 1461 1393 1476 1387 1396 1479 1396 1345 1479 1484 1485 1407 1485 1498 1409 1500 1499 1498 1500 1410 1498 1498 1423 1422 1505 1505 1423 1422 1508 1428 1508 1451 1513 1438 1513 1516 1438 1516 1428 1521 1452 1513 1521 1521 1453 1454 1521 1500 1532 1521 1533 1533 1500 1363 1485 1363 1540 1540 1378 1366 1479 1407 1479 1543 1372 1543 1375 1375 1546 1546 1381 1461 1543 1464 1470 1467 1464 1467 1473 1470 1540 1381 1549 1473 1549 1384 1479 1387 1479 1476 1479 1390 1485 1393 1485 1461 1552 1552 1390 1476 1485 1555 1407 1485 1555 1558 1498 1500 1558 1561 1498 1561 1423 1564 1422 1564 1505 1423 1567 1567 1505 1508 1564 1508 1516 1438 1570 1513 1570 1573 1438 1573 1516 1513 1576 1576 1521 1576 1533 1533 1579 1579 1500 1363 1582 1582 1485 1582 1540 1555 1479 1546 1543 1549 1546 1543 1585 1585 1461 1470 1588 1588 1464 1467 1588 1473 1588 1470 1591 1591 1540 1549 1588 1476 1555 1582 1390 1552 1585 1552 1540 1390 1540 1558 1561 1579 1558 1567 1561 1505 1594 1594 1564 1597 1567 1505 1597 1564 1600 1600 1508 1508 1603 1603 1516 1570 1573 1606 1513 1570 1606 1516 1609 1609 1573 1606 1576 1612 1576 1533 1612 1579 1615 1615 1533 1546 1588 1543 1588 1585 1588 1591 1588 1591 1618 1618 1540 1618 1552 1585 1618 1561 1621 1621 1558 1624 1579 1558 1624 1561 1627 1567 1627 1594 1597 1630 1594 1630 1564 1597 1627 1600 1630 1603 1600 1609 1603 1633 1570 1573 1633 1570 1636 1636 1606 1639 1609 1639 1573 1576 1642 1642 1606 1645 1576 1612 1645 1612 1615 1615 1648 1579 1648 1618 1588 1621 1627 1624 1621 1579 1651 1624 1651 1594 1627 1630 1627 1630 1654 1600 1654 1657 1603 1657 1600 1603 1660 1609 1660 1633 1636 1639 1633 1663 1636 1606 1663 1666 1639 1666 1609 1645 1642 1663 1642 1645 1669 1669 1612 1672 1612 1615 1672 1672 1648 1675 1579 1675 1648 1621 1678 1678 1627 1678 1624 1675 1651 1678 1651 1627 1654 1654 1657 1660 1657 1660 1666 1636 1681 1681 1633 1684 1639 1633 1684 1636 1687 1663 1687 1639 1690 1690 1666 1642 1693 1693 1645 1696 1663 1642 1696 1699 1645 1669 1699 1672 1669 1672 1702 1648 1702 1705 1675 1705 1648 1708 1678 1708 1627 1705 1651 1708 1651 1654 1711 1711 1627 1711 1657 1657 1714 1714 1660 1660 1705 1705 1666 1681 1687 1684 1681 1639 1717 1684 1717 1696 1687 1717 1690 1666 1720 1720 1690 1696 1693 1693 1699 1699 1723 1669 1723 1672 1723 1702 1723 1702 1726 1726 1648 1720 1705 1720 1648 1711 1708 1714 1705 1651 1714 1711 1651 1711 1714 1681 1729 1729 1687 1729 1684 1717 1732 1732 1684 1693 1687 1690 1735 1735 1717 1726 1720 1690 1726 1699 1687 1699 1738 1723 1738 1726 1723 1732 1729 1687 1732 1717 1741 1741 1732 1726 1735 1735 1741 1738 1687 1738 1741 1741 1723 1735 1723 1741 1687</p>
                </lines>
                <lines count="82" material="Material5">
                    <input offset="0" semantic="VERTEX" source="#ID15" />
                    <p>7 8 11 7 8 25 26 11 25 41 41 53 53 90 101 102 102 103 103 110 110 111 111 112 90 120 138 73 120 158 158 159 162 100 172 173 173 101 112 201 201 217 217 218 218 219 219 220 220 221 243 138 159 265 265 276 276 277 277 278 278 279 279 162 100 243 310 312 312 172 221 352 352 358 358 310 455 456 456 457 457 462 462 463 535 536 536 537 537 455 463 561 561 566 639 641 641 535 566 668 668 675 675 639 855 856 863 864 864 865 865 855 856 969 969 977 989 991 991 992 992 993 993 863 1086 989 977 1086 1356 1357 1357 1358 1358 1359 1359 1360 1408 1409 1409 1410 1410 1411 1411 1356 1360 1437 1437 1451 1451 1452 1452 1453 1453 1454 1454 1455 1484 1408 1499 1484 1455 1532 1532 1499</p>
                </lines>
            </mesh>
        </geometry>
    </library_geometries>
    <library_materials>
        <material id="ID7" name="material_2">
            <instance_effect url="#ID8" />
        </material>
        <material id="ID18" name="material">
            <instance_effect url="#ID17" />
        </material>
        <material id="ID19" name="edge_color138128119255">
            <instance_effect url="#ID20" />
        </material>
        <material id="ID21" name="edge_color000255">
            <instance_effect url="#ID22" />
        </material>
    </library_materials>
    <library_effects>
        <effect id="ID8">
            <profile_COMMON>
                <newparam sid="ID10">
                    <surface type="2D">
                        <init_from>ID9</init_from>
                    </surface>
                </newparam>
                <newparam sid="ID11">
                    <sampler2D>
                        <source>ID10</source>
                    </sampler2D>
                </newparam>
                <technique sid="COMMON">
                    <lambert>
                        <diffuse>
                            <texture texture="ID11" texcoord="UVSET0" />
                        </diffuse>
                    </lambert>
                </technique>
            </profile_COMMON>
        </effect>
        <effect id="ID17">
            <profile_COMMON>
                <technique sid="COMMON">
                    <lambert>
                        <diffuse>
                            <color>0.3921569 0.572549 0.7843137 1</color>
                        </diffuse>
                    </lambert>
                </technique>
            </profile_COMMON>
        </effect>
        <effect id="ID20">
            <profile_COMMON>
                <technique sid="COMMON">
                    <constant>
                        <transparent opaque="A_ONE">
                            <color>0.5411765 0.5019608 0.4666667 1</color>
                        </transparent>
                        <transparency>
                            <float>1</float>
                        </transparency>
                    </constant>
                </technique>
            </profile_COMMON>
        </effect>
        <effect id="ID22">
            <profile_COMMON>
                <technique sid="COMMON">
                    <constant>
                        <transparent opaque="A_ONE">
                            <color>0 0 0 1</color>
                        </transparent>
                        <transparency>
                            <float>1</float>
                        </transparency>
                    </constant>
                </technique>
            </profile_COMMON>
        </effect>
    </library_effects>
    <library_images>
        <image id="ID9">
            <init_from>model/material_2.tif</init_from>
        </image>
    </library_images>
    <scene>
        <instance_visual_scene url="#ID3" />
    </scene>
</COLLADA>
