<?xml version="1.0" encoding="UTF-8" standalone="no" ?>
<COLLADA xmlns="http://www.collada.org/2005/11/COLLADASchema" version="1.4.1">
    <asset>
        <contributor>
            <authoring_tool>SketchUp 7.1.6860</authoring_tool>
        </contributor>
        <created>2019-12-08T03:38:17Z</created>
        <modified>2019-12-08T03:38:17Z</modified>
        <unit meter="0.0254" name="inch" />
        <up_axis>Z_UP</up_axis>
    </asset>
    <library_cameras>
        <camera id="ID1" name="skp_camera_Last_Saved_SketchUp_View">
            <optics>
                <technique_common>
                    <perspective>
                        <yfov>35</yfov>
                        <aspect_ratio>0</aspect_ratio>
                        <znear>1</znear>
                        <zfar>1000</zfar>
                    </perspective>
                </technique_common>
            </optics>
        </camera>
    </library_cameras>
    <library_visual_scenes>
        <visual_scene id="ID2">
            <node name="SketchUp">
                <node name="skp_camera_Last_Saved_SketchUp_View">
                    <matrix>0.9433538 -0.1542781 0.2937378 25.37761 0.3317885 0.4386494 -0.8351665 -74.38428 0 0.8853163 0.4649893 78.35551 0 0 0 1</matrix>
                    <instance_camera url="#ID1" />
                </node>
                <node id="ID3" name="instance_0">
                    <matrix>1 0 0 -27.28503 0 1 0 -13.00359 0 0 1 0.009293865 0 0 0 1</matrix>
                    <instance_node url="#ID4" />
                </node>
            </node>
        </visual_scene>
    </library_visual_scenes>
    <library_nodes>
        <node id="ID4" name="Composant_9">
            <instance_geometry url="#ID5">
                <bind_material>
                    <technique_common>
                        <instance_material symbol="Material2" target="#ID6">
                            <bind_vertex_input semantic="UVSET0" input_semantic="TEXCOORD" input_set="0" />
                        </instance_material>
                        <instance_material symbol="Material3" target="#ID12">
                            <bind_vertex_input semantic="UVSET0" input_semantic="TEXCOORD" input_set="0" />
                        </instance_material>
                        <instance_material symbol="Material4" target="#ID14">
                            <bind_vertex_input semantic="UVSET0" input_semantic="TEXCOORD" input_set="0" />
                        </instance_material>
                    </technique_common>
                </bind_material>
            </instance_geometry>
            <instance_geometry url="#ID19">
                <bind_material>
                    <technique_common>
                        <instance_material symbol="Material2" target="#ID6">
                            <bind_vertex_input semantic="UVSET0" input_semantic="TEXCOORD" input_set="0" />
                        </instance_material>
                        <instance_material symbol="Material3" target="#ID12">
                            <bind_vertex_input semantic="UVSET0" input_semantic="TEXCOORD" input_set="0" />
                        </instance_material>
                        <instance_material symbol="Material4" target="#ID14">
                            <bind_vertex_input semantic="UVSET0" input_semantic="TEXCOORD" input_set="0" />
                        </instance_material>
                    </technique_common>
                </bind_material>
            </instance_geometry>
            <instance_geometry url="#ID27">
                <bind_material>
                    <technique_common>
                        <instance_material symbol="Material2" target="#ID6">
                            <bind_vertex_input semantic="UVSET0" input_semantic="TEXCOORD" input_set="0" />
                        </instance_material>
                        <instance_material symbol="Material3" target="#ID12">
                            <bind_vertex_input semantic="UVSET0" input_semantic="TEXCOORD" input_set="0" />
                        </instance_material>
                        <instance_material symbol="Material4" target="#ID14">
                            <bind_vertex_input semantic="UVSET0" input_semantic="TEXCOORD" input_set="0" />
                        </instance_material>
                    </technique_common>
                </bind_material>
            </instance_geometry>
            <instance_geometry url="#ID35">
                <bind_material>
                    <technique_common>
                        <instance_material symbol="Material2" target="#ID6">
                            <bind_vertex_input semantic="UVSET0" input_semantic="TEXCOORD" input_set="0" />
                        </instance_material>
                        <instance_material symbol="Material3" target="#ID12">
                            <bind_vertex_input semantic="UVSET0" input_semantic="TEXCOORD" input_set="0" />
                        </instance_material>
                    </technique_common>
                </bind_material>
            </instance_geometry>
            <instance_geometry url="#ID43">
                <bind_material>
                    <technique_common>
                        <instance_material symbol="Material2" target="#ID6">
                            <bind_vertex_input semantic="UVSET0" input_semantic="TEXCOORD" input_set="0" />
                        </instance_material>
                        <instance_material symbol="Material3" target="#ID12">
                            <bind_vertex_input semantic="UVSET0" input_semantic="TEXCOORD" input_set="0" />
                        </instance_material>
                        <instance_material symbol="Material4" target="#ID14">
                            <bind_vertex_input semantic="UVSET0" input_semantic="TEXCOORD" input_set="0" />
                        </instance_material>
                    </technique_common>
                </bind_material>
            </instance_geometry>
            <instance_geometry url="#ID51">
                <bind_material>
                    <technique_common>
                        <instance_material symbol="Material2" target="#ID6">
                            <bind_vertex_input semantic="UVSET0" input_semantic="TEXCOORD" input_set="0" />
                        </instance_material>
                        <instance_material symbol="Material3" target="#ID12">
                            <bind_vertex_input semantic="UVSET0" input_semantic="TEXCOORD" input_set="0" />
                        </instance_material>
                        <instance_material symbol="Material4" target="#ID14">
                            <bind_vertex_input semantic="UVSET0" input_semantic="TEXCOORD" input_set="0" />
                        </instance_material>
                    </technique_common>
                </bind_material>
            </instance_geometry>
            <instance_geometry url="#ID59">
                <bind_material>
                    <technique_common>
                        <instance_material symbol="Material2" target="#ID6">
                            <bind_vertex_input semantic="UVSET0" input_semantic="TEXCOORD" input_set="0" />
                        </instance_material>
                        <instance_material symbol="Material3" target="#ID12">
                            <bind_vertex_input semantic="UVSET0" input_semantic="TEXCOORD" input_set="0" />
                        </instance_material>
                        <instance_material symbol="Material4" target="#ID14">
                            <bind_vertex_input semantic="UVSET0" input_semantic="TEXCOORD" input_set="0" />
                        </instance_material>
                    </technique_common>
                </bind_material>
            </instance_geometry>
            <instance_geometry url="#ID67">
                <bind_material>
                    <technique_common>
                        <instance_material symbol="Material2" target="#ID6">
                            <bind_vertex_input semantic="UVSET0" input_semantic="TEXCOORD" input_set="0" />
                        </instance_material>
                        <instance_material symbol="Material3" target="#ID12">
                            <bind_vertex_input semantic="UVSET0" input_semantic="TEXCOORD" input_set="0" />
                        </instance_material>
                        <instance_material symbol="Material4" target="#ID14">
                            <bind_vertex_input semantic="UVSET0" input_semantic="TEXCOORD" input_set="0" />
                        </instance_material>
                    </technique_common>
                </bind_material>
            </instance_geometry>
            <instance_geometry url="#ID75">
                <bind_material>
                    <technique_common>
                        <instance_material symbol="Material2" target="#ID6">
                            <bind_vertex_input semantic="UVSET0" input_semantic="TEXCOORD" input_set="0" />
                        </instance_material>
                        <instance_material symbol="Material3" target="#ID12">
                            <bind_vertex_input semantic="UVSET0" input_semantic="TEXCOORD" input_set="0" />
                        </instance_material>
                    </technique_common>
                </bind_material>
            </instance_geometry>
            <instance_geometry url="#ID83">
                <bind_material>
                    <technique_common>
                        <instance_material symbol="Material2" target="#ID6">
                            <bind_vertex_input semantic="UVSET0" input_semantic="TEXCOORD" input_set="0" />
                        </instance_material>
                        <instance_material symbol="Material3" target="#ID12">
                            <bind_vertex_input semantic="UVSET0" input_semantic="TEXCOORD" input_set="0" />
                        </instance_material>
                    </technique_common>
                </bind_material>
            </instance_geometry>
            <instance_geometry url="#ID91">
                <bind_material>
                    <technique_common>
                        <instance_material symbol="Material2" target="#ID6">
                            <bind_vertex_input semantic="UVSET0" input_semantic="TEXCOORD" input_set="0" />
                        </instance_material>
                        <instance_material symbol="Material3" target="#ID12">
                            <bind_vertex_input semantic="UVSET0" input_semantic="TEXCOORD" input_set="0" />
                        </instance_material>
                        <instance_material symbol="Material4" target="#ID14">
                            <bind_vertex_input semantic="UVSET0" input_semantic="TEXCOORD" input_set="0" />
                        </instance_material>
                    </technique_common>
                </bind_material>
            </instance_geometry>
            <instance_geometry url="#ID99">
                <bind_material>
                    <technique_common>
                        <instance_material symbol="Material2" target="#ID6">
                            <bind_vertex_input semantic="UVSET0" input_semantic="TEXCOORD" input_set="0" />
                        </instance_material>
                        <instance_material symbol="Material3" target="#ID12">
                            <bind_vertex_input semantic="UVSET0" input_semantic="TEXCOORD" input_set="0" />
                        </instance_material>
                        <instance_material symbol="Material4" target="#ID14">
                            <bind_vertex_input semantic="UVSET0" input_semantic="TEXCOORD" input_set="0" />
                        </instance_material>
                    </technique_common>
                </bind_material>
            </instance_geometry>
            <instance_geometry url="#ID107">
                <bind_material>
                    <technique_common>
                        <instance_material symbol="Material2" target="#ID6">
                            <bind_vertex_input semantic="UVSET0" input_semantic="TEXCOORD" input_set="0" />
                        </instance_material>
                        <instance_material symbol="Material3" target="#ID12">
                            <bind_vertex_input semantic="UVSET0" input_semantic="TEXCOORD" input_set="0" />
                        </instance_material>
                    </technique_common>
                </bind_material>
            </instance_geometry>
            <instance_geometry url="#ID115">
                <bind_material>
                    <technique_common>
                        <instance_material symbol="Material2" target="#ID6">
                            <bind_vertex_input semantic="UVSET0" input_semantic="TEXCOORD" input_set="0" />
                        </instance_material>
                        <instance_material symbol="Material3" target="#ID12">
                            <bind_vertex_input semantic="UVSET0" input_semantic="TEXCOORD" input_set="0" />
                        </instance_material>
                        <instance_material symbol="Material4" target="#ID14">
                            <bind_vertex_input semantic="UVSET0" input_semantic="TEXCOORD" input_set="0" />
                        </instance_material>
                    </technique_common>
                </bind_material>
            </instance_geometry>
            <instance_geometry url="#ID123">
                <bind_material>
                    <technique_common>
                        <instance_material symbol="Material2" target="#ID6">
                            <bind_vertex_input semantic="UVSET0" input_semantic="TEXCOORD" input_set="0" />
                        </instance_material>
                        <instance_material symbol="Material3" target="#ID12">
                            <bind_vertex_input semantic="UVSET0" input_semantic="TEXCOORD" input_set="0" />
                        </instance_material>
                    </technique_common>
                </bind_material>
            </instance_geometry>
            <instance_geometry url="#ID131">
                <bind_material>
                    <technique_common>
                        <instance_material symbol="Material2" target="#ID6">
                            <bind_vertex_input semantic="UVSET0" input_semantic="TEXCOORD" input_set="0" />
                        </instance_material>
                        <instance_material symbol="Material3" target="#ID12">
                            <bind_vertex_input semantic="UVSET0" input_semantic="TEXCOORD" input_set="0" />
                        </instance_material>
                        <instance_material symbol="Material4" target="#ID14">
                            <bind_vertex_input semantic="UVSET0" input_semantic="TEXCOORD" input_set="0" />
                        </instance_material>
                    </technique_common>
                </bind_material>
            </instance_geometry>
            <instance_geometry url="#ID139">
                <bind_material>
                    <technique_common>
                        <instance_material symbol="Material2" target="#ID6">
                            <bind_vertex_input semantic="UVSET0" input_semantic="TEXCOORD" input_set="0" />
                        </instance_material>
                        <instance_material symbol="Material3" target="#ID12">
                            <bind_vertex_input semantic="UVSET0" input_semantic="TEXCOORD" input_set="0" />
                        </instance_material>
                        <instance_material symbol="Material4" target="#ID14">
                            <bind_vertex_input semantic="UVSET0" input_semantic="TEXCOORD" input_set="0" />
                        </instance_material>
                    </technique_common>
                </bind_material>
            </instance_geometry>
            <instance_geometry url="#ID147">
                <bind_material>
                    <technique_common>
                        <instance_material symbol="Material2" target="#ID6">
                            <bind_vertex_input semantic="UVSET0" input_semantic="TEXCOORD" input_set="0" />
                        </instance_material>
                        <instance_material symbol="Material3" target="#ID12">
                            <bind_vertex_input semantic="UVSET0" input_semantic="TEXCOORD" input_set="0" />
                        </instance_material>
                    </technique_common>
                </bind_material>
            </instance_geometry>
            <instance_geometry url="#ID155">
                <bind_material>
                    <technique_common>
                        <instance_material symbol="Material2" target="#ID6">
                            <bind_vertex_input semantic="UVSET0" input_semantic="TEXCOORD" input_set="0" />
                        </instance_material>
                        <instance_material symbol="Material3" target="#ID12">
                            <bind_vertex_input semantic="UVSET0" input_semantic="TEXCOORD" input_set="0" />
                        </instance_material>
                    </technique_common>
                </bind_material>
            </instance_geometry>
            <instance_geometry url="#ID163">
                <bind_material>
                    <technique_common>
                        <instance_material symbol="Material2" target="#ID6">
                            <bind_vertex_input semantic="UVSET0" input_semantic="TEXCOORD" input_set="0" />
                        </instance_material>
                        <instance_material symbol="Material3" target="#ID12">
                            <bind_vertex_input semantic="UVSET0" input_semantic="TEXCOORD" input_set="0" />
                        </instance_material>
                    </technique_common>
                </bind_material>
            </instance_geometry>
            <instance_geometry url="#ID171">
                <bind_material>
                    <technique_common>
                        <instance_material symbol="Material2" target="#ID6">
                            <bind_vertex_input semantic="UVSET0" input_semantic="TEXCOORD" input_set="0" />
                        </instance_material>
                        <instance_material symbol="Material3" target="#ID12">
                            <bind_vertex_input semantic="UVSET0" input_semantic="TEXCOORD" input_set="0" />
                        </instance_material>
                        <instance_material symbol="Material4" target="#ID14">
                            <bind_vertex_input semantic="UVSET0" input_semantic="TEXCOORD" input_set="0" />
                        </instance_material>
                    </technique_common>
                </bind_material>
            </instance_geometry>
            <instance_geometry url="#ID179">
                <bind_material>
                    <technique_common>
                        <instance_material symbol="Material2" target="#ID6">
                            <bind_vertex_input semantic="UVSET0" input_semantic="TEXCOORD" input_set="0" />
                        </instance_material>
                        <instance_material symbol="Material3" target="#ID12">
                            <bind_vertex_input semantic="UVSET0" input_semantic="TEXCOORD" input_set="0" />
                        </instance_material>
                        <instance_material symbol="Material4" target="#ID14">
                            <bind_vertex_input semantic="UVSET0" input_semantic="TEXCOORD" input_set="0" />
                        </instance_material>
                    </technique_common>
                </bind_material>
            </instance_geometry>
            <instance_geometry url="#ID187">
                <bind_material>
                    <technique_common>
                        <instance_material symbol="Material2" target="#ID6">
                            <bind_vertex_input semantic="UVSET0" input_semantic="TEXCOORD" input_set="0" />
                        </instance_material>
                        <instance_material symbol="Material3" target="#ID12">
                            <bind_vertex_input semantic="UVSET0" input_semantic="TEXCOORD" input_set="0" />
                        </instance_material>
                        <instance_material symbol="Material4" target="#ID14">
                            <bind_vertex_input semantic="UVSET0" input_semantic="TEXCOORD" input_set="0" />
                        </instance_material>
                    </technique_common>
                </bind_material>
            </instance_geometry>
            <instance_geometry url="#ID195">
                <bind_material>
                    <technique_common>
                        <instance_material symbol="Material2" target="#ID6">
                            <bind_vertex_input semantic="UVSET0" input_semantic="TEXCOORD" input_set="0" />
                        </instance_material>
                        <instance_material symbol="Material3" target="#ID12">
                            <bind_vertex_input semantic="UVSET0" input_semantic="TEXCOORD" input_set="0" />
                        </instance_material>
                        <instance_material symbol="Material4" target="#ID14">
                            <bind_vertex_input semantic="UVSET0" input_semantic="TEXCOORD" input_set="0" />
                        </instance_material>
                    </technique_common>
                </bind_material>
            </instance_geometry>
            <instance_geometry url="#ID203">
                <bind_material>
                    <technique_common>
                        <instance_material symbol="Material2" target="#ID6">
                            <bind_vertex_input semantic="UVSET0" input_semantic="TEXCOORD" input_set="0" />
                        </instance_material>
                        <instance_material symbol="Material3" target="#ID12">
                            <bind_vertex_input semantic="UVSET0" input_semantic="TEXCOORD" input_set="0" />
                        </instance_material>
                        <instance_material symbol="Material4" target="#ID14">
                            <bind_vertex_input semantic="UVSET0" input_semantic="TEXCOORD" input_set="0" />
                        </instance_material>
                    </technique_common>
                </bind_material>
            </instance_geometry>
            <instance_geometry url="#ID211">
                <bind_material>
                    <technique_common>
                        <instance_material symbol="Material2" target="#ID6">
                            <bind_vertex_input semantic="UVSET0" input_semantic="TEXCOORD" input_set="0" />
                        </instance_material>
                        <instance_material symbol="Material3" target="#ID12">
                            <bind_vertex_input semantic="UVSET0" input_semantic="TEXCOORD" input_set="0" />
                        </instance_material>
                    </technique_common>
                </bind_material>
            </instance_geometry>
            <instance_geometry url="#ID219">
                <bind_material>
                    <technique_common>
                        <instance_material symbol="Material2" target="#ID6">
                            <bind_vertex_input semantic="UVSET0" input_semantic="TEXCOORD" input_set="0" />
                        </instance_material>
                        <instance_material symbol="Material3" target="#ID12">
                            <bind_vertex_input semantic="UVSET0" input_semantic="TEXCOORD" input_set="0" />
                        </instance_material>
                    </technique_common>
                </bind_material>
            </instance_geometry>
            <instance_geometry url="#ID227">
                <bind_material>
                    <technique_common>
                        <instance_material symbol="Material2" target="#ID12">
                            <bind_vertex_input semantic="UVSET0" input_semantic="TEXCOORD" input_set="0" />
                        </instance_material>
                    </technique_common>
                </bind_material>
            </instance_geometry>
            <instance_geometry url="#ID231">
                <bind_material>
                    <technique_common>
                        <instance_material symbol="Material2" target="#ID12">
                            <bind_vertex_input semantic="UVSET0" input_semantic="TEXCOORD" input_set="0" />
                        </instance_material>
                    </technique_common>
                </bind_material>
            </instance_geometry>
            <instance_geometry url="#ID235">
                <bind_material>
                    <technique_common>
                        <instance_material symbol="Material2" target="#ID12">
                            <bind_vertex_input semantic="UVSET0" input_semantic="TEXCOORD" input_set="0" />
                        </instance_material>
                    </technique_common>
                </bind_material>
            </instance_geometry>
        </node>
    </library_nodes>
    <library_geometries>
        <geometry id="ID5">
            <mesh>
                <source id="ID8">
                    <float_array id="ID16" count="468">21.02549 17.07586 47.9174 21.12537 16.49902 50.06051 21.19543 16.19244 51.48383 21.19543 16.19244 51.48383 21.12537 16.49902 50.06051 21.02549 17.07586 47.9174 21.12537 16.49902 50.06051 21.19543 16.19244 51.48383 21.02549 17.07586 47.9174 21.13074 15.90279 51.70532 21.13074 15.90279 51.70532 21.13074 15.90279 51.70532 21.04681 17.22651 47.78691 21.04681 17.22651 47.78691 21.04681 17.22651 47.78691 21.09551 15.11803 53.98143 21.09551 15.11803 53.98143 21.09551 15.11803 53.98143 20.81636 17.49006 45.37572 20.81636 17.49006 45.37572 20.81636 17.49006 45.37572 21.0982 15.46421 52.7708 21.0982 15.46421 52.7708 21.0982 15.46421 52.7708 20.60887 17.7941 43.13865 20.60887 17.7941 43.13865 20.60887 17.7941 43.13865 21.09094 15.39607 52.91468 21.09094 15.39607 52.91468 21.09094 15.39607 52.91468 20.52738 17.64824 42.54689 20.52738 17.64824 42.54689 20.52738 17.64824 42.54689 21.08455 15.3343 53.05173 21.08455 15.3343 53.05173 21.08455 15.3343 53.05173 20.21747 17.51424 39.54055 20.21747 17.51424 39.54055 20.21747 17.51424 39.54055 21.07915 15.27911 53.18153 21.07915 15.27911 53.18153 21.07915 15.27911 53.18153 20.05658 17.7038 37.8988 20.05658 17.7038 37.8988 20.05658 17.7038 37.8988 21.07486 15.23073 53.30372 21.07486 15.23073 53.30372 21.07486 15.23073 53.30372 19.93791 17.2936 36.45645 19.93791 17.2936 36.45645 19.93791 17.2936 36.45645 21.0718 15.18941 53.418 21.0718 15.18941 53.418 21.0718 15.18941 53.418 19.53559 17.64184 32.45352 19.53559 17.64184 32.45352 19.53559 17.64184 32.45352 21.0701 15.15538 53.5241 21.0701 15.15538 53.5241 21.0701 15.15538 53.5241 18.82276 17.34707 18.7615 18.82276 17.34707 18.7615 18.82276 17.34707 18.7615 21.0699 15.12891 53.62183 21.0699 15.12891 53.62183 21.0699 15.12891 53.62183 18.99242 17.77302 27.04439 18.99242 17.77302 27.04439 18.99242 17.77302 27.04439 18.77005 17.39001 21.48358 18.77005 17.39001 21.48358 18.77005 17.39001 21.48358 21.07132 15.11022 53.71103 21.07132 15.11022 53.71103 21.07132 15.11022 53.71103 19.05503 17.23101 16.15547 19.05503 17.23101 16.15547 19.05503 17.23101 16.15547 19.68084 17.19147 33.36037 19.68084 17.19147 33.36037 19.68084 17.19147 33.36037 21.07949 15.09717 53.86354 21.07949 15.09717 53.86354 21.07949 15.09717 53.86354 18.67656 17.78593 21.92953 18.67656 17.78593 21.92953 18.67656 17.78593 21.92953 18.88706 17.35843 24.32026 18.88706 17.35843 24.32026 18.88706 17.35843 24.32026 21.07447 15.09956 53.79162 21.07447 15.09956 53.79162 21.07447 15.09956 53.79162 21.08647 15.10326 53.92679 21.08647 15.10326 53.92679 21.08647 15.10326 53.92679 19.47013 17.04191 13.66041 19.47013 17.04191 13.66041 19.47013 17.04191 13.66041 19.42554 17.18418 30.28895 19.42554 17.18418 30.28895 19.42554 17.18418 30.28895 18.87236 17.55201 17.35656 18.87236 17.55201 17.35656 18.87236 17.55201 17.35656 19.15323 17.25412 27.26713 19.15323 17.25412 27.26713 19.15323 17.25412 27.26713 20.06474 16.77739 11.2642 20.06474 16.77739 11.2642 20.06474 16.77739 11.2642 19.49081 17.19943 13.45983 19.49081 17.19943 13.45983 19.49081 17.19943 13.45983 21.2775 16.42683 7.784614 21.2775 16.42683 7.784614 21.2775 16.42683 7.784614 20.82856 16.43231 8.946962 20.82856 16.43231 8.946962 20.82856 16.43231 8.946962 20.35552 16.81565 10.2822 20.35552 16.81565 10.2822 20.35552 16.81565 10.2822 22.11471 16.02334 5.869727 22.11471 16.02334 5.869727 22.11471 16.02334 5.869727 21.74331 15.99908 6.680174 21.74331 15.99908 6.680174 21.74331 15.99908 6.680174 22.13154 16.01222 5.833269 22.13154 16.01222 5.833269 22.13154 16.01222 5.833269 22.13406 15.83211 5.835373 22.13406 15.83211 5.835373 22.13406 15.83211 5.835373 22.12683 15.78743 5.835916 22.12683 15.78743 5.835916 22.12683 15.78743 5.835916 22.13154 16.01222 5.833269 22.87668 15.54424 4.333392 22.13406 15.83211 5.835373 22.13406 15.83211 5.835373 22.87668 15.54424 4.333392 22.13154 16.01222 5.833269 22.87668 15.54424 4.333392 22.12683 15.78743 5.835916 22.12683 15.78743 5.835916 22.85222 15.42625 4.352265 22.85222 15.42625 4.352265 22.85222 15.42625 4.352265 23.50094 15.07427 3.093691 23.50094 15.07427 3.093691 23.50094 15.07427 3.093691 24.09874 14.70759 1.943565 24.09874 14.70759 1.943565 24.09874 14.70759 1.943565</float_array>
                    <technique_common>
                        <accessor count="156" source="#ID16" stride="3">
                            <param name="X" type="float" />
                            <param name="Y" type="float" />
                            <param name="Z" type="float" />
                        </accessor>
                    </technique_common>
                </source>
                <source id="ID9">
                    <float_array id="ID17" count="468">-0.9680825 0.2274071 0.1053675 -0.9963078 0.05953003 0.06186214 -0.9514427 0.2895084 0.1046024 0.9514427 -0.2895084 -0.1046024 0.9963078 -0.05953003 -0.06186214 0.9680825 -0.2274071 -0.1053675 0 0 0 0 0 0 0 0 0 -0.9567458 0.2781171 0.08537221 0.9567458 -0.2781171 -0.08537221 0 0 0 -0.9650318 0.2356008 0.1149166 0.9650318 -0.2356008 -0.1149166 0 0 0 -0.9567327 0.2811704 0.07487206 0.9567327 -0.2811704 -0.07487206 0 0 0 -0.9885091 0.1075318 0.1062391 0.9885091 -0.1075318 -0.1062391 0 0 0 -0.9733658 0.220985 0.06102949 0.9733658 -0.220985 -0.06102949 0 0 0 -0.9873152 0.1177156 0.1065449 0.9873152 -0.1177156 -0.1065449 0 0 0 -0.9660506 0.24896 0.06903064 0.9660506 -0.24896 -0.06903064 0 0 0 -0.9819605 0.1635339 0.09492208 0.9819605 -0.1635339 -0.09492208 0 0 0 -0.9633688 0.2584774 0.07148495 0.9633688 -0.2584774 -0.07148495 0 0 0 -0.9933684 0.05105874 0.1030157 0.9933684 -0.05105874 -0.1030157 0 0 0 -0.9609126 0.2669417 0.07340996 0.9609126 -0.2669417 -0.07340996 0 0 0 -0.9949516 -0.03600051 0.09367663 0.9949516 0.03600051 -0.09367663 0 0 0 -0.958713 0.2743502 0.07484184 0.958713 -0.2743502 -0.07484184 0 0 0 -0.9941838 -0.05184197 0.09439817 0.9941838 0.05184197 -0.09439817 0 0 0 -0.9567856 0.2807331 0.07582992 0.9567856 -0.2807331 -0.07582992 0 0 0 -0.9129016 -0.4041027 0.05754648 0.9129016 0.4041027 -0.05754648 0 0 0 -0.9551333 0.2861441 0.076432 0.9551333 -0.2861441 -0.076432 0 0 0 0.07334492 -0.9961324 0.04838122 -0.07334492 0.9961324 -0.04838122 0 0 0 -0.9537487 0.2906524 0.07671073 0.9537487 -0.2906524 -0.07671073 0 0 0 -0.6891443 -0.7228405 0.05081053 0.6891443 0.7228405 -0.05081053 0 0 0 0.2184159 0.9757978 -0.01063266 -0.2184159 -0.9757978 0.01063266 0 0 0 -0.9526173 0.2943364 0.07672235 0.9526173 -0.2943364 -0.07672235 0 0 0 -0.2109281 0.971752 -0.1058648 0.2109281 -0.971752 0.1058648 0 0 0 -0.9887631 0.1275119 0.07802733 0.9887631 -0.1275119 -0.07802733 0 0 0 -0.9513633 0.2984274 0.07647819 0.9513633 -0.2984274 -0.07647819 0 0 0 -0.6176439 -0.7856994 0.03453325 0.6176439 0.7856994 -0.03453325 0 0 0 0.150488 0.9885989 0.005049519 -0.150488 -0.9885989 -0.005049519 0 0 0 -0.9527329 0.294097 0.07620324 0.9527329 -0.294097 -0.07620324 0 0 0 -0.9505166 0.3012637 0.07588394 0.9505166 -0.3012637 -0.07588394 0 0 0 -0.3168557 0.9315378 -0.1784369 0.3168557 -0.9315378 0.1784369 0 0 0 -0.972493 -0.2182598 0.08136409 0.972493 0.2182598 -0.08136409 0 0 0 -0.5990688 -0.8005907 0.01308133 0.5990688 0.8005907 -0.01308133 0 0 0 -0.9958579 -0.01682505 0.08935277 0.9958579 0.01682505 -0.08935277 0 0 0 -0.7062315 0.6381438 -0.3066098 0.7062315 -0.6381438 0.3066098 0 0 0 -0.7148901 -0.6971624 -0.05382237 0.7148901 0.6971624 0.05382237 0 0 0 -0.9129524 -0.2102272 -0.3497463 0.9129524 0.2102272 0.3497463 0 0 0 -0.8823517 0.3218758 -0.3432949 0.8823517 -0.3218758 0.3432949 0 0 0 -0.338438 -0.9407426 0.02151983 0.338438 0.9407426 -0.02151983 0 0 0 -0.9096911 -0.002754439 -0.4152764 0.9096911 0.002754439 0.4152764 0 0 0 -0.8920662 0.2040447 -0.4032166 0.8920662 -0.2040447 0.4032166 0 0 0 -0.9088202 -0.01629769 -0.4168696 0.9088202 0.01629769 0.4168696 0 0 0 -0.9003945 0.06748835 -0.4298081 0.9003945 -0.06748835 0.4298081 0 0 0 -0.8881756 0.1383895 -0.4381694 0.8881756 -0.1383895 0.4381694 0 0 0 -0.8976208 -0.01771069 -0.4404126 -0.8780076 0.103098 -0.4674115 -0.8910273 0.05345297 -0.4507917 0.8910273 -0.05345297 0.4507917 0.8780076 -0.103098 0.4674115 0.8976208 0.01771069 0.4404126 0 0 0 -0.8776218 0.1352546 -0.4598763 0.8776218 -0.1352546 0.4598763 -0.8772622 0.1059562 -0.4681712 0.8772622 -0.1059562 0.4681712 0 0 0 -0.895384 -0.09356767 -0.4353534 0.895384 0.09356767 0.4353534 0 0 0 -0.8955029 -0.09881445 -0.4339473 0.8955029 0.09881445 0.4339473 0 0 0</float_array>
                    <technique_common>
                        <accessor count="156" source="#ID17" stride="3">
                            <param name="X" type="float" />
                            <param name="Y" type="float" />
                            <param name="Z" type="float" />
                        </accessor>
                    </technique_common>
                </source>
                <source id="ID10">
                    <Name_array id="ID18" count="0" />
                    <technique_common>
                        <accessor count="0" source="#ID18" stride="1">
                            <param name="skp_material" type="Name" />
                        </accessor>
                    </technique_common>
                </source>
                <vertices id="ID11">
                    <input semantic="POSITION" source="#ID8" />
                    <input semantic="NORMAL" source="#ID9" />
                </vertices>
                <triangles count="98" material="Material2">
                    <input offset="0" semantic="VERTEX" source="#ID11" />
                    <p>0 1 2 3 4 5 1 9 2 3 10 4 12 0 2 3 5 13 2 9 15 16 10 3 18 0 12 13 5 19 9 21 15 16 22 10 24 18 12 13 19 25 21 27 15 16 28 22 24 30 18 19 31 25 27 33 15 16 34 28 24 36 30 31 37 25 33 39 15 16 40 34 24 42 36 37 43 25 39 45 15 16 46 40 42 48 36 37 49 43 45 51 15 16 52 46 42 54 48 49 55 43 51 57 15 16 58 52 54 60 48 49 61 55 57 63 15 16 64 58 54 66 60 61 67 55 49 61 69 70 60 48 63 72 15 16 73 64 67 75 61 60 76 66 70 78 48 49 79 69 15 72 81 82 73 16 66 84 76 75 85 67 79 69 87 88 70 78 72 90 81 82 91 73 15 81 93 94 82 16 85 96 75 76 97 84 88 99 78 79 100 87 84 102 97 96 103 85 88 105 99 100 106 87 103 108 96 97 109 102 102 111 108 109 112 103 111 114 108 109 115 112 108 114 117 118 115 109 111 120 114 115 121 112 117 114 123 124 115 118 117 123 126 127 124 118 123 129 126 127 130 124 129 132 126 127 133 130 126 132 135 136 133 127 138 139 140 141 142 143 140 139 145 146 142 141 145 139 147 148 142 146 139 150 147 148 151 142 147 150 153 154 151 148</p>
                </triangles>
                <lines count="82" material="Material3">
                    <input offset="0" semantic="VERTEX" source="#ID11" />
                    <p>6 7 8 7 8 6 11 7 6 11 14 7 8 14 7 17 11 17 20 14 20 8 23 17 11 23 26 14 20 26 23 29 29 17 32 26 32 20 35 17 29 35 38 26 38 32 41 17 35 41 44 26 38 44 47 17 41 47 50 44 50 38 53 17 47 53 50 56 56 44 59 17 53 59 56 62 65 17 59 65 68 56 62 71 74 17 65 74 77 62 80 50 83 74 83 17 86 68 71 89 92 83 74 92 95 17 83 95 98 77 101 89 101 80 104 86 107 101 89 107 110 98 113 104 116 110 119 110 116 122 122 113 125 116 128 125 128 119 131 125 128 131 128 134 137 128 134 144 144 131 137 144 149 137 149 144 152 144 149 152 155 149 155 152</p>
                </lines>
                <lines count="16" material="Material4">
                    <input offset="0" semantic="VERTEX" source="#ID11" />
                    <p>50 62 68 62 50 71 68 77 80 71 86 77 80 89 86 98 104 98 104 110 113 110 113 116 119 116 119 125 134 131 137 134</p>
                </lines>
            </mesh>
        </geometry>
        <geometry id="ID19">
            <mesh>
                <source id="ID20">
                    <float_array id="ID24" count="453">27.05094 -2.323788 58.0803 27.07467 -2.58184 58.20534 27.29811 -3.935102 58.62918 27.29811 -3.935102 58.62918 27.07467 -2.58184 58.20534 27.05094 -2.323788 58.0803 27.07467 -2.58184 58.20534 27.29811 -3.935102 58.62918 27.05094 -2.323788 58.0803 27.10516 -2.845619 58.31767 27.10516 -2.845619 58.31767 27.10516 -2.845619 58.31767 27.03373 -2.072547 57.94318 27.03373 -2.072547 57.94318 27.03373 -2.072547 57.94318 27.14258 -3.114006 58.41671 27.14258 -3.114006 58.41671 27.14258 -3.114006 58.41671 27.02284 -1.829149 57.79468 27.02284 -1.829149 57.79468 27.02284 -1.829149 57.79468 27.18712 -3.385841 58.50193 27.18712 -3.385841 58.50193 27.18712 -3.385841 58.50193 27.01804 -1.594574 57.63552 27.01804 -1.594574 57.63552 27.01804 -1.594574 57.63552 27.23893 -3.659942 58.57288 27.23893 -3.659942 58.57288 27.23893 -3.659942 58.57288 27.01911 -1.369746 57.46647 27.01911 -1.369746 57.46647 27.01911 -1.369746 57.46647 27.02584 -1.155522 57.28833 27.02584 -1.155522 57.28833 27.02584 -1.155522 57.28833 27.03803 -0.9526962 57.10193 27.03803 -0.9526962 57.10193 27.03803 -0.9526962 57.10193 27.3543 0.3482523 55.20205 27.3543 0.3482523 55.20205 27.3543 0.3482523 55.20205 27.13377 0.5546576 55.64041 27.13377 0.5546576 55.64041 27.13377 0.5546576 55.64041 27.40916 2.163367 53.51378 27.40916 2.163367 53.51378 27.40916 2.163367 53.51378 27.85318 3.67449 50.62482 27.85318 3.67449 50.62482 27.85318 3.67449 50.62482 27.7533 3.753984 50.90986 27.7533 3.753984 50.90986 27.7533 3.753984 50.90986 28.02128 5.312645 47.96514 28.02128 5.312645 47.96514 28.02128 5.312645 47.96514 28.26917 6.28885 45.35175 28.26917 6.28885 45.35175 28.26917 6.28885 45.35175 28.20606 6.745614 44.80392 28.20606 6.745614 44.80392 28.20606 6.745614 44.80392 28.3345 7.98751 41.52719 28.3345 7.98751 41.52719 28.3345 7.98751 41.52719 28.5739 8.245205 39.68988 28.5739 8.245205 39.68988 28.5739 8.245205 39.68988 28.45129 9.003134 38.21403 28.45129 9.003134 38.21403 28.45129 9.003134 38.21403 28.57536 9.831678 34.91954 28.57536 9.831678 34.91954 28.57536 9.831678 34.91954 28.90284 9.63241 33.90861 28.90284 9.63241 33.90861 28.90284 9.63241 33.90861 28.69065 10.5561 31.66368 28.69065 10.5561 31.66368 28.69065 10.5561 31.66368 28.81483 11.18406 28.47099 28.81483 11.18406 28.47099 28.81483 11.18406 28.47099 29.19712 10.79018 28.19914 29.19712 10.79018 28.19914 29.19712 10.79018 28.19914 28.95643 11.73389 25.35494 28.95643 11.73389 25.35494 28.95643 11.73389 25.35494 29.44204 11.81364 22.76247 29.44204 11.81364 22.76247 29.44204 11.81364 22.76247 29.11236 12.23184 22.31985 29.11236 12.23184 22.31985 29.11236 12.23184 22.31985 29.26687 12.70875 19.36279 29.26687 12.70875 19.36279 29.26687 12.70875 19.36279 29.6072 12.75492 17.77632 29.6072 12.75492 17.77632 29.6072 12.75492 17.77632 29.39151 13.19655 16.47537 29.39151 13.19655 16.47537 29.39151 13.19655 16.47537 29.4458 13.7248 13.64563 29.4458 13.7248 13.64563 29.4458 13.7248 13.64563 29.64439 13.64168 13.37975 29.64439 13.64168 13.37975 29.64439 13.64168 13.37975 29.37841 14.31709 10.85979 29.37841 14.31709 10.85979 29.37841 14.31709 10.85979 29.50798 14.47436 9.663482 29.50798 14.47436 9.663482 29.50798 14.47436 9.663482 29.12876 14.98748 8.104121 29.12876 14.98748 8.104121 29.12876 14.98748 8.104121 29.1724 15.23679 6.660306 29.1724 15.23679 6.660306 29.1724 15.23679 6.660306 28.9926 15.47718 5.848101 28.9926 15.47718 5.848101 28.9926 15.47718 5.848101 28.72042 15.60848 5.84568 28.72042 15.60848 5.84568 28.72042 15.60848 5.84568 28.9926 15.47718 5.848101 28.62894 15.73668 5.366594 28.72042 15.60848 5.84568 28.72042 15.60848 5.84568 28.62894 15.73668 5.366594 28.9926 15.47718 5.848101 28.62894 15.73668 5.366594 28.64369 15.91212 4.336046 28.64369 15.91212 4.336046 28.64369 15.91212 4.336046 27.8061 16.54821 2.63842 27.8061 16.54821 2.63842 27.8061 16.54821 2.63842 27.967 16.49353 2.581124 27.967 16.49353 2.581124 27.967 16.49353 2.581124 27.23302 16.98353 1.202469 27.23302 16.98353 1.202469 27.23302 16.98353 1.202469 26.58538 17.38468 -0.08461054 26.58538 17.38468 -0.08461054 26.58538 17.38468 -0.08461054</float_array>
                    <technique_common>
                        <accessor count="151" source="#ID24" stride="3">
                            <param name="X" type="float" />
                            <param name="Y" type="float" />
                            <param name="Z" type="float" />
                        </accessor>
                    </technique_common>
                </source>
                <source id="ID21">
                    <float_array id="ID25" count="453">0.8913501 0.2625995 0.3695085 0.8867388 0.2650297 0.3787527 0.9017739 0.2540913 0.3496305 -0.9017739 -0.2540913 -0.3496305 -0.8867388 -0.2650297 -0.3787527 -0.8913501 -0.2625995 -0.3695085 0 0 0 0 0 0 0 0 0 0.8819787 0.2672011 0.3882231 -0.8819787 -0.2672011 -0.3882231 0 0 0 0.8957613 0.2599587 0.3606012 -0.8957613 -0.2599587 -0.3606012 0 0 0 0.8771255 0.2690756 0.3978055 -0.8771255 -0.2690756 -0.3978055 0 0 0 0.8999266 0.2571641 0.3521347 -0.8999266 -0.2571641 -0.3521347 0 0 0 0.8722381 0.2706257 0.4073849 -0.8722381 -0.2706257 -0.4073849 0 0 0 0.9038062 0.2542791 0.3442042 -0.9038062 -0.2542791 -0.3442042 0 0 0 0.8673772 0.2718358 0.4168477 -0.8673772 -0.2718358 -0.4168477 0 0 0 0.9073671 0.2513717 0.3368933 -0.9073671 -0.2513717 -0.3368933 0 0 0 0.9105831 0.2485126 0.3302726 -0.9105831 -0.2485126 -0.3302726 0 0 0 0.9148095 0.245189 0.3209455 -0.9148095 -0.245189 -0.3209455 0 0 0 0.9087487 0.2649066 0.3224906 -0.9087487 -0.2649066 -0.3224906 0 0 0 0.9053904 0.2680583 0.3292612 -0.9053904 -0.2680583 -0.3292612 0 0 0 0.9423913 0.212269 0.2585354 -0.9423913 -0.212269 -0.2585354 0 0 0 0.9305697 0.2726127 0.2443815 -0.9305697 -0.2726127 -0.2443815 0 0 0 0.9339955 0.2466904 0.2584496 -0.9339955 -0.2466904 -0.2584496 0 0 0 0.9794876 0.1390638 0.1458266 -0.9794876 -0.1390638 -0.1458266 0 0 0 0.895042 0.3861129 0.2231966 -0.895042 -0.3861129 -0.2231966 0 0 0 0.930828 0.3262147 0.1647519 -0.930828 -0.3262147 -0.1647519 0 0 0 0.9204148 0.3524418 0.1691782 -0.9204148 -0.3524418 -0.1691782 0 0 0 0.8613408 0.4762934 0.176739 -0.8613408 -0.4762934 -0.176739 0 0 0 0.8967572 0.4194827 0.1409285 -0.8967572 -0.4194827 -0.1409285 0 0 0 0.8385078 0.5185021 0.1675117 -0.8385078 -0.5185021 -0.1675117 0 0 0 0.8181522 0.5534733 0.1558664 -0.8181522 -0.5534733 -0.1558664 0 0 0 0.8398304 0.5253357 0.1367744 -0.8398304 -0.5253357 -0.1367744 0 0 0 0.7636886 0.6260528 0.1575996 -0.7636886 -0.6260528 -0.1575996 0 0 0 0.7586042 0.6328939 0.1548064 -0.7586042 -0.6328939 -0.1548064 0 0 0 0.7320298 0.663032 0.1565919 -0.7320298 -0.663032 -0.1565919 0 0 0 0.6937339 0.7040425 0.1518465 -0.6937339 -0.7040425 -0.1518465 0 0 0 0.6928425 0.7052541 0.1502859 -0.6928425 -0.7052541 -0.1502859 0 0 0 0.6520717 0.7409548 0.1605878 -0.6520717 -0.7409548 -0.1605878 0 0 0 0.6257909 0.7640748 0.1567656 -0.6257909 -0.7640748 -0.1567656 0 0 0 0.6288401 0.7620438 0.1544325 -0.6288401 -0.7620438 -0.1544325 0 0 0 0.5630126 0.8096785 0.1656429 -0.5630126 -0.8096785 -0.1656429 0 0 0 0.5569836 0.8145395 0.1621565 -0.5569836 -0.8145395 -0.1621565 0 0 0 0.5281744 0.8326617 0.1664522 -0.5281744 -0.8326617 -0.1664522 0 0 0 0.4862304 0.8580476 0.1653309 -0.4862304 -0.8580476 -0.1653309 0 0 0 0.4854859 0.8588915 0.1631224 -0.4854859 -0.8588915 -0.1631224 0 0 0 0.43692 0.8840766 0.1658597 -0.43692 -0.8840766 -0.1658597 0 0 0 0.4277613 0.8883297 0.1670048 -0.4277613 -0.8883297 -0.1670048 0 0 0 0.4271588 0.8886017 0.1671002 -0.4271588 -0.8886017 -0.1671002 0 0 0 0.4275498 0.8902722 0.1568968 0.4212369 0.8930996 0.1579005 0.4279914 0.890132 0.1564878 -0.4279914 -0.890132 -0.1564878 -0.4212369 -0.8930996 -0.1579005 -0.4275498 -0.8902722 -0.1568968 0 0 0 0.3737006 0.9134944 0.1608596 -0.3737006 -0.9134944 -0.1608596 0 0 0 0.3616523 0.9203098 0.1491224 -0.3616523 -0.9203098 -0.1491224 0 0 0 0.3655111 0.9186846 0.1497336 -0.3655111 -0.9186846 -0.1497336 0 0 0 0.08860592 0.9624936 0.2564274 -0.08860592 -0.9624936 -0.2564274 0 0 0 0.07872415 0.9623089 0.2603152 -0.07872415 -0.9623089 -0.2603152 0 0 0</float_array>
                    <technique_common>
                        <accessor count="151" source="#ID25" stride="3">
                            <param name="X" type="float" />
                            <param name="Y" type="float" />
                            <param name="Z" type="float" />
                        </accessor>
                    </technique_common>
                </source>
                <source id="ID22">
                    <Name_array id="ID26" count="0" />
                    <technique_common>
                        <accessor count="0" source="#ID26" stride="1">
                            <param name="skp_material" type="Name" />
                        </accessor>
                    </technique_common>
                </source>
                <vertices id="ID23">
                    <input semantic="POSITION" source="#ID20" />
                    <input semantic="NORMAL" source="#ID21" />
                </vertices>
                <triangles count="94" material="Material2">
                    <input offset="0" semantic="VERTEX" source="#ID23" />
                    <p>0 1 2 3 4 5 1 9 2 3 10 4 12 0 2 3 5 13 9 15 2 3 16 10 18 12 2 3 13 19 15 21 2 3 22 16 24 18 2 3 19 25 21 27 2 3 28 22 30 24 2 3 25 31 33 30 2 3 31 34 36 33 2 3 34 37 39 36 2 3 37 40 42 36 39 40 37 43 45 42 39 40 43 46 48 45 39 40 46 49 51 45 48 49 46 52 54 51 48 49 52 55 57 54 48 49 55 58 60 54 57 58 55 61 63 60 57 58 61 64 66 63 57 58 64 67 69 63 66 67 64 70 72 69 66 67 70 73 72 66 75 76 67 73 78 72 75 76 73 79 81 78 75 76 79 82 81 75 84 85 76 82 87 81 84 85 82 88 90 87 84 85 88 91 87 90 93 94 91 88 90 96 93 94 97 91 90 99 96 97 100 91 96 99 102 103 100 97 99 105 102 103 106 100 99 108 105 106 109 100 105 108 111 112 109 106 108 114 111 112 115 109 111 114 117 118 115 112 114 120 117 118 121 115 117 120 123 124 121 118 117 123 126 127 124 118 129 130 131 132 133 134 129 136 130 133 137 134 130 136 139 140 137 133 136 142 139 140 143 137 139 142 145 146 143 140 139 145 148 149 146 140</p>
                </triangles>
                <lines count="94" material="Material3">
                    <input offset="0" semantic="VERTEX" source="#ID23" />
                    <p>6 7 8 7 8 6 11 7 6 11 14 7 14 8 17 7 11 17 20 7 20 14 23 7 17 23 26 7 26 20 29 7 23 29 32 7 32 26 35 7 35 32 38 35 38 7 41 7 38 41 44 41 44 38 47 41 47 44 50 41 47 50 53 50 53 47 56 50 56 53 59 50 56 59 62 59 62 56 65 59 65 62 68 59 65 68 71 68 71 65 74 68 74 71 77 68 74 77 80 77 80 74 83 77 83 80 86 77 83 86 89 86 89 83 92 86 89 92 95 92 95 89 98 92 98 95 101 92 98 101 104 101 104 98 107 101 107 104 110 101 107 110 113 110 113 107 116 110 113 116 119 116 119 113 122 116 119 122 125 122 119 125 128 119 135 125 135 128 138 125 135 138 141 138 141 135 144 138 141 144 147 144 141 147 150 141 150 147</p>
                </lines>
                <lines count="1" material="Material4">
                    <input offset="0" semantic="VERTEX" source="#ID23" />
                    <p>128 125</p>
                </lines>
            </mesh>
        </geometry>
        <geometry id="ID27">
            <mesh>
                <source id="ID28">
                    <float_array id="ID32" count="468">27.40871 15.87419 4.351075 26.66295 15.46247 3.091329 25.94475 15.0812 1.939239 25.94475 15.0812 1.939239 26.66295 15.46247 3.091329 27.40871 15.87419 4.351075 25.94475 15.0812 1.939239 27.40871 15.87419 4.351075 26.66295 15.46247 3.091329 27.48767 15.80174 4.334951 27.48767 15.80174 4.334951 27.48767 15.80174 4.334951 28.26221 16.28729 5.836083 28.26221 16.28729 5.836083 28.26221 16.28729 5.836083 28.23011 16.31322 5.835761 28.23011 16.31322 5.835761 28.23011 16.31322 5.835761 28.40386 16.2168 5.837035 28.40386 16.2168 5.837035 28.40386 16.2168 5.837035 28.69084 16.51666 6.681113 28.26221 16.28729 5.836083 28.23011 16.31322 5.835761 28.23011 16.31322 5.835761 28.26221 16.28729 5.836083 28.69084 16.51666 6.681113 28.69084 16.51666 6.681113 28.40386 16.2168 5.837035 28.40386 16.2168 5.837035 28.42544 16.22525 5.873552 28.42544 16.22525 5.873552 28.42544 16.22525 5.873552 29.77348 16.95639 8.949664 29.77348 16.95639 8.949664 29.77348 16.95639 8.949664 29.39827 16.67102 7.789186 29.39827 16.67102 7.789186 29.39827 16.67102 7.789186 30.72793 17.21181 11.26847 30.72793 17.21181 11.26847 30.72793 17.21181 11.26847 31.6424 17.21676 13.46665 31.6424 17.21676 13.46665 31.6424 17.21676 13.46665 32.75925 16.89331 17.36703 32.75925 16.89331 17.36703 32.75925 16.89331 17.36703 30.4853 17.06941 10.28749 30.4853 17.06941 10.28749 30.4853 17.06941 10.28749 31.55305 17.26176 13.66623 31.55305 17.26176 13.66623 31.55305 17.26176 13.66623 33.6545 15.95949 21.95177 33.6545 15.95949 21.95177 33.6545 15.95949 21.95177 32.24658 17.09609 16.16336 32.24658 17.09609 16.16336 32.24658 17.09609 16.16336 34.11891 14.43687 27.09946 34.11891 14.43687 27.09946 34.11891 14.43687 27.09946 32.80464 16.71525 18.77317 32.80464 16.71525 18.77317 32.80464 16.71525 18.77317 34.30206 12.65032 32.57055 34.30206 12.65032 32.57055 34.30206 12.65032 32.57055 34.10688 11.43188 36.62946 34.10688 11.43188 36.62946 34.10688 11.43188 36.62946 33.22198 16.12978 21.50261 33.22198 16.12978 21.50261 33.22198 16.12978 21.50261 34.51331 10.82126 38.10549 34.51331 10.82126 38.10549 34.51331 10.82126 38.10549 33.90243 12.46864 33.48368 33.90243 12.46864 33.48368 33.90243 12.46864 33.48368 34.34632 10.35379 39.77349 34.34632 10.35379 39.77349 34.34632 10.35379 39.77349 33.49314 15.35977 24.35254 33.49314 15.35977 24.35254 33.49314 15.35977 24.35254 34.5409 9.065249 43.4558 34.5409 9.065249 43.4558 34.5409 9.065249 43.4558 33.74002 13.46691 30.37271 33.74002 13.46691 30.37271 33.74002 13.46691 30.37271 34.43003 9.324426 42.84557 34.43003 9.324426 42.84557 34.43003 9.324426 42.84557 33.61869 14.43572 27.32093 33.61869 14.43572 27.32093 33.61869 14.43572 27.32093 34.19423 8.481331 45.73368 34.19423 8.481331 45.73368 34.19423 8.481331 45.73368 33.83943 7.835718 48.19354 33.83943 7.835718 48.19354 33.83943 7.835718 48.19354 33.70761 7.874913 48.31997 33.70761 7.874913 48.31997 33.70761 7.874913 48.31997 32.72493 7.242126 51.93266 32.72493 7.242126 51.93266 32.72493 7.242126 51.93266 33.08593 7.509899 50.48909 33.08593 7.509899 50.48909 33.08593 7.509899 50.48909 32.4761 7.339369 52.14374 32.4761 7.339369 52.14374 32.4761 7.339369 52.14374 31.65715 7.124251 54.4313 31.65715 7.124251 54.4313 31.65715 7.124251 54.4313 32.03812 7.274192 53.21112 32.03812 7.274192 53.21112 32.03812 7.274192 53.21112 31.97133 7.270387 53.35475 31.97133 7.270387 53.35475 31.97133 7.270387 53.35475 31.91025 7.265331 53.4917 31.91025 7.265331 53.4917 31.91025 7.265331 53.4917 31.85508 7.258963 53.62156 31.85508 7.258963 53.62156 31.85508 7.258963 53.62156 31.80601 7.2512 53.74398 31.80601 7.2512 53.74398 31.80601 7.2512 53.74398 31.76324 7.241941 53.85867 31.76324 7.241941 53.85867 31.76324 7.241941 53.85867 31.72699 7.23107 53.96537 31.72699 7.23107 53.96537 31.72699 7.23107 53.96537 31.69745 7.21846 54.06392 31.69745 7.21846 54.06392 31.69745 7.21846 54.06392 31.67483 7.20397 54.15416 31.67483 7.20397 54.15416 31.67483 7.20397 54.15416 31.65931 7.187454 54.23602 31.65931 7.187454 54.23602 31.65931 7.187454 54.23602 31.65108 7.168762 54.30948 31.65108 7.168762 54.30948 31.65108 7.168762 54.30948 31.65031 7.147744 54.37455 31.65031 7.147744 54.37455 31.65031 7.147744 54.37455</float_array>
                    <technique_common>
                        <accessor count="156" source="#ID32" stride="3">
                            <param name="X" type="float" />
                            <param name="Y" type="float" />
                            <param name="Z" type="float" />
                        </accessor>
                    </technique_common>
                </source>
                <source id="ID29">
                    <float_array id="ID33" count="468">0.5203479 0.6841394 -0.5110688 -0.1126312 0.9622405 -0.2478051 -0.1261358 0.9625643 -0.2399163 0.1261358 -0.9625643 0.2399163 0.1126312 -0.9622405 0.2478051 -0.5203479 -0.6841394 0.5110688 0 0 0 0 0 0 0 0 0 0.5193267 0.6863062 -0.509199 -0.5193267 -0.6863062 0.509199 0 0 0 0.4636646 0.7442676 -0.4807087 -0.4636646 -0.7442676 0.4807087 0 0 0 0.5469559 0.6707393 -0.5009471 -0.5469559 -0.6707393 0.5009471 0 0 0 0.3976711 0.7929227 -0.4616614 -0.3976711 -0.7929227 0.4616614 0 0 0 0.6580825 0.6125621 -0.4378301 0.4967069 0.740371 -0.4529162 0.5579407 0.6847332 -0.4688737 -0.5579407 -0.6847332 0.4688737 -0.4967069 -0.740371 0.4529162 -0.6580825 -0.6125621 0.4378301 0 0 0 0.404923 0.8094525 -0.425234 -0.404923 -0.8094525 0.425234 0.4094699 0.8077924 -0.4240351 -0.4094699 -0.8077924 0.4240351 0 0 0 0.7614626 0.5272595 -0.3770572 -0.7614626 -0.5272595 0.3770572 0 0 0 0.09079896 0.9604293 -0.263308 -0.09079896 -0.9604293 0.263308 0 0 0 0.9000507 0.2233999 -0.3741675 -0.9000507 -0.2233999 0.3741675 0 0 0 0.5208163 -0.8264987 -0.2136594 -0.5208163 0.8264987 0.2136594 0 0 0 -0.5915477 0.7604572 0.2679107 0.5915477 -0.7604572 -0.2679107 0 0 0 -0.8144228 0.5122118 0.2726805 0.8144228 -0.5122118 -0.2726805 0 0 0 0.9398753 -0.1262283 -0.3173339 -0.9398753 0.1262283 0.3173339 0 0 0 -0.5173741 0.8073251 0.2838137 0.5173741 -0.8073251 -0.2838137 0 0 0 0.9333088 -0.2348743 -0.271604 -0.9333088 0.2348743 0.271604 0 0 0 -0.3719311 0.8788954 0.2986805 0.3719311 -0.8788954 -0.2986805 0 0 0 0.8915737 -0.3818659 -0.2434642 -0.8915737 0.3818659 0.2434642 0 0 0 -0.03287528 0.95733 0.287121 0.03287528 -0.95733 -0.287121 0 0 0 0.3147476 0.9051543 0.2857089 -0.3147476 -0.9051543 -0.2857089 0 0 0 0.6908677 -0.678043 -0.2509172 -0.6908677 0.678043 0.2509172 0 0 0 0.3234132 0.9022106 0.2853418 -0.3234132 -0.9022106 -0.2853418 0 0 0 0.9462019 0.3205371 0.04424908 -0.9462019 -0.3205371 -0.04424908 0 0 0 0.3939676 0.8740597 0.2842694 -0.3939676 -0.8740597 -0.2842694 0 0 0 0.6571162 -0.7096548 -0.2541426 -0.6571162 0.7096548 0.2541426 0 0 0 0.4336689 0.8550634 0.2842496 -0.4336689 -0.8550634 -0.2842496 0 0 0 0.4859691 0.8392408 0.2439445 -0.4859691 -0.8392408 -0.2439445 0 0 0 0.4796223 0.8356231 0.267762 -0.4796223 -0.8356231 -0.267762 0 0 0 0.9133241 -0.3762683 -0.1557605 -0.9133241 0.3762683 0.1557605 0 0 0 0.5798976 0.7635827 0.2840075 -0.5798976 -0.7635827 -0.2840075 0 0 0 0.5142408 0.8088115 0.2852724 -0.5142408 -0.8088115 -0.2852724 0 0 0 0.5116712 0.8114409 0.2824115 -0.5116712 -0.8114409 -0.2824115 0 0 0 0.5448744 0.7903538 0.2800941 -0.5448744 -0.7903538 -0.2800941 0 0 0 0.4170582 0.8692262 0.2655339 -0.4170582 -0.8692262 -0.2655339 0 0 0 0.5406971 0.7963583 0.2710352 -0.5406971 -0.7963583 -0.2710352 0 0 0 0.5366258 0.8014824 0.2639292 -0.5366258 -0.8014824 -0.2639292 0 0 0 0.5146422 0.8167003 0.2610442 -0.5146422 -0.8167003 -0.2610442 0 0 0 0.5154307 0.8161486 0.2612137 -0.5154307 -0.8161486 -0.2612137 0 0 0 0.521119 0.8121704 0.2623248 -0.521119 -0.8121704 -0.2623248 0 0 0 0.5261675 0.808642 0.263146 -0.5261675 -0.808642 -0.263146 0 0 0 0.5305806 0.8055705 0.263705 -0.5305806 -0.8055705 -0.263705 0 0 0 0.5343803 0.8029466 0.2640349 -0.5343803 -0.8029466 -0.2640349 0 0 0 0.5376006 0.8007489 0.2641721 -0.5376006 -0.8007489 -0.2641721 0 0 0 0.540283 0.7989473 0.2641543 -0.540283 -0.7989473 -0.2641543 0 0 0 0.5424729 0.7975067 0.2640195 -0.5424729 -0.7975067 -0.2640195 0 0 0 0.5442169 0.7963886 0.2638053 -0.5442169 -0.7963886 -0.2638053 0 0 0 0.5455618 0.7955532 0.2635478 -0.5455618 -0.7955532 -0.2635478 0 0 0 0.5465531 0.7949606 0.2632819 -0.5465531 -0.7949606 -0.2632819 0 0 0</float_array>
                    <technique_common>
                        <accessor count="156" source="#ID33" stride="3">
                            <param name="X" type="float" />
                            <param name="Y" type="float" />
                            <param name="Z" type="float" />
                        </accessor>
                    </technique_common>
                </source>
                <source id="ID30">
                    <Name_array id="ID34" count="0" />
                    <technique_common>
                        <accessor count="0" source="#ID34" stride="1">
                            <param name="skp_material" type="Name" />
                        </accessor>
                    </technique_common>
                </source>
                <vertices id="ID31">
                    <input semantic="POSITION" source="#ID28" />
                    <input semantic="NORMAL" source="#ID29" />
                </vertices>
                <triangles count="98" material="Material2">
                    <input offset="0" semantic="VERTEX" source="#ID31" />
                    <p>0 1 2 3 4 5 0 9 1 4 10 5 12 9 0 5 10 13 12 0 15 16 5 13 18 9 12 13 10 19 21 22 23 24 25 26 21 28 22 25 29 26 21 30 28 29 31 26 33 30 21 26 31 34 33 36 30 31 37 34 39 36 33 34 37 40 42 36 39 40 37 43 45 43 40 39 42 46 43 48 36 37 49 42 51 46 39 40 45 52 54 45 52 51 46 55 51 57 55 54 58 52 60 54 58 57 55 61 57 63 61 60 64 58 66 60 64 63 61 67 69 66 64 63 67 70 63 72 70 69 73 64 75 66 69 70 67 76 72 78 69 70 79 73 81 75 69 70 76 82 78 72 84 85 73 79 87 75 81 82 76 88 78 85 90 91 84 79 87 81 93 94 82 88 84 96 90 91 97 85 99 87 93 94 88 100 102 87 99 100 88 103 105 102 99 100 103 106 108 102 105 106 103 109 108 105 111 112 106 109 114 108 111 112 109 115 117 108 114 115 109 118 117 114 120 121 115 118 117 120 123 124 121 118 117 123 126 127 124 118 117 126 129 130 127 118 117 129 132 133 130 118 117 132 135 136 133 118 117 135 138 139 136 118 117 138 141 142 139 118 117 141 144 145 142 118 117 144 147 148 145 118 117 147 150 151 148 118 117 150 153 154 151 118</p>
                </triangles>
                <lines count="96" material="Material3">
                    <input offset="0" semantic="VERTEX" source="#ID31" />
                    <p>6 7 7 8 6 8 8 11 7 11 7 14 14 11 7 17 11 20 27 14 17 27 27 20 20 32 27 32 35 32 27 35 32 38 35 38 38 41 35 41 44 41 44 38 47 41 44 47 38 50 50 44 41 53 47 53 56 53 47 56 53 59 56 59 62 59 56 62 62 65 59 65 68 65 62 68 71 65 71 68 65 74 71 74 71 77 68 77 80 74 80 71 83 77 71 83 74 86 80 86 77 89 83 89 92 86 92 80 95 89 83 95 98 92 86 98 101 89 95 101 89 104 101 104 107 104 101 107 104 110 107 110 113 110 107 113 116 110 113 116 110 119 116 119 122 119 116 122 122 125 125 119 128 119 125 128 131 119 128 131 134 119 131 134 137 119 134 137 140 119 137 140 143 119 140 143 146 119 143 146 146 149 149 119 152 119 149 152 155 119 152 155</p>
                </lines>
                <lines count="2" material="Material4">
                    <input offset="0" semantic="VERTEX" source="#ID31" />
                    <p>17 14 14 20</p>
                </lines>
            </mesh>
        </geometry>
        <geometry id="ID35">
            <mesh>
                <source id="ID36">
                    <float_array id="ID40" count="27">19.67465 12.70763 1.946096 19.75909 12.76131 1.364775 20.13607 13.04187 -0.02409088 20.13607 13.04187 -0.02409088 19.75909 12.76131 1.364775 19.67465 12.70763 1.946096 20.13607 13.04187 -0.02409088 19.67465 12.70763 1.946096 19.75909 12.76131 1.364775</float_array>
                    <technique_common>
                        <accessor count="9" source="#ID40" stride="3">
                            <param name="X" type="float" />
                            <param name="Y" type="float" />
                            <param name="Z" type="float" />
                        </accessor>
                    </technique_common>
                </source>
                <source id="ID37">
                    <float_array id="ID41" count="27">0.6557478 -0.754547 0.02556836 0.6557478 -0.754547 0.02556836 0.6557478 -0.754547 0.02556836 -0.6557478 0.754547 -0.02556836 -0.6557478 0.754547 -0.02556836 -0.6557478 0.754547 -0.02556836 0 0 0 0 0 0 0 0 0</float_array>
                    <technique_common>
                        <accessor count="9" source="#ID41" stride="3">
                            <param name="X" type="float" />
                            <param name="Y" type="float" />
                            <param name="Z" type="float" />
                        </accessor>
                    </technique_common>
                </source>
                <source id="ID38">
                    <Name_array id="ID42" count="0" />
                    <technique_common>
                        <accessor count="0" source="#ID42" stride="1">
                            <param name="skp_material" type="Name" />
                        </accessor>
                    </technique_common>
                </source>
                <vertices id="ID39">
                    <input semantic="POSITION" source="#ID36" />
                    <input semantic="NORMAL" source="#ID37" />
                </vertices>
                <triangles count="2" material="Material2">
                    <input offset="0" semantic="VERTEX" source="#ID39" />
                    <p>0 1 2 3 4 5</p>
                </triangles>
                <lines count="3" material="Material3">
                    <input offset="0" semantic="VERTEX" source="#ID39" />
                    <p>6 7 8 7 6 8</p>
                </lines>
            </mesh>
        </geometry>
        <geometry id="ID43">
            <mesh>
                <source id="ID44">
                    <float_array id="ID48" count="468">26.09058 14.00412 4.384456 25.98901 13.98604 4.367523 26.01671 15.17462 3.095221 26.01671 15.17462 3.095221 25.98901 13.98604 4.367523 26.09058 14.00412 4.384456 26.01671 15.17462 3.095221 25.98901 13.98604 4.367523 26.09058 14.00412 4.384456 25.96673 16.27976 1.922486 25.96673 16.27976 1.922486 25.96673 16.27976 1.922486 26.14319 12.6946 5.911181 26.14319 12.6946 5.911181 26.14319 12.6946 5.911181 26.18076 12.7054 5.910909 26.18076 12.7054 5.910909 26.18076 12.7054 5.910909 26.0056 12.61757 5.913401 26.0056 12.61757 5.913401 26.0056 12.61757 5.913401 26.20498 12.00264 6.782604 26.14319 12.6946 5.911181 26.18076 12.7054 5.910909 26.18076 12.7054 5.910909 26.14319 12.6946 5.911181 26.20498 12.00264 6.782604 26.20498 12.00264 6.782604 26.0056 12.61757 5.913401 26.0056 12.61757 5.913401 26.00536 12.586 5.951045 26.00536 12.586 5.951045 26.00536 12.586 5.951045 26.28904 10.31905 9.126876 26.28904 10.31905 9.126876 26.28904 10.31905 9.126876 26.09238 11.0666 7.929052 26.09238 11.0666 7.929052 26.09238 11.0666 7.929052 26.32498 8.852809 11.52663 26.32498 8.852809 11.52663 26.32498 8.852809 11.52663 26.16922 7.607496 13.80426 26.16922 7.607496 13.80426 26.16922 7.607496 13.80426 25.9246 6.025022 17.82331 25.9246 6.025022 17.82331 25.9246 6.025022 17.82331 26.18464 9.359426 10.51484 26.18464 9.359426 10.51484 26.18464 9.359426 10.51484 26.2967 7.608529 14.00503 26.2967 7.608529 14.00503 26.2967 7.608529 14.00503 25.38171 4.841938 22.50549 25.38171 4.841938 22.50549 25.38171 4.841938 22.50549 26.1917 6.585563 16.57724 26.1917 6.585563 16.57724 26.1917 6.585563 16.57724 24.56731 4.219164 27.69196 24.56731 4.219164 27.69196 24.56731 4.219164 27.69196 26.00194 5.779128 19.25154 26.00194 5.779128 19.25154 26.00194 5.779128 19.25154 23.49876 3.8776 33.15167 23.49876 3.8776 33.15167 23.49876 3.8776 33.15167 22.81206 3.786703 37.17688 22.81206 3.786703 37.17688 22.81206 3.786703 37.17688 25.72432 5.180603 22.03018 25.72432 5.180603 22.03018 25.72432 5.180603 22.03018 21.79909 3.530446 40.29384 21.79909 3.530446 40.29384 21.79909 3.530446 40.29384 23.66444 4.056911 34.04473 23.66444 4.056911 34.04473 23.66444 4.056911 34.04473 22.07199 3.526081 38.64807 22.07199 3.526081 38.64807 22.07199 3.526081 38.64807 25.36061 4.777251 24.9099 25.36061 4.777251 24.9099 25.36061 4.777251 24.9099 20.82542 3.383306 43.32063 20.82542 3.383306 43.32063 20.82542 3.383306 43.32063 24.36018 4.316618 30.93849 24.36018 4.316618 30.93849 24.36018 4.316618 30.93849 20.51212 3.32838 43.9185 20.51212 3.32838 43.9185 20.51212 3.32838 43.9185 24.91572 4.546182 27.88615 24.91572 4.546182 27.88615 24.91572 4.546182 27.88615 20.13103 3.386639 46.15302 20.13103 3.386639 46.15302 20.13103 3.386639 46.15302 19.63687 3.448114 48.55979 19.63687 3.448114 48.55979 19.63687 3.448114 48.55979 19.74728 3.47742 48.68782 19.74728 3.47742 48.68782 19.74728 3.47742 48.68782 19.49568 3.655516 52.23752 19.49568 3.655516 52.23752 19.49568 3.655516 52.23752 19.64373 3.595702 50.82031 19.64373 3.595702 50.82031 19.64373 3.595702 50.82031 19.72299 3.697855 52.45565 19.72299 3.697855 52.45565 19.72299 3.697855 52.45565 19.80074 3.804077 54.72115 19.80074 3.804077 54.72115 19.80074 3.804077 54.72115 19.83249 3.759997 53.51535 19.83249 3.759997 53.51535 19.83249 3.759997 53.51535 19.85632 3.769699 53.65832 19.85632 3.769699 53.65832 19.85632 3.769699 53.65832 19.8759 3.778237 53.79456 19.8759 3.778237 53.79456 19.8759 3.778237 53.79456 19.89112 3.785642 53.92364 19.89112 3.785642 53.92364 19.89112 3.785642 53.92364 19.90183 3.791939 54.04522 19.90183 3.791939 54.04522 19.90183 3.791939 54.04522 19.90785 3.797147 54.15897 19.90785 3.797147 54.15897 19.90785 3.797147 54.15897 19.909 3.801286 54.26463 19.909 3.801286 54.26463 19.909 3.801286 54.26463 19.90504 3.804367 54.36201 19.90504 3.804367 54.36201 19.90504 3.804367 54.36201 19.83366 3.806234 54.66643 19.83366 3.806234 54.66643 19.83366 3.806234 54.66643 19.89577 3.8064 54.45095 19.89577 3.8064 54.45095 19.89577 3.8064 54.45095 19.86032 3.807335 54.60318 19.86032 3.807335 54.60318 19.86032 3.807335 54.60318 19.88094 3.80739 54.53136 19.88094 3.80739 54.53136 19.88094 3.80739 54.53136</float_array>
                    <technique_common>
                        <accessor count="156" source="#ID48" stride="3">
                            <param name="X" type="float" />
                            <param name="Y" type="float" />
                            <param name="Z" type="float" />
                        </accessor>
                    </technique_common>
                </source>
                <source id="ID45">
                    <float_array id="ID49" count="468">0.2389625 -0.7229097 -0.6483043 0.2402707 -0.7222318 -0.6485763 0.8446193 -0.3713997 -0.3855912 -0.8446193 0.3713997 0.3855912 -0.2402707 0.7222318 0.6485763 -0.2389625 0.7229097 0.6483043 0 0 0 0 0 0 0 0 0 0.851675 -0.3627999 -0.3781876 -0.851675 0.3627999 0.3781876 0 0 0 0.3036058 -0.715202 -0.6295313 -0.3036058 0.715202 0.6295313 0 0 0 0.2078188 -0.7389154 -0.6409488 -0.2078188 0.7389154 0.6409488 0 0 0 0.3771824 -0.6914484 -0.6161433 -0.3771824 0.6914484 0.6161433 0 0 0 0.08314313 -0.8061366 -0.5858592 0.2900566 -0.7393435 -0.6076499 0.2133865 -0.7576709 -0.6167666 -0.2133865 0.7576709 0.6167666 -0.2900566 0.7393435 0.6076499 -0.08314313 0.8061366 0.5858592 0 0 0 0.3877588 -0.7082138 -0.58998 -0.3877588 0.7082138 0.58998 0.385942 -0.7099396 -0.5890964 -0.385942 0.7099396 0.5890964 0 0 0 -0.0516797 -0.8505796 -0.5233006 0.0516797 0.8505796 0.5233006 0 0 0 0.6666398 -0.5792256 -0.4691365 -0.6666398 0.5792256 0.4691365 0 0 0 -0.3873329 -0.7978439 -0.4619721 0.3873329 0.7978439 0.4619721 0 0 0 -0.9973938 0.06473734 -0.0318541 0.9973938 -0.06473734 0.0318541 0 0 0 0.9852659 0.1015856 0.1375915 -0.9852659 -0.1015856 -0.1375915 0 0 0 0.9406961 0.29758 0.1629017 -0.9406961 -0.29758 -0.1629017 0 0 0 -0.6592115 -0.6703273 -0.3407369 0.6592115 0.6703273 0.3407369 0 0 0 0.9804574 0.107228 0.1649406 -0.9804574 -0.107228 -0.1649406 0 0 0 -0.6942355 -0.6598985 -0.2873519 0.6942355 0.6598985 0.2873519 0 0 0 0.9606658 0.1941345 0.1985775 -0.9606658 -0.1941345 -0.1985775 0 0 0 -0.733421 -0.6358001 -0.2405242 0.733421 0.6358001 0.2405242 0 0 0 0.9809694 -0.1007545 0.1659747 -0.9809694 0.1007545 -0.1659747 0 0 0 0.3669629 -0.9293984 0.03945756 -0.3669629 0.9293984 -0.03945756 0 0 0 -0.7791641 -0.5926715 -0.204068 0.7791641 0.5926715 0.204068 0 0 0 0.3208228 -0.9455345 0.05511098 -0.3208228 0.9455345 -0.05511098 0 0 0 -0.07341519 -0.9917429 -0.1051484 0.07341519 0.9917429 0.1051484 0 0 0 0.5659689 -0.818825 0.09594146 -0.5659689 0.818825 -0.09594146 0 0 0 -0.6995724 -0.6903806 -0.1843179 0.6995724 0.6903806 0.1843179 0 0 0 0.2398003 -0.9701482 0.03617111 -0.2398003 0.9701482 -0.03617111 0 0 0 0.1219498 -0.9909844 -0.05548203 -0.1219498 0.9909844 0.05548203 0 0 0 0.3084395 -0.9482697 0.07516439 -0.3084395 0.9482697 -0.07516439 0 0 0 -0.07415348 -0.9933384 -0.08820472 0.07415348 0.9933384 0.08820472 0 0 0 0.02509233 -0.9992219 0.03042971 -0.02509233 0.9992219 -0.03042971 0 0 0 0.1860704 -0.9805163 0.06297264 -0.1860704 0.9805163 -0.06297264 0 0 0 0.1877612 -0.9802087 0.06274334 -0.1877612 0.9802087 -0.06274334 0 0 0 0.1359575 -0.989326 0.05243636 -0.1359575 0.989326 -0.05243636 0 0 0 0.2256856 -0.9720559 0.06460133 -0.2256856 0.9720559 -0.06460133 0 0 0 0.1417843 -0.9888872 0.04471375 -0.1417843 0.9888872 -0.04471375 0 0 0 0.1366053 -0.9899108 0.03762449 -0.1366053 0.9899108 -0.03762449 0 0 0 0.167295 -0.9850781 0.04041659 -0.167295 0.9850781 -0.04041659 0 0 0 0.159519 -0.9863741 0.04024707 -0.159519 0.9863741 -0.04024707 0 0 0 0.1523613 -0.9875192 0.0398977 -0.1523613 0.9875192 -0.0398977 0 0 0 0.1460315 -0.9884951 0.03939953 -0.1460315 0.9884951 -0.03939953 0 0 0 0.140524 -0.9893174 0.03878282 -0.140524 0.9893174 -0.03878282 0 0 0 0.1358099 -0.9900029 0.0380792 -0.1358099 0.9900029 -0.0380792 0 0 0 0.1318435 -0.9905677 0.03732052 -0.1318435 0.9905677 -0.03732052 0 0 0 0.1285705 -0.9910274 0.03652856 -0.1285705 0.9910274 -0.03652856 0 0 0 0.1231301 -0.9917751 0.03494445 -0.1231301 0.9917751 -0.03494445 0 0 0 0.1272455 -0.9912211 0.0359074 -0.1272455 0.9912211 -0.0359074 0 0 0 0.1239228 -0.9916762 0.03494912 -0.1239228 0.9916762 -0.03494912 0 0 0 0.1260442 -0.9913913 0.03544138 -0.1260442 0.9913913 -0.03544138 0 0 0</float_array>
                    <technique_common>
                        <accessor count="156" source="#ID49" stride="3">
                            <param name="X" type="float" />
                            <param name="Y" type="float" />
                            <param name="Z" type="float" />
                        </accessor>
                    </technique_common>
                </source>
                <source id="ID46">
                    <Name_array id="ID50" count="0" />
                    <technique_common>
                        <accessor count="0" source="#ID50" stride="1">
                            <param name="skp_material" type="Name" />
                        </accessor>
                    </technique_common>
                </source>
                <vertices id="ID47">
                    <input semantic="POSITION" source="#ID44" />
                    <input semantic="NORMAL" source="#ID45" />
                </vertices>
                <triangles count="98" material="Material2">
                    <input offset="0" semantic="VERTEX" source="#ID47" />
                    <p>0 1 2 3 4 5 9 0 2 3 5 10 12 1 0 5 4 13 12 0 15 16 5 13 18 1 12 13 4 19 21 22 23 24 25 26 21 28 22 25 29 26 21 30 28 29 31 26 33 30 21 26 31 34 30 33 36 37 34 31 39 36 33 34 37 40 42 36 39 40 37 43 40 45 43 42 46 39 36 43 48 49 42 37 39 51 46 45 52 40 52 54 45 46 55 51 51 57 55 54 58 52 58 60 54 55 61 57 57 63 61 60 64 58 64 66 60 61 67 63 64 69 66 67 70 63 63 72 69 70 73 64 75 66 69 70 67 76 69 72 78 79 73 70 75 81 66 67 82 76 72 84 78 79 85 73 87 81 75 76 82 88 78 84 90 91 85 79 93 81 87 88 82 94 90 84 96 97 85 91 99 93 87 88 94 100 102 93 99 100 94 103 105 102 99 100 103 106 108 102 105 106 103 109 108 105 111 112 106 109 114 108 111 112 109 115 117 108 114 115 109 118 117 114 120 121 115 118 117 120 123 124 121 118 117 123 126 127 124 118 117 126 129 130 127 118 117 129 132 133 130 118 117 132 135 136 133 118 117 135 138 139 136 118 117 138 141 142 139 118 117 141 144 145 142 118 144 141 147 148 142 145 144 147 150 151 148 145 150 147 153 154 148 151</p>
                </triangles>
                <lines count="86" material="Material3">
                    <input offset="0" semantic="VERTEX" source="#ID47" />
                    <p>6 7 8 6 8 7 11 8 11 6 8 14 14 7 8 17 7 20 27 14 17 27 27 20 20 32 27 32 35 32 27 35 32 38 35 38 38 41 35 41 44 47 38 50 50 44 41 53 47 56 53 59 56 62 59 65 68 65 62 68 65 74 71 74 71 77 68 77 80 74 80 71 83 77 68 83 74 86 80 86 77 89 83 89 92 86 92 80 95 89 83 95 98 92 86 98 101 95 89 101 101 104 95 104 107 104 101 107 104 110 107 110 113 110 107 113 116 110 113 116 110 119 116 119 122 119 116 122 122 125 125 119 128 119 125 128 131 119 128 131 134 119 131 134 137 119 134 137 140 119 137 140 143 119 140 143 146 119 143 146 149 146 143 149 149 152 152 146 155 152 149 155</p>
                </lines>
                <lines count="12" material="Material4">
                    <input offset="0" semantic="VERTEX" source="#ID47" />
                    <p>17 14 14 20 44 41 44 38 47 41 47 53 56 53 56 59 62 59 62 65 71 65 71 68</p>
                </lines>
            </mesh>
        </geometry>
        <geometry id="ID51">
            <mesh>
                <source id="ID52">
                    <float_array id="ID56" count="453">15.75215 8.558453 56.99417 17.25275 8.484456 54.41898 15.92009 8.549649 56.85333 15.92009 8.549649 56.85333 17.25275 8.484456 54.41898 15.75215 8.558453 56.99417 15.92009 8.549649 56.85333 15.75215 8.558453 56.99417 17.25275 8.484456 54.41898 15.20832 8.588109 57.35914 15.20832 8.588109 57.35914 15.20832 8.588109 57.35914 16.23242 8.533922 56.54578 16.23242 8.533922 56.54578 16.23242 8.533922 56.54578 15.57712 8.567838 57.12571 15.57712 8.567838 57.12571 15.57712 8.567838 57.12571 14.61796 8.620921 57.62936 14.61796 8.620921 57.62936 14.61796 8.620921 57.62936 16.37572 8.527021 56.38015 16.37572 8.527021 56.38015 16.37572 8.527021 56.38015 16.08037 8.541465 56.7037 16.08037 8.541465 56.7037 16.08037 8.541465 56.7037 15.39564 8.577748 57.24751 15.39564 8.577748 57.24751 15.39564 8.577748 57.24751 15.01582 8.59883 57.46022 15.01582 8.59883 57.46022 15.01582 8.59883 57.46022 14.41397 8.632038 57.69684 14.41397 8.632038 57.69684 14.41397 8.632038 57.69684 16.50974 8.520748 56.20737 16.50974 8.520748 56.20737 16.50974 8.520748 56.20737 14.8188 8.609808 57.55039 14.8188 8.609808 57.55039 14.8188 8.609808 57.55039 17.49851 8.496363 54.84915 17.49851 8.496363 54.84915 17.49851 8.496363 54.84915 19.60212 8.603772 50.12783 19.60212 8.603772 50.12783 19.60212 8.603772 50.12783 18.59988 8.518015 52.8664 18.59988 8.518015 52.8664 18.59988 8.518015 52.8664 19.72877 8.614378 50.41023 19.72877 8.614378 50.41023 19.72877 8.614378 50.41023 21.39843 8.967392 45.0907 21.39843 8.967392 45.0907 21.39843 8.967392 45.0907 20.81107 8.798446 47.61005 20.81107 8.798446 47.61005 20.81107 8.798446 47.61005 21.78638 9.066994 44.57533 21.78638 9.066994 44.57533 21.78638 9.066994 44.57533 22.63148 9.48468 39.58178 22.63148 9.48468 39.58178 22.63148 9.48468 39.58178 22.61108 9.402506 41.39696 22.61108 9.402506 41.39696 22.61108 9.402506 41.39696 23.35817 10.03438 33.86844 23.35817 10.03438 33.86844 23.35817 10.03438 33.86844 23.25997 9.777113 38.14833 23.25997 9.777113 38.14833 23.25997 9.777113 38.14833 23.69256 10.50887 28.19874 23.69256 10.50887 28.19874 23.69256 10.50887 28.19874 24.02791 11.30138 19.40675 24.02791 11.30138 19.40675 24.02791 11.30138 19.40675 24.12845 11.20368 22.35164 24.12845 11.20368 22.35164 24.12845 11.20368 22.35164 23.92091 11.36583 16.53154 23.92091 11.36583 16.53154 23.92091 11.36583 16.53154 23.7262 10.15781 34.88647 23.7262 10.15781 34.88647 23.7262 10.15781 34.88647 23.77617 10.85159 22.79173 23.77617 10.85159 22.79173 23.77617 10.85159 22.79173 24.18595 11.04494 25.3745 24.18595 11.04494 25.3745 24.18595 11.04494 25.3745 23.83929 11.44078 13.71307 23.83929 11.44078 13.71307 23.83929 11.44078 13.71307 24.0193 10.51211 31.65332 24.0193 10.51211 31.65332 24.0193 10.51211 31.65332 23.74297 11.07357 17.82989 23.74297 11.07357 17.82989 23.74297 11.07357 17.82989 24.16192 10.81333 28.47718 24.16192 10.81333 28.47718 24.16192 10.81333 28.47718 23.80754 11.58545 10.93562 23.80754 11.58545 10.93562 23.80754 11.58545 10.93562 23.74517 11.81309 6.744756 23.74517 11.81309 6.744756 23.74517 11.81309 6.744756 23.69369 11.24396 13.45215 23.69369 11.24396 13.45215 23.69369 11.24396 13.45215 23.79271 11.99786 5.929874 23.79271 11.99786 5.929874 23.79271 11.99786 5.929874 23.687 11.46058 9.746848 23.687 11.46058 9.746848 23.687 11.46058 9.746848 23.84058 11.8737 8.182667 23.84058 11.8737 8.182667 23.84058 11.8737 8.182667 23.92782 12.30034 5.919631 23.92782 12.30034 5.919631 23.92782 12.30034 5.919631 23.86549 12.35012 4.412 23.92782 12.30034 5.919631 23.79271 11.99786 5.929874 23.79271 11.99786 5.929874 23.92782 12.30034 5.919631 23.86549 12.35012 4.412 23.86549 12.35012 4.412 23.9415 12.39298 5.439286 23.9415 12.39298 5.439286 23.9415 12.39298 5.439286 24.02769 13.05673 2.642181 24.02769 13.05673 2.642181 24.02769 13.05673 2.642181 24.09972 13.24285 2.695026 24.09972 13.24285 2.695026 24.09972 13.24285 2.695026 24.19191 13.84219 1.247242 24.19191 13.84219 1.247242 24.19191 13.84219 1.247242 24.28944 14.53305 -0.05256112 24.28944 14.53305 -0.05256112 24.28944 14.53305 -0.05256112</float_array>
                    <technique_common>
                        <accessor count="151" source="#ID56" stride="3">
                            <param name="X" type="float" />
                            <param name="Y" type="float" />
                            <param name="Z" type="float" />
                        </accessor>
                    </technique_common>
                </source>
                <source id="ID53">
                    <float_array id="ID57" count="453">-0.05758201 -0.9983286 -0.00493385 0.02817665 -0.9995869 0.005658151 -0.05506496 -0.9984768 -0.003453272 0.05506496 0.9984768 0.003453272 -0.02817665 0.9995869 -0.005658151 0.05758201 0.9983286 0.00493385 0 0 0 0 0 0 0 0 0 -0.05777283 -0.9983175 -0.004946387 0.05777283 0.9983175 0.004946387 0 0 0 -0.05169789 -0.9986614 -0.001629985 0.05169789 0.9986614 0.001629985 0 0 0 -0.06197703 -0.9980141 -0.0112548 0.06197703 0.9980141 0.0112548 0 0 0 -0.05573939 -0.9984402 -0.003206618 0.05573939 0.9984402 0.003206618 0 0 0 -0.04744548 -0.9988737 0.0004617219 0.04744548 0.9988737 -0.0004617219 0 0 0 -0.06382084 -0.9978662 -0.01378506 0.06382084 0.9978662 0.01378506 0 0 0 -0.06080193 -0.9981057 -0.009390254 0.06080193 0.9981057 0.009390254 0 0 0 -0.05468463 -0.9985021 0.00177566 0.05468463 0.9985021 -0.00177566 0 0 0 -0.05542424 -0.9984583 -0.003045666 0.05542424 0.9984583 0.003045666 0 0 0 -0.04048543 -0.9991742 0.003456041 0.04048543 0.9991742 -0.003456041 0 0 0 -0.05290758 -0.9985816 0.005966169 0.05290758 0.9985816 -0.005966169 0 0 0 0.01721459 -0.9997649 0.01318564 -0.01721459 0.9997649 -0.01318564 0 0 0 0.1160261 -0.9930761 -0.01838117 -0.1160261 0.9930761 0.01838117 0 0 0 -0.1017971 -0.9924555 -0.06833346 0.1017971 0.9924555 0.06833346 0 0 0 0.09440614 -0.9955073 -0.007263174 -0.09440614 0.9955073 0.007263174 0 0 0 0.2226469 -0.974751 -0.01699459 -0.2226469 0.974751 0.01699459 0 0 0 -0.001973092 -0.9977263 -0.06736676 0.001973092 0.9977263 0.06736676 0 0 0 0.1915657 -0.9803937 -0.04616068 -0.1915657 0.9803937 0.04616068 0 0 0 0.3905567 -0.9198192 -0.03739233 -0.3905567 0.9198192 0.03739233 0 0 0 0.2431118 -0.9691104 -0.04149242 -0.2431118 0.9691104 0.04149242 0 0 0 0.5401891 -0.8406827 -0.03805691 -0.5401891 0.8406827 0.03805691 0 0 0 0.3032549 -0.9515547 -0.0507954 -0.3032549 0.9515547 0.0507954 0 0 0 0.9546108 0.291178 0.0627184 -0.9546108 -0.291178 -0.0627184 0 0 0 0.6664435 -0.7444037 -0.04142682 -0.6664435 0.7444037 0.04142682 0 0 0 0.5369231 -0.8423396 -0.04666449 -0.5369231 0.8423396 0.04666449 0 0 0 0.7282801 -0.6841539 -0.0392624 -0.7282801 0.6841539 0.0392624 0 0 0 0.2893163 -0.9546401 -0.0704161 -0.2893163 0.9546401 0.0704161 0 0 0 0.9242093 -0.3817548 -0.01001957 -0.9242093 0.3817548 0.01001957 0 0 0 0.5155105 -0.8551255 -0.05485764 -0.5155105 0.8551255 0.05485764 0 0 0 0.7295311 -0.6825478 -0.0437369 -0.7295311 0.6825478 0.0437369 0 0 0 0.3597115 -0.9304779 -0.06941525 -0.3597115 0.9304779 0.06941525 0 0 0 0.827697 -0.5603334 -0.03072803 -0.827697 0.5603334 0.03072803 0 0 0 0.4764939 -0.8770046 -0.06177775 -0.4764939 0.8770046 0.06177775 0 0 0 0.6402451 -0.7664644 -0.05117128 -0.6402451 0.7664644 0.05117128 0 0 0 0.9190082 -0.3926972 -0.03482549 -0.9190082 0.3926972 0.03482549 0 0 0 0.924391 -0.380613 -0.02519965 -0.924391 0.380613 0.02519965 0 0 0 0.91118 -0.4099193 -0.04143881 -0.91118 0.4099193 0.04143881 0 0 0 0.9408785 -0.3380635 -0.02146274 -0.9408785 0.3380635 0.02146274 0 0 0 0.8337916 -0.5499861 -0.0480302 -0.8337916 0.5499861 0.0480302 0 0 0 0.9117162 -0.4086785 -0.04189751 -0.9117162 0.4086785 0.04189751 0 0 0 0.9326766 -0.3566201 -0.05418983 0.9115924 -0.4078997 -0.0511583 0.9112045 -0.4087639 -0.0511708 -0.9112045 0.4087639 0.0511708 -0.9115924 0.4078997 0.0511583 -0.9326766 0.3566201 0.05418983 0 0 0 0.9175535 -0.3942742 -0.05141444 -0.9175535 0.3942742 0.05141444 0 0 0 0.9366403 -0.3441062 -0.06554372 -0.9366403 0.3441062 0.06554372 0 0 0 0.9380994 -0.3398855 -0.06668882 -0.9380994 0.3398855 0.06668882 0 0 0 0.9941765 -0.1059981 0.01943104 -0.9941765 0.1059981 -0.01943104 0 0 0 0.9950961 -0.09605418 0.02360612 -0.9950961 0.09605418 -0.02360612 0 0 0</float_array>
                    <technique_common>
                        <accessor count="151" source="#ID57" stride="3">
                            <param name="X" type="float" />
                            <param name="Y" type="float" />
                            <param name="Z" type="float" />
                        </accessor>
                    </technique_common>
                </source>
                <source id="ID54">
                    <Name_array id="ID58" count="0" />
                    <technique_common>
                        <accessor count="0" source="#ID58" stride="1">
                            <param name="skp_material" type="Name" />
                        </accessor>
                    </technique_common>
                </source>
                <vertices id="ID55">
                    <input semantic="POSITION" source="#ID52" />
                    <input semantic="NORMAL" source="#ID53" />
                </vertices>
                <triangles count="94" material="Material2">
                    <input offset="0" semantic="VERTEX" source="#ID55" />
                    <p>0 1 2 3 4 5 9 1 0 5 4 10 2 1 12 13 4 3 9 0 15 16 5 10 18 1 9 10 4 19 12 1 21 22 4 13 2 12 24 25 13 3 9 15 27 28 16 10 18 9 30 31 10 19 33 1 18 19 4 34 21 1 36 37 4 22 18 30 39 40 31 19 36 1 42 43 4 37 42 1 45 46 4 43 42 45 48 49 46 43 48 45 51 52 46 49 51 45 54 55 46 52 51 54 57 58 55 52 57 54 60 61 55 58 54 63 60 61 64 55 60 63 66 67 64 61 66 63 69 70 64 67 66 69 72 73 70 67 72 69 75 76 70 73 78 73 75 76 72 79 72 78 81 82 79 73 75 84 78 79 85 76 72 81 87 88 82 73 84 75 90 91 76 85 87 81 93 94 82 88 96 84 90 91 85 97 87 93 99 100 94 88 96 90 102 103 91 97 99 93 105 106 94 100 108 96 102 103 97 109 102 111 108 109 112 103 111 102 114 115 103 112 117 108 111 112 109 118 111 114 120 121 115 112 117 123 108 109 124 118 126 123 117 118 124 127 129 130 131 132 133 134 136 130 129 134 133 137 139 136 129 134 137 140 142 136 139 140 137 143 145 142 139 140 143 146 148 142 145 146 143 149</p>
                </triangles>
                <lines count="94" material="Material3">
                    <input offset="0" semantic="VERTEX" source="#ID55" />
                    <p>6 7 8 7 8 6 7 11 8 11 8 14 14 6 17 11 7 17 11 20 8 20 23 14 8 23 26 6 14 26 29 11 17 29 32 20 11 32 8 35 20 35 38 23 8 38 41 20 32 41 8 44 44 38 47 44 47 8 50 44 47 50 53 50 47 53 56 53 56 47 59 53 56 59 62 59 56 62 65 62 65 56 68 62 65 68 71 68 71 65 74 68 71 74 77 74 77 71 80 74 80 77 83 74 80 83 86 77 86 80 89 74 83 89 92 77 86 92 95 89 83 95 98 92 98 86 101 89 95 101 104 92 98 104 107 101 95 107 110 104 110 98 113 104 110 113 116 104 113 116 119 113 119 110 113 122 122 116 125 110 119 125 128 125 135 119 135 128 138 128 135 138 141 138 141 135 144 138 141 144 147 144 147 141 150 144 150 147</p>
                </lines>
                <lines count="1" material="Material4">
                    <input offset="0" semantic="VERTEX" source="#ID55" />
                    <p>128 119</p>
                </lines>
            </mesh>
        </geometry>
        <geometry id="ID59">
            <mesh>
                <source id="ID60">
                    <float_array id="ID64" count="453">27.14124 15.51023 53.94782 24.07473 14.33949 49.83679 25.36363 14.63802 52.52263 25.36363 14.63802 52.52263 24.07473 14.33949 49.83679 27.14124 15.51023 53.94782 24.07473 14.33949 49.83679 27.14124 15.51023 53.94782 25.36363 14.63802 52.52263 23.96801 14.22365 50.13329 23.96801 14.22365 50.13329 23.96801 14.22365 50.13329 26.90921 15.22878 54.4171 26.90921 15.22878 54.4171 26.90921 15.22878 54.4171 22.77242 13.83898 47.38227 22.77242 13.83898 47.38227 22.77242 13.83898 47.38227 28.44419 15.94077 55.63592 28.44419 15.94077 55.63592 28.44419 15.94077 55.63592 22.1881 13.69901 44.87576 22.1881 13.69901 44.87576 22.1881 13.69901 44.87576 31.63862 17.72518 56.61616 31.63862 17.72518 56.61616 31.63862 17.72518 56.61616 21.85019 13.47313 44.37798 21.85019 13.47313 44.37798 21.85019 13.47313 44.37798 28.65451 16.04022 55.78778 28.65451 16.04022 55.78778 28.65451 16.04022 55.78778 21.25348 13.35007 39.39913 21.25348 13.35007 39.39913 21.25348 13.35007 39.39913 28.87852 16.14979 55.92901 28.87852 16.14979 55.92901 28.87852 16.14979 55.92901 21.21936 13.17609 41.2202 21.21936 13.17609 41.2202 21.21936 13.17609 41.2202 29.11539 16.2692 56.05884 29.11539 16.2692 56.05884 29.11539 16.2692 56.05884 20.94397 13.38318 33.71718 20.94397 13.38318 33.71718 20.94397 13.38318 33.71718 29.36415 16.39813 56.17657 29.36415 16.39813 56.17657 29.36415 16.39813 56.17657 20.85652 13.00026 37.99083 20.85652 13.00026 37.99083 20.85652 13.00026 37.99083 29.62378 16.53625 56.28152 29.62378 16.53625 56.28152 29.62378 16.53625 56.28152 20.55688 13.80579 19.31373 20.55688 13.80579 19.31373 20.55688 13.80579 19.31373 29.89311 16.68318 56.3731 29.89311 16.68318 56.3731 29.89311 16.68318 56.3731 20.82582 13.60916 28.06973 20.82582 13.60916 28.06973 20.82582 13.60916 28.06973 20.57483 13.51149 22.2606 20.57483 13.51149 22.2606 20.57483 13.51149 22.2606 30.17091 16.83852 56.45075 30.17091 16.83852 56.45075 30.17091 16.83852 56.45075 20.50148 14.09574 16.43573 20.50148 14.09574 16.43573 20.50148 14.09574 16.43573 20.67952 12.946 34.75406 20.67952 12.946 34.75406 20.67952 12.946 34.75406 30.45587 17.00183 56.51401 30.45587 17.00183 56.51401 30.45587 17.00183 56.51401 20.73923 13.95313 22.67367 20.73923 13.95313 22.67367 20.73923 13.95313 22.67367 20.57059 13.25607 25.28204 20.57059 13.25607 25.28204 20.57059 13.25607 25.28204 30.74659 17.17267 56.56245 30.74659 17.17267 56.56245 30.74659 17.17267 56.56245 20.40291 14.32549 13.61664 20.40291 14.32549 13.61664 20.40291 14.32549 13.61664 20.59311 12.96518 31.54074 20.59311 12.96518 31.54074 20.59311 12.96518 31.54074 31.04163 17.35053 56.59577 31.04163 17.35053 56.59577 31.04163 17.35053 56.59577 20.60951 14.32201 17.71622 20.60951 14.32201 17.71622 20.60951 14.32201 17.71622 20.56718 13.06893 28.37792 20.56718 13.06893 28.37792 20.56718 13.06893 28.37792 31.33949 17.53489 56.61373 31.33949 17.53489 56.61373 31.33949 17.53489 56.61373 20.26647 14.42817 10.84401 20.26647 14.42817 10.84401 20.26647 14.42817 10.84401 20.42352 14.60101 13.3424 20.42352 14.60101 13.3424 20.42352 14.60101 13.3424 20.02634 14.5104 6.661752 20.02634 14.5104 6.661752 20.02634 14.5104 6.661752 19.97982 14.35698 5.856775 19.97982 14.35698 5.856775 19.97982 14.35698 5.856775 20.21289 14.68598 9.646003 20.21289 14.68598 9.646003 20.21289 14.68598 9.646003 20.10989 14.32797 8.104942 20.10989 14.32797 8.104942 20.10989 14.32797 8.104942 19.98802 14.01256 5.864163 19.98802 14.01256 5.864163 19.98802 14.01256 5.864163 19.97982 14.35698 5.856775 19.90322 14.06241 4.357461 19.98802 14.01256 5.864163 19.98802 14.01256 5.864163 19.90322 14.06241 4.357461 19.97982 14.35698 5.856775 19.90322 14.06241 4.357461 19.96469 13.94269 5.388558 19.96469 13.94269 5.388558 19.96469 13.94269 5.388558 19.85719 13.39442 2.625376 19.85719 13.39442 2.625376 19.85719 13.39442 2.625376 19.87731 13.18695 2.688857 19.87731 13.18695 2.688857 19.87731 13.18695 2.688857 19.87278 12.63061 1.272149 19.87278 12.63061 1.272149 19.87278 12.63061 1.272149 19.90995 11.97614 0.007949432 19.90995 11.97614 0.007949432 19.90995 11.97614 0.007949432</float_array>
                    <technique_common>
                        <accessor count="151" source="#ID64" stride="3">
                            <param name="X" type="float" />
                            <param name="Y" type="float" />
                            <param name="Z" type="float" />
                        </accessor>
                    </technique_common>
                </source>
                <source id="ID61">
                    <float_array id="ID65" count="453">-0.5487284 0.8106289 0.2043964 -0.5348659 0.834754 0.1307835 -0.5395653 0.8247266 0.1693971 0.5395653 -0.8247266 -0.1693971 0.5348659 -0.834754 -0.1307835 0.5487284 -0.8106289 -0.2043964 0 0 0 0 0 0 0 0 0 -0.5201636 0.8422099 0.1418178 0.5201636 -0.8422099 -0.1418178 0 0 0 -0.5521118 0.8066759 0.2108235 0.5521118 -0.8066759 -0.2108235 0 0 0 -0.4553786 0.8884189 0.05781148 0.4553786 -0.8884189 -0.05781148 0 0 0 -0.524688 0.8293977 0.1918384 0.524688 -0.8293977 -0.1918384 0 0 0 -0.6450903 0.7573623 0.1012963 0.6450903 -0.7573623 -0.1012963 0 0 0 -0.52217 0.8281539 0.2037148 0.52217 -0.8281539 -0.2037148 0 0 0 -0.6165614 0.7849458 0.06092734 0.6165614 -0.7849458 -0.06092734 0 0 0 -0.5202845 0.8362153 0.1733438 0.5202845 -0.8362153 -0.1733438 0 0 0 -0.7650249 0.6422966 0.04681879 0.7650249 -0.6422966 -0.04681879 0 0 0 -0.5209594 0.8345573 0.1792077 0.5209594 -0.8345573 -0.1792077 0 0 0 -0.6609606 0.7481058 0.05889594 0.6609606 -0.7481058 -0.05889594 0 0 0 -0.5215728 0.8326738 0.1860541 0.5215728 -0.8326738 -0.1860541 0 0 0 -0.7847695 0.6185306 0.039455 0.7847695 -0.6185306 -0.039455 0 0 0 -0.5220712 0.8305819 0.1938438 0.5220712 -0.8305819 -0.1938438 0 0 0 -0.7381305 0.6731394 0.04524148 0.7381305 -0.6731394 -0.04524148 0 0 0 -0.522403 0.8283002 0.2025189 0.522403 -0.8283002 -0.2025189 0 0 0 -0.9882733 0.148973 0.03350902 0.9882733 -0.148973 -0.03350902 0 0 0 -0.5225203 0.8258493 0.2120035 0.5225203 -0.8258493 -0.2120035 0 0 0 -0.8737826 0.4848471 0.03777907 0.8737826 -0.4848471 -0.03777907 0 0 0 -0.9841359 0.175885 0.02326089 0.9841359 -0.175885 -0.02326089 0 0 0 -0.5223806 0.8232519 0.2222045 0.5223806 -0.8232519 -0.2222045 0 0 0 -0.9975358 0.05817833 0.03921153 0.9975358 -0.05817833 -0.03921153 0 0 0 -0.8025246 0.5956693 0.03365143 0.8025246 -0.5956693 -0.03365143 0 0 0 -0.5219487 0.8205329 0.2330136 0.5219487 -0.8205329 -0.2330136 0 0 0 -0.8812206 0.4706157 0.04439856 0.8812206 -0.4706157 -0.04439856 0 0 0 -0.9697437 0.2433767 0.01910472 0.9697437 -0.2433767 -0.01910472 0 0 0 -0.5211986 0.8177193 0.2443094 0.5211986 -0.8177193 -0.2443094 0 0 0 -0.9980668 0.0366591 0.05018811 0.9980668 -0.0366591 -0.05018811 0 0 0 -0.8670736 0.4974884 0.02624241 0.8670736 -0.4974884 -0.02624241 0 0 0 -0.5201145 0.8148406 0.2559603 0.5201145 -0.8148406 -0.2559603 0 0 0 -0.9499236 0.3087487 0.04815982 0.9499236 -0.3087487 -0.04815982 0 0 0 -0.9476242 0.3188667 0.01823063 0.9476242 -0.3188667 -0.01823063 0 0 0 -0.518692 0.8119281 0.2678272 0.518692 -0.8119281 -0.2678272 0 0 0 -0.996371 0.06213717 0.0581697 0.996371 -0.06213717 -0.0581697 0 0 0 -0.9875639 0.1484338 0.05181635 0.9875639 -0.1484338 -0.05181635 0 0 0 -0.9983463 0.003394733 0.05738584 0.9983463 -0.003394733 -0.05738584 0 0 0 -0.9981488 -0.01995903 0.05745034 0.9981488 0.01995903 -0.05745034 0 0 0 -0.996025 0.06734057 0.05830402 0.996025 -0.06734057 -0.05830402 0 0 0 -0.9982377 -0.01439539 0.05757014 0.9982377 0.01439539 -0.05757014 0 0 0 -0.9980939 -0.02252184 0.05745694 0.9980939 0.02252184 -0.05745694 0 0 0 -0.9982074 -0.02256799 0.05543156 -0.9967362 -0.06161993 0.05215345 -0.9981674 -0.02441704 0.05536813 0.9981674 0.02441704 -0.05536813 0.9967362 0.06161993 -0.05215345 0.9982074 0.02256799 -0.05543156 0 0 0 -0.9975661 -0.04345433 0.05452987 0.9975661 0.04345433 -0.05452987 0 0 0 -0.9955956 -0.08150745 0.04632441 0.9955956 0.08150745 -0.04632441 0 0 0 -0.995274 -0.08530827 0.04639227 0.995274 0.08530827 -0.04639227 0 0 0 -0.9647399 -0.2439264 0.09887815 0.9647399 0.2439264 -0.09887815 0 0 0 -0.9626106 -0.2510814 0.1016811 0.9626106 0.2510814 -0.1016811 0 0 0</float_array>
                    <technique_common>
                        <accessor count="151" source="#ID65" stride="3">
                            <param name="X" type="float" />
                            <param name="Y" type="float" />
                            <param name="Z" type="float" />
                        </accessor>
                    </technique_common>
                </source>
                <source id="ID62">
                    <Name_array id="ID66" count="0" />
                    <technique_common>
                        <accessor count="0" source="#ID66" stride="1">
                            <param name="skp_material" type="Name" />
                        </accessor>
                    </technique_common>
                </source>
                <vertices id="ID63">
                    <input semantic="POSITION" source="#ID60" />
                    <input semantic="NORMAL" source="#ID61" />
                </vertices>
                <triangles count="94" material="Material2">
                    <input offset="0" semantic="VERTEX" source="#ID63" />
                    <p>0 1 2 3 4 5 2 1 9 10 4 3 12 0 2 3 5 13 9 1 15 16 4 10 18 0 12 13 5 19 1 21 15 16 22 4 24 0 18 19 5 25 15 21 27 28 22 16 24 18 30 31 19 25 21 33 27 28 34 22 24 30 36 37 31 25 27 33 39 40 34 28 24 36 42 43 37 25 45 39 33 34 40 46 24 42 48 49 43 25 45 51 39 40 52 46 24 48 54 55 49 25 57 51 45 46 52 58 24 54 60 61 55 25 57 45 63 64 46 58 57 66 51 52 67 58 24 60 69 70 61 25 72 57 63 64 58 73 66 75 51 52 76 67 24 69 78 79 70 25 72 63 81 82 64 73 66 84 75 76 85 67 24 78 87 88 79 25 90 72 81 82 73 91 84 93 75 76 94 85 24 87 96 97 88 25 90 81 99 100 82 91 84 102 93 94 103 85 24 96 105 106 97 25 108 90 99 100 91 109 111 108 99 100 109 112 111 114 108 109 115 112 114 117 108 109 118 115 120 114 111 112 115 121 108 117 123 124 118 109 117 126 123 124 127 118 129 130 131 132 133 134 130 136 131 132 137 133 130 139 136 137 140 133 136 139 142 143 140 137 139 145 142 143 146 140 142 145 148 149 146 143</p>
                </triangles>
                <lines count="94" material="Material3">
                    <input offset="0" semantic="VERTEX" source="#ID63" />
                    <p>6 7 8 6 8 7 11 6 11 8 14 7 8 14 17 6 17 11 20 7 14 20 23 6 17 23 7 26 20 26 29 23 29 17 20 32 32 26 35 23 29 35 38 26 32 38 41 35 41 29 44 26 38 44 47 35 41 47 50 26 44 50 53 41 47 53 56 26 50 56 47 59 53 59 62 26 56 62 65 59 65 47 59 68 53 68 71 26 62 71 65 74 74 59 77 68 77 53 80 26 71 80 83 74 83 65 68 86 77 86 89 26 80 89 92 74 83 92 95 86 95 77 98 26 89 98 101 92 101 83 104 95 86 104 107 26 98 107 110 92 101 110 113 110 113 101 116 110 113 116 119 116 110 119 116 122 122 113 125 119 125 110 128 125 135 119 128 135 138 135 138 128 141 135 138 141 144 141 144 138 147 141 144 147 150 144 150 147</p>
                </lines>
                <lines count="1" material="Material4">
                    <input offset="0" semantic="VERTEX" source="#ID63" />
                    <p>128 119</p>
                </lines>
            </mesh>
        </geometry>
        <geometry id="ID67">
            <mesh>
                <source id="ID68">
                    <float_array id="ID72" count="453">18.14666 13.06473 53.97323 21.17608 11.78562 49.92867 19.90892 12.23919 52.59093 19.90892 12.23919 52.59093 21.17608 11.78562 49.92867 18.14666 13.06473 53.97323 21.17608 11.78562 49.92867 18.14666 13.06473 53.97323 19.90892 12.23919 52.59093 21.29202 11.70305 50.22639 21.29202 11.70305 50.22639 21.29202 11.70305 50.22639 18.42441 12.91445 54.44606 18.42441 12.91445 54.44606 18.42441 12.91445 54.44606 22.61335 11.36482 47.48287 22.61335 11.36482 47.48287 22.61335 11.36482 47.48287 16.93478 13.65778 55.63592 16.93478 13.65778 55.63592 16.93478 13.65778 55.63592 23.33974 11.35402 44.97328 23.33974 11.35402 44.97328 23.33974 11.35402 44.97328 13.80086 15.6403 56.61616 13.80086 15.6403 56.61616 13.80086 15.6403 56.61616 23.76867 11.25433 44.47444 23.76867 11.25433 44.47444 23.76867 11.25433 44.47444 16.73199 13.78459 55.78779 16.73199 13.78459 55.78779 16.73199 13.78459 55.78779 24.67641 11.36183 41.30266 24.67641 11.36183 41.30266 24.67641 11.36183 41.30266 16.51566 13.92083 55.92902 16.51566 13.92083 55.92902 16.51566 13.92083 55.92902 24.66615 11.60862 39.47463 24.66615 11.60862 39.47463 24.66615 11.60862 39.47463 16.28654 14.06594 56.05886 16.28654 14.06594 56.05886 16.28654 14.06594 56.05886 25.28458 11.6473 38.05425 25.28458 11.6473 38.05425 25.28458 11.6473 38.05425 16.04543 14.21928 56.17659 16.04543 14.21928 56.17659 16.04543 14.21928 56.17659 25.62697 12.04305 34.79821 25.62697 12.04305 34.79821 25.62697 12.04305 34.79821 15.79321 14.38014 56.28156 15.79321 14.38014 56.28156 15.79321 14.38014 56.28156 25.16743 12.26077 33.76495 25.16743 12.26077 33.76495 25.16743 12.26077 33.76495 15.5308 14.54771 56.37314 15.5308 14.54771 56.37314 15.5308 14.54771 56.37314 25.79352 12.48871 31.56748 25.79352 12.48871 31.56748 25.79352 12.48871 31.56748 15.25919 14.7211 56.45079 15.25919 14.7211 56.45079 15.25919 14.7211 56.45079 25.79259 12.95072 28.39105 25.79259 12.95072 28.39105 25.79259 12.95072 28.39105 14.97941 14.89936 56.51404 14.97941 14.89936 56.51404 14.97941 14.89936 56.51404 25.20888 13.01118 28.09564 25.20888 13.01118 28.09564 25.20888 13.01118 28.09564 14.69255 15.08149 56.56249 14.69255 15.08149 56.56249 14.69255 15.08149 56.56249 25.64633 13.39879 25.28612 25.64633 13.39879 25.28612 25.64633 13.39879 25.28612 14.39973 15.26643 56.5958 14.39973 15.26643 56.5958 14.39973 15.26643 56.5958 24.9491 13.70962 22.68654 24.9491 13.70962 22.68654 24.9491 13.70962 22.68654 14.1021 15.45307 56.61374 14.1021 15.45307 56.61374 14.1021 15.45307 56.61374 25.38827 13.80993 22.25986 25.38827 13.80993 22.25986 25.38827 13.80993 22.25986 25.0604 14.1716 19.3112 25.0604 14.1716 19.3112 25.0604 14.1716 19.3112 24.54191 14.27843 17.7227 24.54191 14.27843 17.7227 24.54191 14.27843 17.7227 24.7103 14.48407 16.43279 24.7103 14.48407 16.43279 24.7103 14.48407 16.43279 24.38833 14.76216 13.61292 24.38833 14.76216 13.61292 24.38833 14.76216 13.61292 24.1381 14.71334 13.34501 24.1381 14.71334 13.34501 24.1381 14.71334 13.34501 24.14494 15.03649 10.83735 24.14494 15.03649 10.83735 24.14494 15.03649 10.83735 23.85605 15.06731 9.643677 23.85605 15.06731 9.643677 23.85605 15.06731 9.643677 24.02811 15.3546 8.091206 24.02811 15.3546 8.091206 24.02811 15.3546 8.091206 23.76639 15.41621 6.650727 23.76639 15.41621 6.650727 23.76639 15.41621 6.650727 23.81228 15.55449 5.840854 23.81228 15.55449 5.840854 23.81228 15.55449 5.840854 24.07439 15.70521 5.839038 24.07439 15.70521 5.839038 24.07439 15.70521 5.839038 23.81228 15.55449 5.840854 24.08077 15.78182 5.360967 24.07439 15.70521 5.839038 24.07439 15.70521 5.839038 24.08077 15.78182 5.360967 23.81228 15.55449 5.840854 24.08077 15.78182 5.360967 23.88716 15.8215 4.332121 23.88716 15.8215 4.332121 23.88716 15.8215 4.332121 24.33829 16.402 2.636642 24.33829 16.402 2.636642 24.33829 16.402 2.636642 24.18156 16.30337 2.579469 24.18156 16.30337 2.579469 24.18156 16.30337 2.579469 24.55144 16.83 1.201376 24.55144 16.83 1.201376 24.55144 16.83 1.201376 24.82601 17.31764 -0.08552939 24.82601 17.31764 -0.08552939 24.82601 17.31764 -0.08552939</float_array>
                    <technique_common>
                        <accessor count="151" source="#ID72" stride="3">
                            <param name="X" type="float" />
                            <param name="Y" type="float" />
                            <param name="Z" type="float" />
                        </accessor>
                    </technique_common>
                </source>
                <source id="ID69">
                    <float_array id="ID73" count="453">-0.4624451 -0.8859272 -0.03574179 -0.4337468 -0.8970965 -0.0841523 -0.4673909 -0.8812814 -0.06991976 0.4673909 0.8812814 0.06991976 0.4337468 0.8970965 0.0841523 0.4624451 0.8859272 0.03574179 0 0 0 0 0 0 0 0 0 -0.4461575 -0.8919227 -0.07360284 0.4461575 0.8919227 0.07360284 0 0 0 -0.4492064 -0.8932038 -0.02001513 0.4492064 0.8932038 0.02001513 0 0 0 -0.4790766 -0.8674668 -0.1341154 0.4790766 0.8674668 0.1341154 0 0 0 -0.5461045 -0.8324945 -0.0933957 0.5461045 0.8324945 0.0933957 0 0 0 -0.3369657 -0.9363433 -0.09856629 0.3369657 0.9363433 0.09856629 0 0 0 -0.5445273 -0.8379666 -0.03608336 0.5445273 0.8379666 0.03608336 0 0 0 -0.3677906 -0.9204493 -0.1322992 0.3677906 0.9204493 0.1322992 0 0 0 -0.5375829 -0.843103 -0.01348756 0.5375829 0.843103 0.01348756 0 0 0 -0.3301978 -0.9356155 -0.1248717 0.3301978 0.9356155 0.1248717 0 0 0 -0.5363329 -0.8439771 -0.007046457 0.5363329 0.8439771 0.007046457 0 0 0 -0.2436617 -0.9611886 -0.129404 0.2436617 0.9611886 0.129404 0 0 0 -0.5350042 -0.8448493 0.0004502378 0.5350042 0.8448493 -0.0004502378 0 0 0 -0.2689729 -0.9524658 -0.143047 0.2689729 0.9524658 0.143047 0 0 0 -0.53363 -0.8456705 0.00896711 0.53363 0.8456705 -0.00896711 0 0 0 -0.1749962 -0.9759561 -0.1299462 0.1749962 0.9759561 0.1299462 0 0 0 -0.5322426 -0.8463908 0.01844965 0.5322426 0.8463908 -0.01844965 0 0 0 -0.1452459 -0.9794789 -0.1397311 0.1452459 0.9794789 0.1397311 0 0 0 -0.5308728 -0.8469612 0.02882428 0.5308728 0.8469612 -0.02882428 0 0 0 -0.1432832 -0.9793816 -0.1424137 0.1432832 0.9793816 0.1424137 0 0 0 -0.5295492 -0.8473357 0.03999891 0.5295492 0.8473357 -0.03999891 0 0 0 -0.03841142 -0.990073 -0.1352034 0.03841142 0.990073 0.1352034 0 0 0 -0.528298 -0.8474735 0.05186408 0.528298 0.8474735 -0.05186408 0 0 0 -0.02810396 -0.9901423 -0.1372164 0.02810396 0.9901423 0.1372164 0 0 0 -0.5271427 -0.847341 0.06429476 0.5271427 0.847341 -0.06429476 0 0 0 0.04078268 -0.9904919 -0.1313873 -0.04078268 0.9904919 0.1313873 0 0 0 -0.5261034 -0.8469136 0.0771526 0.5261034 0.8469136 -0.0771526 0 0 0 0.09076216 -0.9862797 -0.137893 -0.09076216 0.9862797 0.137893 0 0 0 -0.5251971 -0.8461773 0.09028879 0.5251971 0.8461773 -0.09028879 0 0 0 0.09460435 -0.9863841 -0.1345227 -0.09460435 0.9863841 0.1345227 0 0 0 0.184975 -0.9744438 -0.1274501 -0.184975 0.9744438 0.1274501 0 0 0 0.2000563 -0.971293 -0.1287142 -0.2000563 0.971293 0.1287142 0 0 0 0.2358853 -0.9639791 -0.1228923 -0.2358853 0.9639791 0.1228923 0 0 0 0.3125442 -0.9420221 -0.1221082 -0.3125442 0.9420221 0.1221082 0 0 0 0.3152942 -0.9412604 -0.1209065 -0.3152942 0.9412604 0.1209065 0 0 0 0.3847891 -0.9155108 -0.1173768 -0.3847891 0.9155108 0.1173768 0 0 0 0.4082537 -0.9047307 -0.1216194 -0.4082537 0.9047307 0.1216194 0 0 0 0.4366196 -0.8918953 -0.1178396 -0.4366196 0.8918953 0.1178396 0 0 0 0.4675524 -0.8754513 -0.1223919 -0.4675524 0.8754513 0.1223919 0 0 0 0.4915874 -0.8619958 -0.1237137 -0.4915874 0.8619958 0.1237137 0 0 0 0.4940302 -0.8605825 -0.1238225 -0.4940302 0.8605825 0.1238225 0 0 0 0.4953897 -0.8589271 -0.1297432 0.5035111 -0.8543736 -0.1285388 0.4935193 -0.8597829 -0.1311951 -0.4935193 0.8597829 0.1311951 -0.5035111 0.8543736 0.1285388 -0.4953897 0.8589271 0.1297432 0 0 0 0.5466128 -0.8265154 -0.1344872 -0.5466128 0.8265154 0.1344872 0 0 0 0.5665597 -0.8115832 -0.1426278 -0.5665597 0.8115832 0.1426278 0 0 0 0.5640242 -0.8132225 -0.1433383 -0.5640242 0.8132225 0.1433383 0 0 0 0.7704565 -0.6331385 -0.07438006 -0.7704565 0.6331385 0.07438006 0 0 0 0.7776661 -0.6246797 -0.07078692 -0.7776661 0.6246797 0.07078692 0 0 0</float_array>
                    <technique_common>
                        <accessor count="151" source="#ID73" stride="3">
                            <param name="X" type="float" />
                            <param name="Y" type="float" />
                            <param name="Z" type="float" />
                        </accessor>
                    </technique_common>
                </source>
                <source id="ID70">
                    <Name_array id="ID74" count="0" />
                    <technique_common>
                        <accessor count="0" source="#ID74" stride="1">
                            <param name="skp_material" type="Name" />
                        </accessor>
                    </technique_common>
                </source>
                <vertices id="ID71">
                    <input semantic="POSITION" source="#ID68" />
                    <input semantic="NORMAL" source="#ID69" />
                </vertices>
                <triangles count="94" material="Material2">
                    <input offset="0" semantic="VERTEX" source="#ID71" />
                    <p>0 1 2 3 4 5 2 1 9 10 4 3 12 0 2 3 5 13 9 1 15 16 4 10 18 0 12 13 5 19 1 21 15 16 22 4 24 0 18 19 5 25 15 21 27 28 22 16 24 18 30 31 19 25 21 33 27 28 34 22 24 30 36 37 31 25 21 39 33 34 40 22 24 36 42 43 37 25 33 39 45 46 40 34 24 42 48 49 43 25 39 51 45 46 52 40 24 48 54 55 49 25 39 57 51 52 58 40 24 54 60 61 55 25 51 57 63 64 58 52 24 60 66 67 61 25 57 69 63 64 70 58 24 66 72 73 67 25 57 75 69 70 76 58 24 72 78 79 73 25 69 75 81 82 76 70 24 78 84 85 79 25 75 87 81 82 88 76 24 84 90 91 85 25 81 87 93 94 88 82 87 96 93 94 97 88 87 99 96 97 100 88 96 99 102 103 100 97 99 105 102 103 106 100 99 108 105 106 109 100 105 108 111 112 109 106 108 114 111 112 115 109 111 114 117 118 115 112 114 120 117 118 121 115 117 120 123 124 121 118 117 123 126 127 124 118 129 130 131 132 133 134 129 136 130 133 137 134 130 136 139 140 137 133 136 142 139 140 143 137 139 142 145 146 143 140 148 139 145 146 140 149</p>
                </triangles>
                <lines count="94" material="Material3">
                    <input offset="0" semantic="VERTEX" source="#ID71" />
                    <p>6 7 8 6 8 7 11 6 11 8 14 7 8 14 17 6 17 11 20 7 14 20 23 6 17 23 7 26 20 26 29 23 29 17 20 32 32 26 35 23 35 29 38 26 32 38 41 23 35 41 44 26 38 44 47 41 47 35 50 26 44 50 53 41 53 47 56 26 50 56 59 41 53 59 62 26 56 62 65 59 65 53 68 26 62 68 71 59 71 65 74 26 68 74 77 59 71 77 80 26 74 80 83 77 83 71 86 26 80 86 89 77 83 89 92 26 86 92 95 89 95 83 98 89 98 95 101 89 98 101 104 101 104 98 107 101 107 104 110 101 107 110 113 107 113 110 116 110 113 116 119 116 119 113 122 116 119 122 125 122 119 125 128 119 135 125 135 128 138 125 135 138 141 138 141 135 144 138 141 144 147 144 141 147 150 141 150 147</p>
                </lines>
                <lines count="1" material="Material4">
                    <input offset="0" semantic="VERTEX" source="#ID71" />
                    <p>128 125</p>
                </lines>
            </mesh>
        </geometry>
        <geometry id="ID75">
            <mesh>
                <source id="ID76">
                    <float_array id="ID80" count="27">22.5481 19.34218 1.878821 22.47234 19.24113 1.298277 22.33702 18.72791 -0.08617589 22.33702 18.72791 -0.08617589 22.47234 19.24113 1.298277 22.5481 19.34218 1.878821 22.33702 18.72791 -0.08617589 22.5481 19.34218 1.878821 22.47234 19.24113 1.298277</float_array>
                    <technique_common>
                        <accessor count="9" source="#ID80" stride="3">
                            <param name="X" type="float" />
                            <param name="Y" type="float" />
                            <param name="Z" type="float" />
                        </accessor>
                    </technique_common>
                </source>
                <source id="ID77">
                    <float_array id="ID81" count="27">-0.9744284 -0.1622892 0.1554076 -0.9744284 -0.1622892 0.1554076 -0.9744284 -0.1622892 0.1554076 0.9744284 0.1622892 -0.1554076 0.9744284 0.1622892 -0.1554076 0.9744284 0.1622892 -0.1554076 0 0 0 0 0 0 0 0 0</float_array>
                    <technique_common>
                        <accessor count="9" source="#ID81" stride="3">
                            <param name="X" type="float" />
                            <param name="Y" type="float" />
                            <param name="Z" type="float" />
                        </accessor>
                    </technique_common>
                </source>
                <source id="ID78">
                    <Name_array id="ID82" count="0" />
                    <technique_common>
                        <accessor count="0" source="#ID82" stride="1">
                            <param name="skp_material" type="Name" />
                        </accessor>
                    </technique_common>
                </source>
                <vertices id="ID79">
                    <input semantic="POSITION" source="#ID76" />
                    <input semantic="NORMAL" source="#ID77" />
                </vertices>
                <triangles count="2" material="Material2">
                    <input offset="0" semantic="VERTEX" source="#ID79" />
                    <p>0 1 2 3 4 5</p>
                </triangles>
                <lines count="3" material="Material3">
                    <input offset="0" semantic="VERTEX" source="#ID79" />
                    <p>6 7 8 7 6 8</p>
                </lines>
            </mesh>
        </geometry>
        <geometry id="ID83">
            <mesh>
                <source id="ID84">
                    <float_array id="ID88" count="27">27.88252 12.26961 1.839857 27.76446 12.44709 1.29422 27.28503 13.00359 -0.009293865 27.28503 13.00359 -0.009293865 27.76446 12.44709 1.29422 27.88252 12.26961 1.839857 27.28503 13.00359 -0.009293865 27.88252 12.26961 1.839857 27.76446 12.44709 1.29422</float_array>
                    <technique_common>
                        <accessor count="9" source="#ID88" stride="3">
                            <param name="X" type="float" />
                            <param name="Y" type="float" />
                            <param name="Z" type="float" />
                        </accessor>
                    </technique_common>
                </source>
                <source id="ID85">
                    <float_array id="ID89" count="27">0.5511761 0.8211841 0.1478569 0.5511761 0.8211841 0.1478569 0.5511761 0.8211841 0.1478569 -0.5511761 -0.8211841 -0.1478569 -0.5511761 -0.8211841 -0.1478569 -0.5511761 -0.8211841 -0.1478569 0 0 0 0 0 0 0 0 0</float_array>
                    <technique_common>
                        <accessor count="9" source="#ID89" stride="3">
                            <param name="X" type="float" />
                            <param name="Y" type="float" />
                            <param name="Z" type="float" />
                        </accessor>
                    </technique_common>
                </source>
                <source id="ID86">
                    <Name_array id="ID90" count="0" />
                    <technique_common>
                        <accessor count="0" source="#ID90" stride="1">
                            <param name="skp_material" type="Name" />
                        </accessor>
                    </technique_common>
                </source>
                <vertices id="ID87">
                    <input semantic="POSITION" source="#ID84" />
                    <input semantic="NORMAL" source="#ID85" />
                </vertices>
                <triangles count="2" material="Material2">
                    <input offset="0" semantic="VERTEX" source="#ID87" />
                    <p>0 1 2 3 4 5</p>
                </triangles>
                <lines count="3" material="Material3">
                    <input offset="0" semantic="VERTEX" source="#ID87" />
                    <p>6 7 8 7 6 8</p>
                </lines>
            </mesh>
        </geometry>
        <geometry id="ID91">
            <mesh>
                <source id="ID92">
                    <float_array id="ID96" count="348">27.9945 9.555445 16.07747 28.00193 9.419178 16.61195 28.03387 9.061039 17.87476 28.03387 9.061039 17.87476 28.00193 9.419178 16.61195 27.9945 9.555445 16.07747 27.9945 9.555445 16.07747 28.00193 9.419178 16.61195 28.03387 9.061039 17.87476 27.9642 8.770011 19.39463 27.9642 8.770011 19.39463 27.9642 8.770011 19.39463 27.92825 7.840938 22.73074 27.92825 7.840938 22.73074 27.92825 7.840938 22.73074 27.82597 8.179214 22.24798 27.82597 8.179214 22.24798 27.82597 8.179214 22.24798 27.61722 7.603441 25.18479 27.61722 7.603441 25.18479 27.61722 7.603441 25.18479 27.60327 6.49872 28.0327 27.60327 6.49872 28.0327 27.60327 6.49872 28.0327 27.37723 6.951707 28.20625 27.37723 6.951707 28.20625 27.37723 6.951707 28.20625 27.10626 4.801706 33.57733 27.10626 4.801706 33.57733 27.10626 4.801706 33.57733 27.11145 6.162913 31.29985 27.11145 6.162913 31.29985 27.11145 6.162913 31.29985 26.81217 5.17457 34.4352 26.81217 5.17457 34.4352 26.81217 5.17457 34.4352 26.3922 2.558408 39.05904 26.3922 2.558408 39.05904 26.3922 2.558408 39.05904 26.45964 3.931251 37.55727 26.45964 3.931251 37.55727 26.45964 3.931251 37.55727 26.02544 2.416358 40.58213 26.02544 2.416358 40.58213 26.02544 2.416358 40.58213 25.377 -0.3121667 44.12478 25.377 -0.3121667 44.12478 25.377 -0.3121667 44.12478 25.47271 0.6780578 43.45955 25.47271 0.6780578 43.45955 25.47271 0.6780578 43.45955 24.80321 -1.263491 46.10565 24.80321 -1.263491 46.10565 24.80321 -1.263491 46.10565 24.09571 -3.910437 48.37495 24.09571 -3.910437 48.37495 24.09571 -3.910437 48.37495 24.05946 -3.358069 48.40946 24.05946 -3.358069 48.40946 24.05946 -3.358069 48.40946 22.94713 -8.399391 51.22754 22.94713 -8.399391 51.22754 22.94713 -8.399391 51.22754 23.33277 -5.518777 50.25482 23.33277 -5.518777 50.25482 23.33277 -5.518777 50.25482 22.75784 -7.619096 51.53345 22.75784 -7.619096 51.53345 22.75784 -7.619096 51.53345 22.81712 -13.36963 52.12498 22.81712 -13.36963 52.12498 22.81712 -13.36963 52.12498 22.94713 -8.399391 51.22754 22.81712 -13.36963 52.12498 22.95321 -13.78262 52.00029 22.95321 -13.78262 52.00029 22.81712 -13.36963 52.12498 22.94713 -8.399391 51.22754 22.95321 -13.78262 52.00029 22.75784 -7.619096 51.53345 22.70124 -12.96105 52.22875 22.81712 -13.36963 52.12498 22.81712 -13.36963 52.12498 22.70124 -12.96105 52.22875 22.75784 -7.619096 51.53345 22.70124 -12.96105 52.22875 22.60505 -12.55875 52.31155 22.60505 -12.55875 52.31155 22.60505 -12.55875 52.31155 22.52786 -12.16452 52.37345 22.52786 -12.16452 52.37345 22.52786 -12.16452 52.37345 22.46888 -11.78006 52.41463 22.46888 -11.78006 52.41463 22.46888 -11.78006 52.41463 22.48378 -9.486083 52.15674 22.48378 -9.486083 52.15674 22.48378 -9.486083 52.15674 22.42721 -11.40699 52.43536 22.42721 -11.40699 52.43536 22.42721 -11.40699 52.43536 22.40186 -11.04684 52.43601 22.40186 -11.04684 52.43601 22.40186 -11.04684 52.43601 22.39182 -10.70103 52.41704 22.39182 -10.70103 52.41704 22.39182 -10.70103 52.41704 22.39603 -10.37089 52.37899 22.39603 -10.37089 52.37899 22.39603 -10.37089 52.37899 22.44303 -9.762366 52.24814 22.44303 -9.762366 52.24814 22.44303 -9.762366 52.24814 22.41344 -10.05764 52.32246 22.41344 -10.05764 52.32246 22.41344 -10.05764 52.32246</float_array>
                    <technique_common>
                        <accessor count="116" source="#ID96" stride="3">
                            <param name="X" type="float" />
                            <param name="Y" type="float" />
                            <param name="Z" type="float" />
                        </accessor>
                    </technique_common>
                </source>
                <source id="ID93">
                    <float_array id="ID97" count="348">0.926316 0.3679536 0.08092431 0.9242838 0.3727219 0.08232803 0.7861942 0.5993206 0.1507097 -0.7861942 -0.5993206 -0.1507097 -0.9242838 -0.3727219 -0.08232803 -0.926316 -0.3679536 -0.08092431 0 0 0 0 0 0 0 0 0 0.9188659 0.377548 0.1146429 -0.9188659 -0.377548 -0.1146429 0 0 0 0.8669154 0.4743103 0.153256 -0.8669154 -0.4743103 -0.153256 0 0 0 0.8739479 0.4651742 0.1408124 -0.8739479 -0.4651742 -0.1408124 0 0 0 0.9098099 0.3858501 0.1528584 -0.9098099 -0.3858501 -0.1528584 0 0 0 0.9063525 0.3846117 0.1749256 -0.9063525 -0.3846117 -0.1749256 0 0 0 0.9089853 0.3777133 0.1762906 -0.9089853 -0.3777133 -0.1762906 0 0 0 0.9376958 0.2889763 0.1929231 -0.9376958 -0.2889763 -0.1929231 0 0 0 0.9595684 0.2406418 0.1460135 -0.9595684 -0.2406418 -0.1460135 0 0 0 0.9451612 0.2501049 0.2100425 -0.9451612 -0.2501049 -0.2100425 0 0 0 0.9497701 0.2006575 0.2401528 -0.9497701 -0.2006575 -0.2401528 0 0 0 0.9756811 0.1381965 0.1701417 -0.9756811 -0.1381965 -0.1701417 0 0 0 0.9654475 0.09918032 0.2409864 -0.9654475 -0.09918032 -0.2409864 0 0 0 0.9425172 0.112243 0.3147426 -0.9425172 -0.112243 -0.3147426 0 0 0 0.9703963 0.06285813 0.233195 -0.9703963 -0.06285813 -0.233195 0 0 0 0.9621015 -0.01787689 0.2721049 -0.9621015 0.01787689 -0.2721049 0 0 0 0.9189657 0.03216015 0.3930238 -0.9189657 -0.03216015 -0.3930238 0 0 0 0.9330084 0.03621934 0.3580272 -0.9330084 -0.03621934 -0.3580272 0 0 0 0.9023699 0.04598557 0.428502 -0.9023699 -0.04598557 -0.428502 0 0 0 0.9279593 0.001612796 0.3726781 -0.9279593 -0.001612796 -0.3726781 0 0 0 0.891358 0.03918268 0.4516035 -0.891358 -0.03918268 -0.4516035 0 0 0 0.9039858 0.05296215 0.4242695 -0.9039858 -0.05296215 -0.4242695 0 0 0 0.8019573 0.08577102 0.5911918 0.8019573 0.08577102 0.5911918 0.8019573 0.08577102 0.5911918 -0.8019573 -0.08577102 -0.5911918 -0.8019573 -0.08577102 -0.5911918 -0.8019573 -0.08577102 -0.5911918 0 0 0 0.8247385 0.06117188 0.5621961 0.793096 0.07034651 0.6050208 0.7919249 0.07055518 0.6065286 -0.7919249 -0.07055518 -0.6065286 -0.793096 -0.07034651 -0.6050208 -0.8247385 -0.06117188 -0.5621961 0 0 0 0.8017905 0.06871188 0.5936418 -0.8017905 -0.06871188 -0.5936418 0 0 0 0.8104062 0.0665674 0.5820743 -0.8104062 -0.0665674 -0.5820743 0 0 0 0.8188503 0.06357118 0.5704761 -0.8188503 -0.06357118 -0.5704761 0 0 0 0.8430758 0.05439776 0.5350365 -0.8430758 -0.05439776 -0.5350365 0 0 0 0.8169172 0.05915663 0.5737131 -0.8169172 -0.05915663 -0.5737131 0 0 0 0.8260732 0.05696542 0.5606763 -0.8260732 -0.05696542 -0.5606763 0 0 0 0.8347985 0.05419449 0.5478818 -0.8347985 -0.05419449 -0.5478818 0 0 0 0.8429881 0.05090248 0.5355185 -0.8429881 -0.05090248 -0.5355185 0 0 0 0.8539377 0.04551163 0.5183811 -0.8539377 -0.04551163 -0.5183811 0 0 0 0.8467403 0.04852054 0.5297892 -0.8467403 -0.04852054 -0.5297892 0 0 0</float_array>
                    <technique_common>
                        <accessor count="116" source="#ID97" stride="3">
                            <param name="X" type="float" />
                            <param name="Y" type="float" />
                            <param name="Z" type="float" />
                        </accessor>
                    </technique_common>
                </source>
                <source id="ID94">
                    <Name_array id="ID98" count="0" />
                    <technique_common>
                        <accessor count="0" source="#ID98" stride="1">
                            <param name="skp_material" type="Name" />
                        </accessor>
                    </technique_common>
                </source>
                <vertices id="ID95">
                    <input semantic="POSITION" source="#ID92" />
                    <input semantic="NORMAL" source="#ID93" />
                </vertices>
                <triangles count="68" material="Material2">
                    <input offset="0" semantic="VERTEX" source="#ID95" />
                    <p>0 1 2 3 4 5 1 9 2 3 10 4 2 9 12 13 10 3 9 15 12 13 16 10 15 18 12 13 19 16 12 18 21 22 19 13 18 24 21 22 25 19 24 27 21 22 28 25 24 30 27 28 31 25 30 33 27 28 34 31 33 36 27 28 37 34 33 39 36 37 40 34 39 42 36 37 43 40 36 42 45 46 43 37 42 48 45 46 49 43 48 51 45 46 52 49 45 51 54 55 52 46 51 57 54 55 58 52 57 60 54 55 61 58 57 63 60 61 64 58 63 66 60 61 67 64 66 69 60 61 70 67 72 73 74 75 76 77 79 80 81 82 83 84 79 86 80 83 87 84 79 89 86 87 90 84 79 92 89 90 93 84 79 95 92 93 96 84 95 98 92 93 99 96 95 101 98 99 102 96 95 104 101 102 105 96 95 107 104 105 108 96 95 110 107 108 111 96 110 113 107 108 114 111</p>
                </triangles>
                <lines count="67" material="Material3">
                    <input offset="0" semantic="VERTEX" source="#ID95" />
                    <p>6 7 7 8 6 8 7 11 11 8 8 14 11 14 17 14 11 17 17 20 20 14 14 23 20 23 26 23 20 26 23 29 26 29 32 29 26 32 32 35 35 29 29 38 35 38 41 38 35 41 41 44 44 38 38 47 44 47 50 47 44 50 53 47 50 53 47 56 53 56 59 56 53 59 56 62 59 62 65 62 59 65 68 62 65 68 71 78 62 78 68 85 85 71 88 85 68 88 91 88 68 91 94 91 68 94 97 94 68 97 97 100 100 94 103 100 97 103 106 103 97 106 109 106 97 109 112 109 97 112 115 109 112 115</p>
                </lines>
                <lines count="2" material="Material4">
                    <input offset="0" semantic="VERTEX" source="#ID95" />
                    <p>71 62 68 71</p>
                </lines>
            </mesh>
        </geometry>
        <geometry id="ID99">
            <mesh>
                <source id="ID100">
                    <float_array id="ID104" count="453">18.78504 1.528157 38.86074 17.56921 0.377806 39.96506 17.38755 0.1832122 40.0533 17.38755 0.1832122 40.0533 17.56921 0.377806 39.96506 18.78504 1.528157 38.86074 17.56921 0.377806 39.96506 17.38755 0.1832122 40.0533 18.78504 1.528157 38.86074 17.19831 -0.02644455 40.13153 17.19831 -0.02644455 40.13153 17.19831 -0.02644455 40.13153 18.88893 1.831956 39.22617 18.88893 1.831956 39.22617 18.88893 1.831956 39.22617 17.00246 -0.2505834 40.19916 17.00246 -0.2505834 40.19916 17.00246 -0.2505834 40.19916 21.30796 4.187373 35.96613 21.30796 4.187373 35.96613 21.30796 4.187373 35.96613 16.80106 -0.4885603 40.25565 16.80106 -0.4885603 40.25565 16.80106 -0.4885603 40.25565 20.21924 3.199112 37.92714 20.21924 3.199112 37.92714 20.21924 3.199112 37.92714 16.59528 -0.7396678 40.30049 16.59528 -0.7396678 40.30049 16.59528 -0.7396678 40.30049 21.31521 4.264357 36.17339 21.31521 4.264357 36.17339 21.31521 4.264357 36.17339 16.38634 -1.003135 40.33324 16.38634 -1.003135 40.33324 16.38634 -1.003135 40.33324 22.90783 5.934149 32.31738 22.90783 5.934149 32.31738 22.90783 5.934149 32.31738 16.17553 -1.278128 40.35356 16.17553 -1.278128 40.35356 16.17553 -1.278128 40.35356 22.30449 5.309482 34.14745 22.30449 5.309482 34.14745 22.30449 5.309482 34.14745 15.96421 -1.563748 40.36113 15.96421 -1.563748 40.36113 15.96421 -1.563748 40.36113 23.12642 6.267902 31.93921 23.12642 6.267902 31.93921 23.12642 6.267902 31.93921 15.75375 -1.859034 40.35575 15.75375 -1.859034 40.35575 15.75375 -1.859034 40.35575 23.92375 7.180119 28.32165 23.92375 7.180119 28.32165 23.92375 7.180119 28.32165 15.54556 -2.162962 40.33729 15.54556 -2.162962 40.33729 15.54556 -2.162962 40.33729 23.76162 7.084393 29.62738 23.76162 7.084393 29.62738 23.76162 7.084393 29.62738 15.34102 -2.474447 40.30571 15.34102 -2.474447 40.30571 15.34102 -2.474447 40.30571 24.22177 7.719586 27.27651 24.22177 7.719586 27.27651 24.22177 7.719586 27.27651 15.14152 -2.792342 40.26106 15.14152 -2.792342 40.26106 15.14152 -2.792342 40.26106 24.50294 7.877741 24.22426 24.50294 7.877741 24.22426 24.50294 7.877741 24.22426 24.868 8.23149 20.18578 24.868 8.23149 20.18578 24.868 8.23149 20.18578 25.3789 9.011642 12.82115 25.3789 9.011642 12.82115 25.3789 9.011642 12.82115 25.15042 8.514824 16.3354 25.15042 8.514824 16.3354 25.15042 8.514824 16.3354 24.53769 8.152748 24.93591 24.53769 8.152748 24.93591 24.53769 8.152748 24.93591 25.20963 8.886867 16.01567 25.20963 8.886867 16.01567 25.20963 8.886867 16.01567 25.08228 8.768223 18.16175 25.08228 8.768223 18.16175 25.08228 8.768223 18.16175 25.32921 9.081764 13.93131 25.32921 9.081764 13.93131 25.32921 9.081764 13.93131 24.764 8.440353 22.62985 24.764 8.440353 22.62985 24.764 8.440353 22.62985 25.43322 9.38201 11.90484 25.43322 9.38201 11.90484 25.43322 9.38201 11.90484 24.94033 8.643216 20.36831 24.94033 8.643216 20.36831 24.94033 8.643216 20.36831 25.51808 9.723266 9.748849 25.51808 9.723266 9.748849 25.51808 9.723266 9.748849 25.51057 9.813832 9.929936 25.51057 9.813832 9.929936 25.51057 9.813832 9.929936 25.55532 10.57616 7.17836 25.55532 10.57616 7.17836 25.55532 10.57616 7.17836 25.54763 10.39918 7.998374 25.54763 10.39918 7.998374 25.54763 10.39918 7.998374 25.5291 11.154 6.100294 25.5291 11.154 6.100294 25.5291 11.154 6.100294 25.53456 11.10357 5.968607 25.53456 11.10357 5.968607 25.53456 11.10357 5.968607 25.52467 11.22142 5.963714 25.52467 11.22142 5.963714 25.52467 11.22142 5.963714 25.50603 11.47675 5.119335 25.52467 11.22142 5.963714 25.53456 11.10357 5.968607 25.53456 11.10357 5.968607 25.52467 11.22142 5.963714 25.50603 11.47675 5.119335 25.50603 11.47675 5.119335 25.4389 12.08611 4.224021 25.4389 12.08611 4.224021 25.4389 12.08611 4.224021 25.40069 12.34549 3.53124 25.40069 12.34549 3.53124 25.40069 12.34549 3.53124 25.26129 13.19242 2.35555 25.26129 13.19242 2.35555 25.26129 13.19242 2.35555 25.26892 13.13533 2.326009 25.26892 13.13533 2.326009 25.26892 13.13533 2.326009 25.12877 13.83372 1.369146 25.12877 13.83372 1.369146 25.12877 13.83372 1.369146 24.98226 14.45552 0.477847 24.98226 14.45552 0.477847 24.98226 14.45552 0.477847</float_array>
                    <technique_common>
                        <accessor count="151" source="#ID104" stride="3">
                            <param name="X" type="float" />
                            <param name="Y" type="float" />
                            <param name="Z" type="float" />
                        </accessor>
                    </technique_common>
                </source>
                <source id="ID101">
                    <float_array id="ID105" count="453">0.7933815 -0.5594613 0.2398934 0.7603973 -0.6209301 0.1903726 0.7630118 -0.6141884 0.2014586 -0.7630118 0.6141884 -0.2014586 -0.7603973 0.6209301 -0.1903726 -0.7933815 0.5594613 -0.2398934 0 0 0 0 0 0 0 0 0 0.7662951 -0.6047231 0.2170293 -0.7662951 0.6047231 -0.2170293 0 0 0 0.7960184 -0.5611918 0.2267563 -0.7960184 0.5611918 -0.2267563 0 0 0 0.7687204 -0.5962527 0.2314124 -0.7687204 0.5962527 -0.2314124 0 0 0 0.8459405 -0.5100671 0.1556155 -0.8459405 0.5100671 -0.1556155 0 0 0 0.7705244 -0.588276 0.245405 -0.7705244 0.588276 -0.245405 0 0 0 0.7585023 -0.6445156 0.09630147 -0.7585023 0.6445156 -0.09630147 0 0 0 0.7718059 -0.5805 0.2594904 -0.7718059 0.5805 -0.2594904 0 0 0 0.8286842 -0.535038 0.1643678 -0.8286842 0.535038 -0.1643678 0 0 0 0.7725909 -0.5727571 0.2739574 -0.7725909 0.5727571 -0.2739574 0 0 0 0.8910332 -0.4317972 0.1400394 -0.8910332 0.4317972 -0.1400394 0 0 0 0.7728662 -0.5649591 0.2889622 -0.7728662 0.5649591 -0.2889622 0 0 0 0.7452391 -0.6665496 0.01817434 -0.7452391 0.6665496 -0.01817434 0 0 0 0.7726005 -0.557071 0.3045658 -0.7726005 0.557071 -0.3045658 0 0 0 0.8717272 -0.4840341 0.07617543 -0.8717272 0.4840341 -0.07617543 0 0 0 0.7717578 -0.5490946 0.3207571 -0.7717578 0.5490946 -0.3207571 0 0 0 0.9306996 -0.355198 0.08736538 -0.9306996 0.355198 -0.08736538 0 0 0 0.7703061 -0.5410573 0.3374693 -0.7703061 0.5410573 -0.3374693 0 0 0 0.8825072 -0.4641911 0.07554892 -0.8825072 0.4641911 -0.07554892 0 0 0 0.7682248 -0.5330046 0.3545938 -0.7682248 0.5330046 -0.3545938 0 0 0 0.9240361 -0.3765186 0.06626524 -0.9240361 0.3765186 -0.06626524 0 0 0 0.7679486 -0.5320187 0.3566666 -0.7679486 0.5320187 -0.3566666 0 0 0 0.9951465 0.0313037 0.09329268 -0.9951465 -0.0313037 -0.09329268 0 0 0 0.8384981 0.5326967 0.1146962 -0.8384981 -0.5326967 -0.1146962 0 0 0 0.9981974 -0.03812627 0.04635077 -0.9981974 0.03812627 -0.04635077 0 0 0 0.9892248 0.1216165 0.08150863 -0.9892248 -0.1216165 -0.08150863 0 0 0 0.8673079 -0.4971449 0.02498076 -0.8673079 0.4971449 -0.02498076 0 0 0 0.8907954 -0.4534484 0.02946304 -0.8907954 0.4534484 -0.02946304 0 0 0 0.8609373 -0.5081895 0.02303078 -0.8609373 0.5081895 -0.02303078 0 0 0 0.9958121 -0.07690791 0.04943081 -0.9958121 0.07690791 -0.04943081 0 0 0 0.8855834 -0.46357 0.02906629 -0.8855834 0.46357 -0.02906629 0 0 0 0.9967439 -0.07554884 0.02817571 -0.9967439 0.07554884 -0.02817571 0 0 0 0.92374 -0.3811471 0.03783253 -0.92374 0.3811471 -0.03783253 0 0 0 0.9993166 0.02385469 0.0282364 -0.9993166 -0.02385469 -0.0282364 0 0 0 0.9993074 0.009013421 0.03610375 -0.9993074 -0.009013421 -0.03610375 0 0 0 0.9946731 0.09848195 0.03044336 -0.9946731 -0.09848195 -0.03044336 0 0 0 0.9948429 -0.1006673 -0.01239684 -0.9948429 0.1006673 0.01239684 0 0 0 0.9970315 0.07581779 0.01340782 -0.9970315 -0.07581779 -0.01340782 0 0 0 0.9968015 0.07915219 0.01103239 -0.9968015 -0.07915219 -0.01103239 0 0 0 0.9964243 0.08399255 0.009163236 -0.9964243 -0.08399255 -0.009163236 0 0 0 0.9908207 0.1340117 0.01775219 0.9960894 0.08822619 0.0046912 0.9964808 0.08375513 0.003330569 -0.9964808 -0.08375513 -0.003330569 -0.9960894 -0.08822619 -0.0046912 -0.9908207 -0.1340117 -0.01775219 0 0 0 0.9968999 0.07417516 -0.02624211 -0.9968999 -0.07417516 0.02624211 0 0 0 0.9846195 0.1743799 0.01077623 -0.9846195 -0.1743799 -0.01077623 0 0 0 0.9885327 0.1491182 -0.02380722 -0.9885327 -0.1491182 0.02380722 0 0 0 0.9891225 0.1450016 -0.02472416 -0.9891225 -0.1450016 0.02472416 0 0 0 0.8276011 0.5148801 0.2235507 -0.8276011 -0.5148801 -0.2235507 0 0 0 0.8231607 0.5201954 0.227603 -0.8231607 -0.5201954 -0.227603 0 0 0</float_array>
                    <technique_common>
                        <accessor count="151" source="#ID105" stride="3">
                            <param name="X" type="float" />
                            <param name="Y" type="float" />
                            <param name="Z" type="float" />
                        </accessor>
                    </technique_common>
                </source>
                <source id="ID102">
                    <Name_array id="ID106" count="0" />
                    <technique_common>
                        <accessor count="0" source="#ID106" stride="1">
                            <param name="skp_material" type="Name" />
                        </accessor>
                    </technique_common>
                </source>
                <vertices id="ID103">
                    <input semantic="POSITION" source="#ID100" />
                    <input semantic="NORMAL" source="#ID101" />
                </vertices>
                <triangles count="94" material="Material2">
                    <input offset="0" semantic="VERTEX" source="#ID103" />
                    <p>0 1 2 3 4 5 0 2 9 10 3 5 12 1 0 5 4 13 0 9 15 16 10 5 18 12 0 5 13 19 0 15 21 22 16 5 18 24 12 13 25 19 0 21 27 28 22 5 30 24 18 19 25 31 0 27 33 34 28 5 36 30 18 19 31 37 0 33 39 40 34 5 36 42 30 31 43 37 0 39 45 46 40 5 48 42 36 37 43 49 0 45 51 52 46 5 54 48 36 37 49 55 0 51 57 58 52 5 54 60 48 49 61 55 0 57 63 64 58 5 66 60 54 55 61 67 0 63 69 70 64 5 72 66 54 55 67 73 75 66 72 73 67 76 78 66 75 76 67 79 78 75 81 82 76 79 78 84 66 67 85 79 78 87 84 85 88 79 87 90 84 85 91 88 93 87 78 79 88 94 90 96 84 85 97 91 99 93 78 79 94 100 90 102 96 97 103 91 105 99 78 79 100 106 108 99 105 106 100 109 111 108 105 106 109 112 111 114 108 109 115 112 117 114 111 112 115 118 117 111 120 121 112 118 123 117 120 121 118 124 126 127 128 129 130 131 133 127 126 131 130 134 136 133 126 131 134 137 139 133 136 137 134 140 139 136 142 143 137 140 145 139 142 143 140 146 148 139 145 146 140 149</p>
                </triangles>
                <lines count="94" material="Material3">
                    <input offset="0" semantic="VERTEX" source="#ID103" />
                    <p>6 7 8 7 8 6 7 11 8 11 8 14 14 6 11 17 8 17 20 14 20 8 17 23 8 23 26 14 20 26 23 29 8 29 32 26 20 32 29 35 8 35 38 32 38 20 35 41 8 41 44 32 38 44 41 47 8 47 50 44 38 50 47 53 8 53 56 50 56 38 53 59 8 59 62 50 56 62 59 65 8 65 68 62 56 68 8 71 65 71 74 68 74 56 68 77 77 74 80 77 80 68 80 83 83 77 86 68 80 86 89 86 80 89 92 86 89 92 95 89 95 80 98 86 92 98 80 101 101 95 104 98 92 104 107 101 107 80 110 101 107 110 113 110 113 107 116 110 113 116 119 116 113 119 122 119 122 113 125 119 132 122 132 125 135 125 132 135 138 135 138 132 141 135 138 141 144 141 144 138 147 141 147 144 150 141 150 147</p>
                </lines>
                <lines count="1" material="Material4">
                    <input offset="0" semantic="VERTEX" source="#ID103" />
                    <p>125 122</p>
                </lines>
            </mesh>
        </geometry>
        <geometry id="ID107">
            <mesh>
                <source id="ID108">
                    <float_array id="ID112" count="315">19.65967 12.88317 19.08521 19.74739 12.8904 17.11245 19.72873 12.88923 17.70576 19.72873 12.88923 17.70576 19.74739 12.8904 17.11245 19.65967 12.88317 19.08521 19.74739 12.8904 17.11245 19.72873 12.88923 17.70576 19.65967 12.88317 19.08521 19.6973 12.8933 20.7915 19.6973 12.8933 20.7915 19.6973 12.8933 20.7915 19.52796 12.88454 24.40242 19.52796 12.88454 24.40242 19.52796 12.88454 24.40242 19.73475 12.89249 23.95216 19.73475 12.89249 23.95216 19.73475 12.89249 23.95216 19.78111 12.87059 27.2031 19.78111 12.87059 27.2031 19.78111 12.87059 27.2031 19.28125 12.88385 30.19257 19.28125 12.88385 30.19257 19.28125 12.88385 30.19257 19.71784 12.83548 30.54387 19.71784 12.83548 30.54387 19.71784 12.83548 30.54387 18.55412 12.99128 36.21959 18.55412 12.99128 36.21959 18.55412 12.99128 36.21959 19.46533 12.82265 33.95608 19.46533 12.82265 33.95608 19.46533 12.82265 33.95608 18.94474 12.89082 37.39829 18.94474 12.89082 37.39829 18.94474 12.89082 37.39829 17.06842 13.47497 42.11533 17.06842 13.47497 42.11533 17.06842 13.47497 42.11533 18.08955 13.11791 40.79842 18.08955 13.11791 40.79842 18.08955 13.11791 40.79842 16.88338 13.57933 44.0519 16.88338 13.57933 44.0519 16.88338 13.57933 44.0519 14.74306 14.63329 47.45178 14.74306 14.63329 47.45178 14.74306 14.63329 47.45178 15.39686 14.31023 47.09721 15.39686 14.31023 47.09721 15.39686 14.31023 47.09721 13.6591 15.45895 49.85535 13.6591 15.45895 49.85535 13.6591 15.45895 49.85535 11.50357 17.10937 51.79123 11.50357 17.10937 51.79123 11.50357 17.10937 51.79123 11.72502 17.04091 52.19366 11.72502 17.04091 52.19366 11.72502 17.04091 52.19366 7.141373 20.85068 54.35209 7.141373 20.85068 54.35209 7.141373 20.85068 54.35209 9.679013 18.8739 53.9709 9.679013 18.8739 53.9709 9.679013 18.8739 53.9709 7.626372 20.74729 55.08157 7.626372 20.74729 55.08157 7.626372 20.74729 55.08157 1.798758 24.86931 54.49156 1.798758 24.86931 54.49156 1.798758 24.86931 54.49156 2.234613 24.65565 54.69827 2.234613 24.65565 54.69827 2.234613 24.65565 54.69827 2.658171 24.43358 54.88149 2.658171 24.43358 54.88149 2.658171 24.43358 54.88149 3.067938 24.20504 55.04088 3.067938 24.20504 55.04088 3.067938 24.20504 55.04088 3.462541 23.97201 55.17622 3.462541 23.97201 55.17622 3.462541 23.97201 55.17622 5.707835 22.37205 55.46148 5.707835 22.37205 55.46148 5.707835 22.37205 55.46148 3.840717 23.73644 55.28746 3.840717 23.73644 55.28746 3.840717 23.73644 55.28746 4.201318 23.50025 55.37468 4.201318 23.50025 55.37468 4.201318 23.50025 55.37468 4.543304 23.26531 55.43808 4.543304 23.26531 55.43808 4.543304 23.26531 55.43808 4.865738 23.0334 55.47798 4.865738 23.0334 55.47798 4.865738 23.0334 55.47798 5.448701 22.58527 55.48911 5.448701 22.58527 55.48911 5.448701 22.58527 55.48911 5.167785 22.8062 55.49481 5.167785 22.8062 55.49481 5.167785 22.8062 55.49481</float_array>
                    <technique_common>
                        <accessor count="105" source="#ID112" stride="3">
                            <param name="X" type="float" />
                            <param name="Y" type="float" />
                            <param name="Z" type="float" />
                        </accessor>
                    </technique_common>
                </source>
                <source id="ID109">
                    <float_array id="ID113" count="315">0.1414766 -0.9899378 0.002758028 0.1289774 -0.9916453 0.002101067 0.129141 -0.991624 0.002109348 -0.129141 0.991624 -0.002109348 -0.1289774 0.9916453 -0.002101067 -0.1414766 0.9899378 -0.002758028 0 0 0 0 0 0 0 0 0 0.1191321 -0.9928734 0.003161834 -0.1191321 0.9928734 -0.003161834 0 0 0 0.0229073 -0.9997196 -0.005990726 -0.0229073 0.9997196 0.005990726 0 0 0 0.03492964 -0.9993885 -0.001596282 -0.03492964 0.9993885 0.001596282 0 0 0 -0.0381102 -0.9992709 -0.002314165 0.0381102 0.9992709 0.002314165 0 0 0 -0.1019716 -0.9947643 -0.006767645 0.1019716 0.9947643 0.006767645 0 0 0 -0.1145569 -0.9934149 -0.001876447 0.1145569 0.9934149 0.001876447 0 0 0 -0.2226032 -0.974869 -0.008850216 0.2226032 0.974869 0.008850216 0 0 0 -0.2301837 -0.9729379 -0.02018109 0.2301837 0.9729379 0.02018109 0 0 0 -0.2698535 -0.9628926 0.004115273 0.2698535 0.9628926 -0.004115273 0 0 0 -0.3218979 -0.9466447 0.01567125 0.3218979 0.9466447 -0.01567125 0 0 0 -0.3572898 -0.933688 -0.02388902 0.3572898 0.933688 0.02388902 0 0 0 -0.4217398 -0.906679 0.008288126 0.4217398 0.906679 -0.008288126 0 0 0 -0.40468 -0.9080331 0.1082127 0.40468 0.9080331 -0.1082127 0 0 0 -0.4331617 -0.9010416 0.02224924 0.4331617 0.9010416 -0.02224924 0 0 0 -0.5959185 -0.8029697 0.01099228 0.5959185 0.8029697 -0.01099228 0 0 0 -0.551362 -0.8202052 0.1525236 0.551362 0.8202052 -0.1525236 0 0 0 -0.5529892 -0.8176472 0.1601748 0.5529892 0.8176472 -0.1601748 0 0 0 -0.5736642 -0.7769814 0.2592474 0.5736642 0.7769814 -0.2592474 0 0 0 -0.5950061 -0.7911394 0.1416556 0.5950061 0.7911394 -0.1416556 0 0 0 -0.5696482 -0.7743503 0.275468 0.5696482 0.7743503 -0.275468 0 0 0 -0.5584311 -0.734235 0.3860747 0.5584311 0.734235 -0.3860747 0 0 0 -0.5525396 -0.7212931 0.4176557 0.5525396 0.7212931 -0.4176557 0 0 0 -0.5560561 -0.7276233 0.4017038 0.5560561 0.7276233 -0.4017038 0 0 0 -0.5597658 -0.7334137 0.3857027 0.5597658 0.7334137 -0.3857027 0 0 0 -0.5640725 -0.7383316 0.3697144 0.5640725 0.7383316 -0.3697144 0 0 0 -0.5772343 -0.7537078 0.3142055 0.5772343 0.7537078 -0.3142055 0 0 0 -0.5669246 -0.7262208 0.3888444 0.5669246 0.7262208 -0.3888444 0 0 0 -0.5699275 -0.7323717 0.3725779 0.5699275 0.7323717 -0.3725779 0 0 0 -0.5730484 -0.7377193 0.3569114 0.5730484 0.7377193 -0.3569114 0 0 0 -0.5762427 -0.7422481 0.3420704 0.5762427 0.7422481 -0.3420704 0 0 0 -0.580841 -0.747603 0.3220458 0.580841 0.747603 -0.3220458 0 0 0 -0.5782292 -0.7438812 0.3350997 0.5782292 0.7438812 -0.3350997 0 0 0</float_array>
                    <technique_common>
                        <accessor count="105" source="#ID113" stride="3">
                            <param name="X" type="float" />
                            <param name="Y" type="float" />
                            <param name="Z" type="float" />
                        </accessor>
                    </technique_common>
                </source>
                <source id="ID110">
                    <Name_array id="ID114" count="0" />
                    <technique_common>
                        <accessor count="0" source="#ID114" stride="1">
                            <param name="skp_material" type="Name" />
                        </accessor>
                    </technique_common>
                </source>
                <vertices id="ID111">
                    <input semantic="POSITION" source="#ID108" />
                    <input semantic="NORMAL" source="#ID109" />
                </vertices>
                <triangles count="66" material="Material2">
                    <input offset="0" semantic="VERTEX" source="#ID111" />
                    <p>0 1 2 3 4 5 9 0 2 3 5 10 12 0 9 10 5 13 12 9 15 16 10 13 18 12 15 16 13 19 21 12 18 19 13 22 24 21 18 19 22 25 27 21 24 25 22 28 27 24 30 31 25 28 33 27 30 31 28 34 36 27 33 34 28 37 36 33 39 40 34 37 42 36 39 40 37 43 45 36 42 43 37 46 45 42 48 49 43 46 51 45 48 49 46 52 54 45 51 52 46 55 57 54 51 52 55 58 60 54 57 58 55 61 60 57 63 64 58 61 66 60 63 64 61 67 66 69 60 61 70 67 66 72 69 70 73 67 66 75 72 73 76 67 66 78 75 76 79 67 81 78 66 67 79 82 84 81 66 67 82 85 84 87 81 82 88 85 84 90 87 88 91 85 84 93 90 91 94 85 96 93 84 85 94 97 99 96 84 85 97 100 102 96 99 100 97 103</p>
                </triangles>
                <lines count="67" material="Material3">
                    <input offset="0" semantic="VERTEX" source="#ID111" />
                    <p>6 7 7 8 6 8 11 8 7 11 8 14 11 14 11 17 17 14 20 14 17 20 14 23 20 23 26 23 20 26 23 29 26 29 32 29 26 32 35 29 32 35 29 38 35 38 41 38 35 41 44 38 41 44 38 47 44 47 50 47 44 50 53 47 50 53 47 56 53 56 59 56 53 59 56 62 59 62 65 62 59 65 68 62 65 68 62 71 68 71 74 71 68 74 77 74 68 77 80 77 68 80 83 80 68 83 86 83 68 86 89 83 86 89 92 89 86 92 95 92 86 95 98 95 86 98 101 98 86 101 104 98 101 104</p>
                </lines>
            </mesh>
        </geometry>
        <geometry id="ID115">
            <mesh>
                <source id="ID116">
                    <float_array id="ID120" count="453">22.23481 15.98122 2.295978 21.86879 15.60302 1.331208 21.52889 15.20838 0.4595281 21.52889 15.20838 0.4595281 21.86879 15.60302 1.331208 22.23481 15.98122 2.295978 21.52889 15.20838 0.4595281 22.23481 15.98122 2.295978 21.86879 15.60302 1.331208 22.2639 16.03063 2.264283 22.2639 16.03063 2.264283 22.2639 16.03063 2.264283 22.90587 16.55846 4.123191 22.90587 16.55846 4.123191 22.90587 16.55846 4.123191 22.7344 16.46894 3.440357 22.7344 16.46894 3.440357 22.7344 16.46894 3.440357 23.28831 16.87116 4.993195 23.28831 16.87116 4.993195 23.28831 16.87116 4.993195 23.4734 16.91504 5.826607 23.4734 16.91504 5.826607 23.4734 16.91504 5.826607 23.54264 17.00107 5.82615 23.54264 17.00107 5.82615 23.54264 17.00107 5.82615 23.54264 17.00107 5.82615 23.4734 16.91504 5.826607 23.51892 16.94071 5.960184 23.51892 16.94071 5.960184 23.4734 16.91504 5.826607 23.54264 17.00107 5.82615 23.51892 16.94071 5.960184 24.05775 17.13956 7.822832 24.05775 17.13956 7.822832 24.05775 17.13956 7.822832 23.91229 17.1662 7.011404 23.91229 17.1662 7.011404 23.91229 17.1662 7.011404 24.56339 17.27112 9.538377 24.56339 17.27112 9.538377 24.56339 17.27112 9.538377 24.51236 17.17417 9.7243 24.51236 17.17417 9.7243 24.51236 17.17417 9.7243 24.8783 17.06842 11.67538 24.8783 17.06842 11.67538 24.8783 17.06842 11.67538 25.16897 17.11887 12.57014 25.16897 17.11887 12.57014 25.16897 17.11887 12.57014 25.15626 16.84882 13.68457 25.15626 16.84882 13.68457 25.15626 16.84882 13.68457 26.33427 14.84719 26.95458 26.33427 14.84719 26.95458 26.33427 14.84719 26.95458 25.35173 16.54272 15.75784 25.35173 16.54272 15.75784 25.35173 16.54272 15.75784 25.93017 16.04841 19.88828 25.93017 16.04841 19.88828 25.93017 16.04841 19.88828 25.96864 15.13221 24.64062 25.96864 15.13221 24.64062 25.96864 15.13221 24.64062 25.64224 16.69145 16.05406 25.64224 16.69145 16.05406 25.64224 16.69145 16.05406 26.23507 15.39243 23.9075 26.23507 15.39243 23.9075 26.23507 15.39243 23.9075 25.47491 16.17691 17.89805 25.47491 16.17691 17.89805 25.47491 16.17691 17.89805 26.92608 14.60517 29.26203 26.92608 14.60517 29.26203 26.92608 14.60517 29.26203 25.74338 15.45579 22.35037 25.74338 15.45579 22.35037 25.74338 15.45579 22.35037 26.85325 14.83822 27.96047 26.85325 14.83822 27.96047 26.85325 14.83822 27.96047 25.58448 15.80293 20.09904 25.58448 15.80293 20.09904 25.58448 15.80293 20.09904 28.12733 14.39688 31.86302 28.12733 14.39688 31.86302 28.12733 14.39688 31.86302 27.76156 14.38155 31.51277 27.76156 14.38155 31.51277 27.76156 14.38155 31.51277 28.83338 14.15442 33.64289 28.83338 14.15442 33.64289 28.83338 14.15442 33.64289 30.18912 13.98133 35.36055 30.18912 13.98133 35.36055 30.18912 13.98133 35.36055 30.10183 13.9127 35.57648 30.10183 13.9127 35.57648 30.10183 13.9127 35.57648 31.48969 13.66359 37.22872 31.48969 13.66359 37.22872 31.48969 13.66359 37.22872 33.68645 13.68051 37.97906 33.68645 13.68051 37.97906 33.68645 13.68051 37.97906 33.33334 13.51759 38.38274 33.33334 13.51759 38.38274 33.33334 13.51759 38.38274 39.48274 13.90304 38.81018 39.48274 13.90304 38.81018 39.48274 13.90304 38.81018 35.31212 13.50218 38.94998 35.31212 13.50218 38.94998 35.31212 13.50218 38.94998 35.58165 13.50344 39.01408 35.58165 13.50344 39.01408 35.58165 13.50344 39.01408 35.86979 13.50958 39.06589 35.86979 13.50958 39.06589 35.86979 13.50958 39.06589 36.17548 13.52087 39.1048 36.17548 13.52087 39.1048 36.17548 13.52087 39.1048 36.49752 13.5376 39.13029 36.49752 13.5376 39.13029 36.49752 13.5376 39.13029 36.83461 13.56008 39.14187 36.83461 13.56008 39.14187 36.83461 13.56008 39.14187 37.1853 13.5886 39.13914 37.1853 13.5886 39.13914 37.1853 13.5886 39.13914 37.54808 13.62348 39.12175 37.54808 13.62348 39.12175 37.54808 13.62348 39.12175 37.92128 13.66503 39.08948 37.92128 13.66503 39.08948 37.92128 13.66503 39.08948 38.30319 13.71352 39.04217 38.30319 13.71352 39.04217 38.30319 13.71352 39.04217 38.69199 13.76922 38.97979 38.69199 13.76922 38.97979 38.69199 13.76922 38.97979 39.08582 13.83233 38.90241 39.08582 13.83233 38.90241 39.08582 13.83233 38.90241</float_array>
                    <technique_common>
                        <accessor count="151" source="#ID120" stride="3">
                            <param name="X" type="float" />
                            <param name="Y" type="float" />
                            <param name="Z" type="float" />
                        </accessor>
                    </technique_common>
                </source>
                <source id="ID117">
                    <float_array id="ID121" count="453">-0.825057 0.5536957 0.1127037 -0.9415647 0.1710432 0.2901726 -0.9419486 0.163399 0.2933148 0.9419486 -0.163399 -0.2933148 0.9415647 -0.1710432 -0.2901726 0.825057 -0.5536957 -0.1127037 0 0 0 0 0 0 0 0 0 -0.8243951 0.5549075 0.1115813 0.8243951 -0.5549075 -0.1115813 0 0 0 -0.7731671 0.624008 0.1132553 0.7731671 -0.624008 -0.1132553 0 0 0 -0.8391049 0.5251472 0.1418567 0.8391049 -0.5251472 -0.1418567 0 0 0 -0.8039758 0.5761367 0.1472735 0.8039758 -0.5761367 -0.1472735 0 0 0 -0.774537 0.6169476 0.1395278 0.774537 -0.6169476 -0.1395278 0 0 0 -0.7711372 0.6214135 0.1385376 0.7711372 -0.6214135 -0.1385376 0 0 0 -0.7668304 0.6248141 0.146896 -0.7705944 0.621002 0.1433208 -0.7610696 0.6311854 0.1495928 0.7610696 -0.6311854 -0.1495928 0.7705944 -0.621002 -0.1433208 0.7668304 -0.6248141 -0.146896 0 0 0 -0.6869937 0.7117137 0.1466399 0.6869937 -0.7117137 -0.1466399 0 0 0 -0.7788606 0.6065668 0.1595397 0.7788606 -0.6065668 -0.1595397 0 0 0 -0.710566 0.6850943 0.1604424 0.710566 -0.6850943 -0.1604424 0 0 0 -0.7039277 0.6904055 0.1668111 0.7039277 -0.6904055 -0.1668111 0 0 0 -0.6418122 0.7486917 0.1659453 0.6418122 -0.7486917 -0.1659453 0 0 0 -0.6515807 0.7390969 0.1708167 0.6515807 -0.7390969 -0.1708167 0 0 0 -0.6643216 0.7281105 0.1689136 0.6643216 -0.7281105 -0.1689136 0 0 0 -0.3131215 0.9330507 0.1771195 0.3131215 -0.9330507 -0.1771195 0 0 0 0.4937762 -0.8523201 -0.1724398 -0.4937762 0.8523201 0.1724398 0 0 0 -0.4458906 0.8778483 0.1748255 0.4458906 -0.8778483 -0.1748255 0 0 0 -0.3692409 0.9135241 0.1706894 0.3692409 -0.9135241 -0.1706894 0 0 0 -0.5861212 0.790736 0.1766308 0.5861212 -0.790736 -0.1766308 0 0 0 -0.3357073 0.9252693 0.1765708 0.3357073 -0.9252693 -0.1765708 0 0 0 -0.703586 0.6926328 0.1588288 0.703586 -0.6926328 -0.1588288 0 0 0 -0.2396543 0.9533623 0.1834833 0.2396543 -0.9533623 -0.1834833 0 0 0 -0.4710641 0.865829 0.1686379 0.4710641 -0.865829 -0.1686379 0 0 0 -0.3819147 0.9057859 0.1835566 0.3819147 -0.9057859 -0.1835566 0 0 0 -0.5948599 0.787058 0.1633443 0.5948599 -0.787058 -0.1633443 0 0 0 -0.2453619 0.944178 0.2198304 0.2453619 -0.944178 -0.2198304 0 0 0 -0.2116182 0.9608321 0.1789398 0.2116182 -0.9608321 -0.1789398 0 0 0 -0.09654848 0.9802037 0.1728558 0.09654848 -0.9802037 -0.1728558 0 0 0 -0.1499305 0.9601926 0.2356927 0.1499305 -0.9601926 -0.2356927 0 0 0 -0.1431396 0.9584426 0.2467768 0.1431396 -0.9584426 -0.2467768 0 0 0 -0.08726803 0.9692069 0.2302656 0.08726803 -0.9692069 -0.2302656 0 0 0 -0.08965774 0.9507025 0.2968605 0.08965774 -0.9507025 -0.2968605 0 0 0 -0.09623482 0.949487 0.2986859 0.09623482 -0.949487 -0.2986859 0 0 0 -0.07548874 0.9349529 0.3466475 0.07548874 -0.9349529 -0.3466475 0 0 0 -0.08074752 0.947745 0.3086409 0.08074752 -0.947745 -0.3086409 0 0 0 -0.08004768 0.9443142 0.3191599 0.08004768 -0.9443142 -0.3191599 0 0 0 -0.07911555 0.9407588 0.3297174 0.07911555 -0.9407588 -0.3297174 0 0 0 -0.07786282 0.9367932 0.3411098 0.07786282 -0.9367932 -0.3411098 0 0 0 -0.07626798 0.9324305 0.353209 0.07626798 -0.9324305 -0.353209 0 0 0 -0.0743184 0.9276913 0.3658764 0.0743184 -0.9276913 -0.3658764 0 0 0 -0.07201066 0.9226041 0.3789671 0.07201066 -0.9226041 -0.3789671 0 0 0 -0.06935067 0.9172052 0.3923329 0.06935067 -0.9172052 -0.3923329 0 0 0 -0.06635345 0.9115386 0.4058259 0.06635345 -0.9115386 -0.4058259 0 0 0 -0.06304266 0.9056552 0.419302 0.06304266 -0.9056552 -0.419302 0 0 0 -0.05945 0.8996125 0.4326235 0.05945 -0.8996125 -0.4326235 0 0 0 -0.05561437 0.8934725 0.4456612 0.05561437 -0.8934725 -0.4456612 0 0 0</float_array>
                    <technique_common>
                        <accessor count="151" source="#ID121" stride="3">
                            <param name="X" type="float" />
                            <param name="Y" type="float" />
                            <param name="Z" type="float" />
                        </accessor>
                    </technique_common>
                </source>
                <source id="ID118">
                    <Name_array id="ID122" count="0" />
                    <technique_common>
                        <accessor count="0" source="#ID122" stride="1">
                            <param name="skp_material" type="Name" />
                        </accessor>
                    </technique_common>
                </source>
                <vertices id="ID119">
                    <input semantic="POSITION" source="#ID116" />
                    <input semantic="NORMAL" source="#ID117" />
                </vertices>
                <triangles count="94" material="Material2">
                    <input offset="0" semantic="VERTEX" source="#ID119" />
                    <p>0 1 2 3 4 5 9 1 0 5 4 10 12 9 0 5 10 13 12 15 9 10 16 13 18 15 12 13 16 19 21 18 12 13 19 22 24 18 21 22 19 25 27 28 29 30 31 32 34 27 29 30 32 35 37 27 34 35 32 38 40 37 34 35 38 41 40 34 43 44 35 41 40 43 46 47 44 41 49 40 46 47 41 50 52 49 46 47 50 53 55 49 52 53 50 56 56 53 58 59 52 55 55 61 49 50 62 56 55 59 64 65 58 56 61 67 49 50 68 62 55 70 61 62 71 56 59 73 64 65 74 58 76 70 55 56 71 77 64 73 79 80 74 65 76 82 70 71 83 77 79 73 85 86 74 80 88 82 76 77 83 89 88 76 91 92 77 89 94 88 91 92 89 95 97 88 94 95 89 98 100 97 94 95 98 101 103 97 100 101 98 104 106 97 103 104 98 107 109 106 103 104 107 110 112 106 109 110 107 113 115 112 109 110 113 116 118 112 115 116 113 119 121 112 118 119 113 122 124 112 121 122 113 125 127 112 124 125 113 128 130 112 127 128 113 131 130 133 112 113 134 131 133 136 112 113 137 134 136 139 112 113 140 137 139 142 112 113 143 140 142 145 112 113 146 143 145 148 112 113 149 146</p>
                </triangles>
                <lines count="94" material="Material3">
                    <input offset="0" semantic="VERTEX" source="#ID119" />
                    <p>6 7 7 8 6 8 8 11 7 11 14 11 7 14 11 17 14 17 17 20 14 20 23 20 14 23 20 26 23 33 33 26 36 26 33 36 26 39 36 39 39 42 36 42 45 42 36 45 48 42 45 48 42 51 48 51 51 54 48 54 57 54 57 51 54 60 57 60 63 51 63 57 66 60 66 57 51 69 69 63 57 72 63 72 60 75 66 75 78 72 57 78 81 75 81 66 72 84 78 84 87 81 75 87 84 90 78 90 93 90 78 93 96 90 93 96 90 99 96 99 102 99 96 102 105 99 102 105 99 108 105 108 111 108 105 111 111 114 108 114 117 114 111 117 117 120 120 114 123 114 120 123 126 114 123 126 129 114 126 129 132 114 129 132 135 114 132 135 138 114 135 138 141 114 138 141 144 114 141 144 147 114 144 147 150 114 147 150</p>
                </lines>
                <lines count="1" material="Material4">
                    <input offset="0" semantic="VERTEX" source="#ID119" />
                    <p>23 26</p>
                </lines>
            </mesh>
        </geometry>
        <geometry id="ID123">
            <mesh>
                <source id="ID124">
                    <float_array id="ID128" count="423">28.36491 13.20124 33.91467 28.27911 14.64367 27.15665 28.30021 13.91049 30.49665 28.30021 13.91049 30.49665 28.27911 14.64367 27.15665 28.36491 13.20124 33.91467 28.30021 13.91049 30.49665 28.36491 13.20124 33.91467 28.27911 14.64367 27.15665 28.49602 12.5025 37.3939 28.49602 12.5025 37.3939 28.49602 12.5025 37.3939 28.2714 15.40672 23.90182 28.2714 15.40672 23.90182 28.2714 15.40672 23.90182 28.70705 11.79747 40.90601 28.70705 11.79747 40.90601 28.70705 11.79747 40.90601 28.24177 16.19479 20.73135 28.24177 16.19479 20.73135 28.24177 16.19479 20.73135 28.97837 12.79926 36.28348 28.97837 12.79926 36.28348 28.97837 12.79926 36.28348 28.85063 14.13666 30.1769 28.85063 14.13666 30.1769 28.85063 14.13666 30.1769 29.00126 11.07079 44.40926 29.00126 11.07079 44.40926 29.00126 11.07079 44.40926 28.15242 16.98975 17.63808 28.15242 16.98975 17.63808 28.15242 16.98975 17.63808 29.21569 11.48761 42.44439 29.21569 11.48761 42.44439 29.21569 11.48761 42.44439 28.7168 15.49469 24.35697 28.7168 15.49469 24.35697 28.7168 15.49469 24.35697 29.37214 10.31349 47.84626 29.37214 10.31349 47.84626 29.37214 10.31349 47.84626 27.96577 17.75835 14.61009 27.96577 17.75835 14.61009 27.96577 17.75835 14.61009 29.68043 10.16136 48.40418 29.68043 10.16136 48.40418 29.68043 10.16136 48.40418 28.49019 16.8111 19.02128 28.49019 16.8111 19.02128 28.49019 16.8111 19.02128 29.80563 9.527541 51.14174 29.80563 9.527541 51.14174 29.80563 9.527541 51.14174 27.64721 18.45083 11.63224 27.64721 18.45083 11.63224 27.64721 18.45083 11.63224 30.47094 8.76673 53.89393 30.47094 8.76673 53.89393 30.47094 8.76673 53.89393 28.12969 17.98054 14.3211 28.12969 17.98054 14.3211 28.12969 17.98054 14.3211 30.28407 8.729336 54.19989 30.28407 8.729336 54.19989 30.28407 8.729336 54.19989 27.05139 19.44484 7.143596 27.05139 19.44484 7.143596 27.05139 19.44484 7.143596 30.79118 7.951611 56.90166 30.79118 7.951611 56.90166 30.79118 7.951611 56.90166 27.16809 18.99989 8.687928 27.16809 18.99989 8.687928 27.16809 18.99989 8.687928 27.63893 18.88755 10.35148 27.63893 18.88755 10.35148 27.63893 18.88755 10.35148 31.66361 7.274231 58.63809 31.66361 7.274231 58.63809 31.66361 7.274231 58.63809 26.5089 19.3201 5.761102 26.5089 19.3201 5.761102 26.5089 19.3201 5.761102 31.31661 7.243963 59.10192 31.31661 7.243963 59.10192 31.31661 7.243963 59.10192 26.41164 19.6249 4.658173 26.41164 19.6249 4.658173 26.41164 19.6249 4.658173 31.85754 6.672623 60.62693 31.85754 6.672623 60.62693 31.85754 6.672623 60.62693 25.76397 19.47876 2.777888 25.76397 19.47876 2.777888 25.76397 19.47876 2.777888 33.33198 5.708387 62.35761 33.33198 5.708387 62.35761 33.33198 5.708387 62.35761 25.66269 19.30784 2.838877 25.66269 19.30784 2.838877 25.66269 19.30784 2.838877 31.92929 6.597669 60.81786 32.01149 6.520878 61.00221 32.10385 6.44247 61.17935 32.20605 6.362683 61.34867 32.20605 6.362683 61.34867 32.10385 6.44247 61.17935 32.01149 6.520878 61.00221 31.92929 6.597669 60.81786 31.92929 6.597669 60.81786 32.01149 6.520878 61.00221 32.10385 6.44247 61.17935 32.20605 6.362683 61.34867 25.15381 19.14312 1.297897 25.15381 19.14312 1.297897 25.15381 19.14312 1.297897 32.31774 6.281773 61.50958 32.31774 6.281773 61.50958 32.31774 6.281773 61.50958 24.63841 18.84238 -0.08505964 24.63841 18.84238 -0.08505964 24.63841 18.84238 -0.08505964 32.43856 6.200009 61.66152 32.43856 6.200009 61.66152 32.43856 6.200009 61.66152 32.56813 6.117678 61.80398 32.56813 6.117678 61.80398 32.56813 6.117678 61.80398 32.70603 6.035078 61.93644 32.70603 6.035078 61.93644 32.70603 6.035078 61.93644 32.85182 5.952521 62.05845 32.85182 5.952521 62.05845 32.85182 5.952521 62.05845 33.00507 5.870331 62.16957 33.00507 5.870331 62.16957 33.00507 5.870331 62.16957 33.16528 5.78884 62.26941 33.16528 5.78884 62.26941 33.16528 5.78884 62.26941</float_array>
                    <technique_common>
                        <accessor count="141" source="#ID128" stride="3">
                            <param name="X" type="float" />
                            <param name="Y" type="float" />
                            <param name="Z" type="float" />
                        </accessor>
                    </technique_common>
                </source>
                <source id="ID125">
                    <float_array id="ID129" count="423">-0.4426613 0.8757726 0.1925443 -0.7931232 0.5925777 0.1407383 -0.6805824 0.7147205 0.1611899 0.6805824 -0.7147205 -0.1611899 0.7931232 -0.5925777 -0.1407383 0.4426613 -0.8757726 -0.1925443 0 0 0 0 0 0 0 0 0 -0.3122134 0.9276608 0.2048613 0.3122134 -0.9276608 -0.2048613 0 0 0 -0.9054672 0.4098715 0.1101568 0.9054672 -0.4098715 -0.1101568 0 0 0 -0.0660692 0.9758924 0.2080118 0.0660692 -0.9758924 -0.2080118 0 0 0 -0.7219323 0.6650602 0.1910723 0.7219323 -0.6650602 -0.1910723 0 0 0 0.0129262 0.977076 0.2124981 -0.0129262 -0.977076 -0.2124981 0 0 0 -0.02935768 0.9762411 0.2146893 0.02935768 -0.9762411 -0.2146893 0 0 0 0.03323767 0.9769076 0.2110613 -0.03323767 -0.9769076 -0.2110613 0 0 0 -0.7939512 0.5759806 0.1946479 0.7939512 -0.5759806 -0.1946479 0 0 0 0.007871917 0.9780539 0.2082032 -0.007871917 -0.9780539 -0.2082032 0 0 0 -0.1750211 0.9578241 0.2279048 0.1750211 -0.9578241 -0.2279048 0 0 0 0.09834679 0.9727352 0.2100337 -0.09834679 -0.9727352 -0.2100337 0 0 0 -0.8077283 0.5494144 0.2138196 0.8077283 -0.5494144 -0.2138196 0 0 0 0.08620868 0.9717984 0.21949 -0.08620868 -0.9717984 -0.21949 0 0 0 -0.3792544 0.8943761 0.2371867 0.3792544 -0.8943761 -0.2371867 0 0 0 0.2135307 0.9538116 0.2113007 -0.2135307 -0.9538116 -0.2113007 0 0 0 -0.6834663 0.6883973 0.2428642 0.6834663 -0.6883973 -0.2428642 0 0 0 0.1842947 0.9566092 0.2256862 -0.1842947 -0.9566092 -0.2256862 0 0 0 -0.5696444 0.7861516 0.239731 0.5696444 -0.7861516 -0.239731 0 0 0 0.1919485 0.9531673 0.2337262 -0.1919485 -0.9531673 -0.2337262 0 0 0 -0.7433226 0.6257713 0.2363934 0.7433226 -0.6257713 -0.2363934 0 0 0 0.2760602 0.9344469 0.2249439 -0.2760602 -0.9344469 -0.2249439 0 0 0 -0.7378265 0.6317272 0.2377662 0.7378265 -0.6317272 -0.2377662 0 0 0 -0.6564938 0.7136997 0.2442306 0.6564938 -0.7136997 -0.2442306 0 0 0 0.2565304 0.9348004 0.2456429 -0.2565304 -0.9348004 -0.2456429 0 0 0 -0.751948 0.6154045 0.2363294 0.751948 -0.6154045 -0.2363294 0 0 0 0.2560307 0.9331272 0.252432 -0.2560307 -0.9331272 -0.252432 0 0 0 -0.7854508 0.5752996 0.2282485 0.7854508 -0.5752996 -0.2282485 0 0 0 0.3069914 0.918984 0.2474363 -0.3069914 -0.918984 -0.2474363 0 0 0 -0.8028139 0.5548038 0.2183634 0.8028139 -0.5548038 -0.2183634 0 0 0 0.3125343 0.9175665 0.2457522 -0.3125343 -0.9175665 -0.2457522 0 0 0 -0.8050071 0.5510807 0.2197127 0.8050071 -0.5510807 -0.2197127 0 0 0 0.3174063 0.9172543 0.2406198 0.3174063 0.9172543 0.2406198 0.3174063 0.9172543 0.2406198 0.3173614 0.9172562 0.2406714 -0.3173614 -0.9172562 -0.2406714 -0.3174063 -0.9172543 -0.2406198 -0.3174063 -0.9172543 -0.2406198 -0.3174063 -0.9172543 -0.2406198 0 0 0 0 0 0 0 0 0 0 0 0 -0.8984558 0.3546948 0.2587833 0.8984558 -0.3546948 -0.2587833 0 0 0 0.316712 0.9172834 0.2414222 -0.316712 -0.9172834 -0.2414222 0 0 0 -0.9012974 0.3460126 0.2606498 0.9012974 -0.3460126 -0.2606498 0 0 0 0.315832 0.9173042 0.2424937 -0.315832 -0.9173042 -0.2424937 0 0 0 0.3147005 0.9173062 0.2439527 -0.3147005 -0.9173062 -0.2439527 0 0 0 0.3133517 0.9172758 0.2457962 -0.3133517 -0.9172758 -0.2457962 0 0 0 0.3118208 0.9171998 0.2480167 -0.3118208 -0.9171998 -0.2480167 0 0 0 0.3101434 0.9170658 0.250602 -0.3101434 -0.9170658 -0.250602 0 0 0 0.308355 0.9168624 0.2535362 -0.308355 -0.9168624 -0.2535362 0 0 0</float_array>
                    <technique_common>
                        <accessor count="141" source="#ID129" stride="3">
                            <param name="X" type="float" />
                            <param name="Y" type="float" />
                            <param name="Z" type="float" />
                        </accessor>
                    </technique_common>
                </source>
                <source id="ID126">
                    <Name_array id="ID130" count="0" />
                    <technique_common>
                        <accessor count="0" source="#ID130" stride="1">
                            <param name="skp_material" type="Name" />
                        </accessor>
                    </technique_common>
                </source>
                <vertices id="ID127">
                    <input semantic="POSITION" source="#ID124" />
                    <input semantic="NORMAL" source="#ID125" />
                </vertices>
                <triangles count="90" material="Material2">
                    <input offset="0" semantic="VERTEX" source="#ID127" />
                    <p>0 1 2 3 4 5 9 1 0 5 4 10 12 1 9 10 4 13 15 12 9 10 13 16 18 12 15 16 13 19 15 21 18 19 22 16 21 24 18 19 25 22 27 21 15 16 22 28 30 18 24 25 19 31 27 33 21 22 34 28 24 36 30 31 37 25 39 33 27 28 34 40 42 30 36 37 31 43 45 33 39 40 34 46 36 48 42 43 49 37 51 45 39 40 46 52 54 42 48 49 43 55 57 45 51 52 46 58 48 60 54 55 61 49 63 57 51 52 58 64 60 66 54 55 67 61 69 57 63 64 58 70 66 72 54 55 73 67 60 75 66 67 76 61 78 57 69 70 58 79 66 81 72 73 82 67 84 78 69 70 79 85 87 81 66 67 82 88 90 78 84 85 79 91 87 93 81 82 94 88 96 78 90 91 79 97 93 99 81 82 100 94 102 96 90 96 102 103 96 103 104 96 104 105 106 107 97 107 108 97 108 109 97 91 97 109 93 114 99 100 115 94 96 105 117 118 106 97 99 114 120 121 115 100 96 117 123 124 118 97 96 123 126 127 124 97 96 126 129 130 127 97 96 129 132 133 130 97 96 132 135 136 133 97 96 135 138 139 136 97</p>
                </triangles>
                <lines count="88" material="Material3">
                    <input offset="0" semantic="VERTEX" source="#ID127" />
                    <p>6 7 7 8 8 6 11 8 7 11 14 8 11 14 17 14 11 17 20 14 17 20 23 20 17 23 26 20 26 23 29 23 17 29 26 32 32 20 23 35 29 35 38 32 38 26 41 35 29 41 44 32 38 44 35 47 41 47 50 44 50 38 53 47 41 53 56 44 50 56 47 59 53 59 62 56 62 50 65 59 53 65 68 56 62 68 71 59 65 71 74 68 74 56 68 77 77 62 59 80 71 80 68 83 83 74 86 80 71 86 83 89 89 68 92 80 86 92 95 89 83 95 80 98 92 98 101 95 101 83 92 110 110 111 111 112 112 113 113 98 116 95 101 116 113 119 119 98 122 101 122 116 125 98 119 125 128 98 125 128 131 98 128 131 134 98 131 134 137 98 134 137 140 98 137 140</p>
                </lines>
            </mesh>
        </geometry>
        <geometry id="ID131">
            <mesh>
                <source id="ID132">
                    <float_array id="ID136" count="453">28.32719 14.84471 2.66386 27.80793 14.96572 1.228709 27.22715 14.99107 -0.05712657 27.22715 14.99107 -0.05712657 27.80793 14.96572 1.228709 28.32719 14.84471 2.66386 27.22715 14.99107 -0.05712657 28.32719 14.84471 2.66386 27.80793 14.96572 1.228709 28.48954 14.91897 2.604664 28.48954 14.91897 2.604664 28.48954 14.91897 2.604664 29.12653 14.71765 4.357222 29.12653 14.71765 4.357222 29.12653 14.71765 4.357222 29.08463 14.45448 5.391061 29.08463 14.45448 5.391061 29.08463 14.45448 5.391061 29.4514 14.44224 5.868997 29.4514 14.44224 5.868997 29.4514 14.44224 5.868997 29.16686 14.36324 5.87037 29.16686 14.36324 5.87037 29.16686 14.36324 5.87037 29.54032 13.91451 8.129367 29.4514 14.44224 5.868997 29.16686 14.36324 5.87037 29.16686 14.36324 5.87037 29.4514 14.44224 5.868997 29.54032 13.91451 8.129367 29.54032 13.91451 8.129367 29.62199 14.2865 6.680824 29.62199 14.2865 6.680824 29.62199 14.2865 6.680824 29.91647 13.61124 9.686396 29.91647 13.61124 9.686396 29.91647 13.61124 9.686396 29.74257 13.29662 10.88833 29.74257 13.29662 10.88833 29.74257 13.29662 10.88833 29.98305 12.73255 13.40924 29.98305 12.73255 13.40924 29.98305 12.73255 13.40924 29.74373 12.65211 13.68019 29.74373 12.65211 13.68019 29.74373 12.65211 13.68019 29.82909 11.72511 17.81662 29.82909 11.72511 17.81662 29.82909 11.72511 17.81662 29.59715 12.0141 16.51829 29.59715 12.0141 16.51829 29.59715 12.0141 16.51829 29.35442 11.39998 19.41547 29.35442 11.39998 19.41547 29.35442 11.39998 19.41547 29.49918 10.66578 22.81595 29.49918 10.66578 22.81595 29.49918 10.66578 22.81595 29.0629 10.81397 22.38255 29.0629 10.81397 22.38255 29.0629 10.81397 22.38255 28.76365 10.24967 25.4267 28.76365 10.24967 25.4267 28.76365 10.24967 25.4267 29.07176 9.601479 28.26443 29.07176 9.601479 28.26443 29.07176 9.601479 28.26443 28.48952 9.692825 28.54979 28.48952 9.692825 28.54979 28.48952 9.692825 28.54979 28.64479 8.529441 33.97979 28.64479 8.529441 33.97979 28.64479 8.529441 33.97979 28.26369 9.124457 31.74654 28.26369 9.124457 31.74654 28.26369 9.124457 31.74654 28.09886 8.524309 35.00279 28.09886 8.524309 35.00279 28.09886 8.524309 35.00279 28.3134 7.398785 39.7509 28.3134 7.398785 39.7509 28.3134 7.398785 39.7509 27.99725 7.874623 38.29349 27.99725 7.874623 38.29349 27.99725 7.874623 38.29349 27.95202 7.163887 41.58076 27.95202 7.163887 41.58076 27.95202 7.163887 41.58076 28.15018 6.132298 45.34721 28.15018 6.132298 45.34721 28.15018 6.132298 45.34721 27.95022 6.390107 44.81168 27.95022 6.390107 44.81168 27.95022 6.390107 44.81168 27.97742 5.56311 47.91601 27.97742 5.56311 47.91601 27.97742 5.56311 47.91601 28.20118 4.657789 50.52643 28.20118 4.657789 50.52643 28.20118 4.657789 50.52643 28.02368 4.705514 50.80375 28.02368 4.705514 50.80375 28.02368 4.705514 50.80375 28.50504 2.934685 55.04033 28.50504 2.934685 55.04033 28.50504 2.934685 55.04033 28.08993 3.852406 53.36262 28.08993 3.852406 53.36262 28.08993 3.852406 53.36262 28.19323 3.050305 55.45564 28.19323 3.050305 55.45564 28.19323 3.050305 55.45564 29.13123 0.9674895 58.63839 29.13123 0.9674895 58.63839 29.13123 0.9674895 58.63839 28.36855 2.356603 56.91883 28.36855 2.356603 56.91883 28.36855 2.356603 56.91883 28.46381 2.06036 57.46251 28.46381 2.06036 57.46251 28.46381 2.06036 57.46251 28.42446 2.16415 57.28789 28.42446 2.16415 57.28789 28.42446 2.16415 57.28789 28.51057 1.95198 57.62971 28.51057 1.95198 57.62971 28.51057 1.95198 57.62971 28.39267 2.263005 57.10646 28.39267 2.263005 57.10646 28.39267 2.263005 57.10646 28.56459 1.839378 57.78894 28.56459 1.839378 57.78894 28.56459 1.839378 57.78894 28.6257 1.722938 57.93965 28.6257 1.722938 57.93965 28.6257 1.722938 57.93965 28.69374 1.603067 58.08133 28.69374 1.603067 58.08133 28.69374 1.603067 58.08133 28.76853 1.480186 58.21349 28.76853 1.480186 58.21349 28.76853 1.480186 58.21349 28.84987 1.35473 58.33569 28.84987 1.35473 58.33569 28.84987 1.35473 58.33569 28.93758 1.227153 58.44749 28.93758 1.227153 58.44749 28.93758 1.227153 58.44749 29.03144 1.097915 58.54851 29.03144 1.097915 58.54851 29.03144 1.097915 58.54851</float_array>
                    <technique_common>
                        <accessor count="151" source="#ID136" stride="3">
                            <param name="X" type="float" />
                            <param name="Y" type="float" />
                            <param name="Z" type="float" />
                        </accessor>
                    </technique_common>
                </source>
                <source id="ID133">
                    <float_array id="ID137" count="453">-0.3428654 0.9142615 0.2157991 -0.5544576 0.7881945 0.2670697 -0.5621363 0.7819643 0.2693226 0.5621363 -0.7819643 -0.2693226 0.5544576 -0.7881945 -0.2670697 0.3428654 -0.9142615 -0.2157991 0 0 0 0 0 0 0 0 0 -0.3404025 0.9154136 0.2148117 0.3404025 -0.9154136 -0.2148117 0 0 0 -0.3179612 0.9217439 0.222011 0.3179612 -0.9217439 -0.222011 0 0 0 -0.2703241 0.9357631 0.226434 0.2703241 -0.9357631 -0.226434 0 0 0 -0.2616564 0.9386093 0.22483 0.2616564 -0.9386093 -0.22483 0 0 0 -0.2597849 0.9394664 0.2234158 0.2597849 -0.9394664 -0.2234158 0 0 0 -0.1999398 0.9517618 0.232752 -0.2565342 0.9389398 0.2293082 -0.2593966 0.9381695 0.229241 0.2593966 -0.9381695 -0.229241 0.2565342 -0.9389398 -0.2293082 0.1999398 -0.9517618 -0.232752 0 0 0 -0.2288174 0.9459064 0.2300078 0.2288174 -0.9459064 -0.2300078 0 0 0 -0.1671339 0.9593234 0.227519 0.1671339 -0.9593234 -0.227519 0 0 0 -0.1508479 0.9615908 0.2293208 0.1508479 -0.9615908 -0.2293208 0 0 0 -0.07579929 0.9717586 0.2234718 0.07579929 -0.9717586 -0.2234718 0 0 0 -0.07550208 0.9724349 0.2206124 0.07550208 -0.9724349 -0.2206124 0 0 0 0.03484485 0.9768827 0.210917 -0.03484485 -0.9768827 -0.210917 0 0 0 -0.00544866 0.9758895 0.2181972 0.00544866 -0.9758895 -0.2181972 0 0 0 0.04037715 0.9770168 0.2093031 -0.04037715 -0.9770168 -0.2093031 0 0 0 0.1337987 0.971199 0.197156 -0.1337987 -0.971199 -0.197156 0 0 0 0.1298473 0.9708928 0.201263 -0.1298473 -0.9708928 -0.201263 0 0 0 0.1733123 0.9642062 0.2006721 -0.1733123 -0.9642062 -0.2006721 0 0 0 0.2393984 0.9514517 0.1934632 -0.2393984 -0.9514517 -0.1934632 0 0 0 0.2475009 0.9492141 0.1942571 -0.2475009 -0.9492141 -0.1942571 0 0 0 0.3419609 0.9204646 0.189229 -0.3419609 -0.9204646 -0.189229 0 0 0 0.3389193 0.9218839 0.1877867 -0.3389193 -0.9218839 -0.1877867 0 0 0 0.3636253 0.9104762 0.1970021 -0.3636253 -0.9104762 -0.1970021 0 0 0 0.4269152 0.8825541 0.1970826 -0.4269152 -0.8825541 -0.1970826 0 0 0 0.451518 0.8724649 0.1869129 -0.451518 -0.8724649 -0.1869129 0 0 0 0.4886285 0.8480427 0.2050995 -0.4886285 -0.8480427 -0.2050995 0 0 0 0.5031316 0.836607 0.2166735 -0.5031316 -0.836607 -0.2166735 0 0 0 0.5282264 0.8252045 0.2000359 -0.5282264 -0.8252045 -0.2000359 0 0 0 0.6149214 0.7600874 0.2100924 -0.6149214 -0.7600874 -0.2100924 0 0 0 0.5756973 0.7840761 0.2319424 -0.5756973 -0.7840761 -0.2319424 0 0 0 0.5928322 0.7674686 0.2440122 -0.5928322 -0.7674686 -0.2440122 0 0 0 0.6262611 0.7344232 0.2615712 -0.6262611 -0.7344232 -0.2615712 0 0 0 0.673524 0.7058373 0.2194518 -0.673524 -0.7058373 -0.2194518 0 0 0 0.6362023 0.7225965 0.270372 -0.6362023 -0.7225965 -0.270372 0 0 0 0.670405 0.6942393 0.2618948 -0.670405 -0.6942393 -0.2618948 0 0 0 0.6953596 0.6777242 0.2390919 -0.6953596 -0.6777242 -0.2390919 0 0 0 0.6762459 0.6901552 0.257638 -0.6762459 -0.6901552 -0.257638 0 0 0 0.6792792 0.6878605 0.2557884 -0.6792792 -0.6878605 -0.2557884 0 0 0 0.6747521 0.6910119 0.2592531 -0.6747521 -0.6910119 -0.2592531 0 0 0 0.6782335 0.6886748 0.2563715 -0.6782335 -0.6886748 -0.2563715 0 0 0 0.6734547 0.6917157 0.2607455 -0.6734547 -0.6917157 -0.2607455 0 0 0 0.6718762 0.692532 0.262644 -0.6718762 -0.692532 -0.262644 0 0 0 0.6700481 0.6934272 0.264942 -0.6700481 -0.6934272 -0.264942 0 0 0 0.6680035 0.6943679 0.2676277 -0.6680035 -0.6943679 -0.2676277 0 0 0 0.6657767 0.6953212 0.2706841 -0.6657767 -0.6953212 -0.2706841 0 0 0 0.6634022 0.6962559 0.2740898 -0.6634022 -0.6962559 -0.2740898 0 0 0 0.660915 0.6971427 0.277819 -0.660915 -0.6971427 -0.277819 0 0 0</float_array>
                    <technique_common>
                        <accessor count="151" source="#ID137" stride="3">
                            <param name="X" type="float" />
                            <param name="Y" type="float" />
                            <param name="Z" type="float" />
                        </accessor>
                    </technique_common>
                </source>
                <source id="ID134">
                    <Name_array id="ID138" count="0" />
                    <technique_common>
                        <accessor count="0" source="#ID138" stride="1">
                            <param name="skp_material" type="Name" />
                        </accessor>
                    </technique_common>
                </source>
                <vertices id="ID135">
                    <input semantic="POSITION" source="#ID132" />
                    <input semantic="NORMAL" source="#ID133" />
                </vertices>
                <triangles count="94" material="Material2">
                    <input offset="0" semantic="VERTEX" source="#ID135" />
                    <p>0 1 2 3 4 5 0 9 1 4 10 5 12 9 0 5 10 13 15 12 0 5 13 16 18 12 15 16 13 19 21 18 15 16 19 22 24 25 26 27 28 29 24 31 25 28 32 29 34 31 24 29 32 35 37 34 24 29 35 38 40 34 37 38 35 41 43 40 37 38 41 44 46 40 43 44 41 47 46 43 49 50 44 47 52 46 49 50 47 53 55 46 52 53 47 56 55 52 58 59 53 56 61 55 58 59 56 62 64 55 61 62 56 65 67 64 61 62 65 68 70 64 67 68 65 71 70 67 73 74 68 71 76 70 73 74 71 77 79 70 76 77 71 80 79 76 82 83 77 80 85 79 82 83 80 86 88 79 85 86 80 89 88 85 91 92 86 89 94 88 91 92 89 95 97 88 94 95 89 98 100 97 94 95 98 101 103 97 100 101 98 104 103 100 106 107 101 104 109 103 106 107 104 110 112 103 109 110 104 113 109 115 112 113 116 110 112 115 118 119 116 113 118 115 121 122 116 119 112 118 124 125 119 113 121 115 127 128 116 122 112 124 130 131 125 113 112 130 133 134 131 113 112 133 136 137 134 113 112 136 139 140 137 113 112 139 142 143 140 113 112 142 145 146 143 113 112 145 148 149 146 113</p>
                </triangles>
                <lines count="94" material="Material3">
                    <input offset="0" semantic="VERTEX" source="#ID135" />
                    <p>6 7 7 8 6 8 8 11 7 11 11 14 7 14 17 14 7 17 14 20 17 20 17 23 23 30 30 20 20 33 30 33 33 36 30 36 39 36 30 39 36 42 39 42 39 45 45 42 42 48 45 48 51 48 45 51 54 48 51 54 48 57 54 57 60 57 54 60 63 57 60 63 57 66 63 66 69 66 63 69 66 72 69 72 75 72 69 75 78 72 75 78 72 81 78 81 84 81 78 84 87 81 84 87 81 90 87 90 93 90 87 93 96 90 93 96 90 99 96 99 102 99 96 102 99 105 102 105 108 105 102 108 111 105 108 111 105 114 111 114 117 114 111 117 117 120 120 114 123 120 117 123 126 114 120 126 129 123 117 129 132 114 126 132 135 114 132 135 138 114 135 138 141 114 138 141 144 114 141 144 147 114 144 147 150 114 147 150</p>
                </lines>
                <lines count="1" material="Material4">
                    <input offset="0" semantic="VERTEX" source="#ID135" />
                    <p>23 20</p>
                </lines>
            </mesh>
        </geometry>
        <geometry id="ID139">
            <mesh>
                <source id="ID140">
                    <float_array id="ID144" count="468">23.07836 16.41539 2.292429 23.41373 16.35046 1.324366 23.7527 16.29705 0.4483313 23.7527 16.29705 0.4483313 23.41373 16.35046 1.324366 23.07836 16.41539 2.292429 23.7527 16.29705 0.4483313 23.07836 16.41539 2.292429 23.41373 16.35046 1.324366 23.02544 16.43466 2.261033 23.02544 16.43466 2.261033 23.02544 16.43466 2.261033 22.61179 16.54147 3.439654 22.61179 16.54147 3.439654 22.61179 16.54147 3.439654 22.53443 16.55268 4.122931 22.53443 16.55268 4.122931 22.53443 16.55268 4.122931 22.20942 16.66497 4.993777 22.20942 16.66497 4.993777 22.20942 16.66497 4.993777 22.16463 16.6716 5.827261 22.16463 16.6716 5.827261 22.16463 16.6716 5.827261 22.06921 16.71304 5.826896 22.06921 16.71304 5.826896 22.06921 16.71304 5.826896 22.13597 16.68232 5.960865 22.06921 16.71304 5.826896 22.16463 16.6716 5.827261 22.16463 16.6716 5.827261 22.06921 16.71304 5.826896 22.13597 16.68232 5.960865 22.13597 16.68232 5.960865 21.87239 16.79208 7.012124 21.87239 16.79208 7.012124 21.87239 16.79208 7.012124 21.88533 16.78213 7.82343 21.88533 16.78213 7.82343 21.88533 16.78213 7.82343 21.66816 16.89189 9.538523 21.66816 16.89189 9.538523 21.66816 16.89189 9.538523 21.77514 16.83475 9.724447 21.77514 16.83475 9.724447 21.77514 16.83475 9.724447 21.65957 16.91077 12.56921 21.65957 16.91077 12.56921 21.65957 16.91077 12.56921 21.79072 16.82779 11.67488 21.79072 16.82779 11.67488 21.79072 16.82779 11.67488 21.91201 16.75401 13.68312 21.91201 16.75401 13.68312 21.91201 16.75401 13.68312 21.87632 16.78217 16.05096 21.87632 16.78217 16.05096 21.87632 16.78217 16.05096 22.11509 16.61151 15.755 22.11509 16.61151 15.755 22.11509 16.61151 15.755 22.37346 16.40398 17.8933 22.37346 16.40398 17.8933 22.37346 16.40398 17.8933 22.27502 16.46721 19.88098 22.27502 16.46721 19.88098 22.27502 16.46721 19.88098 22.61911 16.17505 20.09186 22.61911 16.17505 20.09186 22.61911 16.17505 20.09186 22.59357 16.14031 23.89354 22.59357 16.14031 23.89354 22.59357 16.14031 23.89354 22.79494 15.97662 22.3401 22.79494 15.97662 22.3401 22.79494 15.97662 22.3401 22.89494 15.82808 24.62625 22.89494 15.82808 24.62625 22.89494 15.82808 24.62625 22.6108 16.07407 27.93557 22.6108 16.07407 27.93557 22.6108 16.07407 27.93557 22.87513 15.79523 26.93433 22.87513 15.79523 26.93433 22.87513 15.79523 26.93433 22.69797 15.95787 29.23313 22.69797 15.95787 29.23313 22.69797 15.95787 29.23313 22.19251 16.59975 31.82009 22.19251 16.59975 31.82009 22.19251 16.59975 31.82009 22.38352 16.34412 31.47241 22.38352 16.34412 31.47241 22.38352 16.34412 31.47241 21.96488 16.96125 33.58961 21.96488 16.96125 33.58961 21.96488 16.96125 33.58961 21.40773 17.89984 35.2988 21.40773 17.89984 35.2988 21.40773 17.89984 35.2988 21.48274 17.80161 35.51287 21.48274 17.80161 35.51287 21.48274 17.80161 35.51287 20.0029 20.6862 37.90437 20.0029 20.6862 37.90437 20.0029 20.6862 37.90437 20.97798 18.83041 37.15617 20.97798 18.83041 37.15617 20.97798 18.83041 37.15617 20.24784 20.34661 38.30335 20.24784 20.34661 38.30335 20.24784 20.34661 38.30335 17.81933 25.04584 38.90149 17.81933 25.04584 38.90149 17.81933 25.04584 38.90149 19.41056 22.05613 38.86745 19.41056 22.05613 38.86745 19.41056 22.05613 38.86745 17.61214 25.3965 38.8256 19.41056 22.05613 38.86745 17.81933 25.04584 38.90149 17.81933 25.04584 38.90149 19.41056 22.05613 38.86745 17.61214 25.3965 38.8256 17.61214 25.3965 38.8256 17.81933 25.04584 38.90149 19.41056 22.05613 38.86745 19.29601 22.29094 38.93125 19.29601 22.29094 38.93125 19.41056 22.05613 38.86745 17.81933 25.04584 38.90149 19.29601 22.29094 38.93125 18.01906 24.69961 38.9626 18.01906 24.69961 38.9626 18.01906 24.69961 38.9626 19.17082 22.54322 38.9829 19.17082 22.54322 38.9829 19.17082 22.54322 38.9829 18.21081 24.35964 39.00885 18.21081 24.35964 39.00885 18.21081 24.35964 39.00885 19.03522 22.81198 39.02179 19.03522 22.81198 39.02179 19.03522 22.81198 39.02179 18.39412 24.02767 39.04027 18.39412 24.02767 39.04027 18.39412 24.02767 39.04027 18.88946 23.09612 39.04741 18.88946 23.09612 39.04741 18.88946 23.09612 39.04741 18.56858 23.70539 39.05701 18.56858 23.70539 39.05701 18.56858 23.70539 39.05701 18.73381 23.39437 39.05928 18.73381 23.39437 39.05928 18.73381 23.39437 39.05928</float_array>
                    <technique_common>
                        <accessor count="156" source="#ID144" stride="3">
                            <param name="X" type="float" />
                            <param name="Y" type="float" />
                            <param name="Z" type="float" />
                        </accessor>
                    </technique_common>
                </source>
                <source id="ID141">
                    <float_array id="ID145" count="468">-0.3196074 -0.9468821 -0.03557134 0.139194 -0.9836586 0.1141967 0.1480428 -0.9820177 0.1171521 -0.1480428 0.9820177 -0.1171521 -0.139194 0.9836586 -0.1141967 0.3196074 0.9468821 0.03557134 0 0 0 0 0 0 0 0 0 -0.3216981 -0.9460582 -0.0385265 0.3216981 0.9460582 0.0385265 0 0 0 -0.3086417 -0.9509791 -0.01947033 0.3086417 0.9509791 0.01947033 0 0 0 -0.3897972 -0.9204624 -0.02840898 0.3897972 0.9204624 0.02840898 0 0 0 -0.3575363 -0.9338174 -0.01236551 0.3575363 0.9338174 0.01236551 0 0 0 -0.3940937 -0.9189657 -0.0138653 0.3940937 0.9189657 0.0138653 0 0 0 -0.3982625 -0.9171631 -0.01410363 0.3982625 0.9171631 0.01410363 0 0 0 -0.404812 -0.9143668 -0.007781823 -0.4016816 -0.9157263 -0.009861803 -0.398281 -0.9171864 -0.0118913 0.398281 0.9171864 0.0118913 0.4016816 0.9157263 0.009861803 0.404812 0.9143668 0.007781823 0 0 0 -0.403608 -0.9149192 -0.004842879 0.403608 0.9149192 0.004842879 0 0 0 -0.4680598 -0.8836904 -0.003357592 0.4680598 0.8836904 0.003357592 0 0 0 -0.4693936 -0.882988 -0.001356356 0.4693936 0.882988 0.001356356 0 0 0 -0.475833 -0.8795314 0.002721277 0.475833 0.8795314 -0.002721277 0 0 0 -0.5297557 -0.8481497 0.001011012 0.5297557 0.8481497 -0.001011012 0 0 0 -0.5289214 -0.84867 0.001173141 0.5289214 0.84867 -0.001173141 0 0 0 -0.5357524 -0.844373 0.001893022 0.5357524 0.844373 -0.001893022 0 0 0 -0.5849106 -0.8110828 -0.004926934 0.5849106 0.8110828 0.004926934 0 0 0 -0.58277 -0.8126357 -0.001559964 0.58277 0.8126357 0.001559964 0 0 0 -0.5989156 -0.8008 -0.004415406 0.5989156 0.8008 0.004415406 0 0 0 -0.6412292 -0.7673014 -0.008581472 0.6412292 0.7673014 0.008581472 0 0 0 -0.6450521 -0.7640713 -0.01013917 0.6450521 0.7640713 0.01013917 0 0 0 -0.6992834 -0.7147042 -0.0141624 0.6992834 0.7147042 0.0141624 0 0 0 -0.6831275 -0.7302068 -0.01160895 0.6831275 0.7302068 0.01160895 0 0 0 -0.7098704 -0.7042631 -0.009873541 0.7098704 0.7042631 0.009873541 0 0 0 -0.7468949 -0.6648718 -0.009673941 0.7468949 0.6648718 0.009673941 0 0 0 -0.7525245 -0.6583862 -0.01531415 0.7525245 0.6583862 0.01531415 0 0 0 -0.786859 -0.6171264 -0.00280102 0.786859 0.6171264 0.00280102 0 0 0 -0.7919384 -0.6103317 0.01813391 0.7919384 0.6103317 -0.01813391 0 0 0 -0.8056428 -0.5923594 -0.007079333 0.8056428 0.5923594 0.007079333 0 0 0 -0.8641825 -0.5031237 -0.007427726 0.8641825 0.5031237 0.007427726 0 0 0 -0.84459 -0.5333076 0.0474429 0.84459 0.5333076 -0.0474429 0 0 0 -0.8541382 -0.5171502 0.05480592 0.8541382 0.5171502 -0.05480592 0 0 0 -0.8703735 -0.4780825 0.1178431 0.8703735 0.4780825 -0.1178431 0 0 0 -0.8791812 -0.4753297 0.03319928 0.8791812 0.4753297 -0.03319928 0 0 0 -0.8662697 -0.4856879 0.1169791 0.8662697 0.4856879 -0.1169791 0 0 0 -0.8746307 -0.468067 0.1262321 0.8746307 0.468067 -0.1262321 0 0 0 -0.8761611 -0.4676559 0.1167889 0.8761611 0.4676559 -0.1167889 0 0 0 -0.8598352 -0.460156 0.2212237 -0.8598352 -0.460156 0.2212237 -0.8598352 -0.460156 0.2212237 0.8598352 0.460156 -0.2212237 0.8598352 0.460156 -0.2212237 0.8598352 0.460156 -0.2212237 0 0 0 -0.8635726 -0.4606797 0.2049795 -0.8722297 -0.4659275 0.1487514 -0.872166 -0.4658045 0.1495078 0.872166 0.4658045 -0.1495078 0.8722297 0.4659275 -0.1487514 0.8635726 0.4606797 -0.2049795 0 0 0 -0.8623283 -0.4598795 0.2118977 0.8623283 0.4598795 -0.2118977 0 0 0 -0.8720465 -0.4642765 0.154862 0.8720465 0.4642765 -0.154862 0 0 0 -0.8643883 -0.4597354 0.203657 0.8643883 0.4597354 -0.203657 0 0 0 -0.871693 -0.4629773 0.1606342 0.871693 0.4629773 -0.1606342 0 0 0 -0.8662121 -0.4597666 0.1956816 0.8662121 0.4597666 -0.1956816 0 0 0 -0.8711 -0.4619049 0.1668192 0.8711 0.4619049 -0.1668192 0 0 0 -0.867794 -0.4599848 0.1880093 0.867794 0.4599848 -0.1880093 0 0 0 -0.8702633 -0.4610553 0.1734064 0.8702633 0.4610553 -0.1734064 0 0 0</float_array>
                    <technique_common>
                        <accessor count="156" source="#ID145" stride="3">
                            <param name="X" type="float" />
                            <param name="Y" type="float" />
                            <param name="Z" type="float" />
                        </accessor>
                    </technique_common>
                </source>
                <source id="ID142">
                    <Name_array id="ID146" count="0" />
                    <technique_common>
                        <accessor count="0" source="#ID146" stride="1">
                            <param name="skp_material" type="Name" />
                        </accessor>
                    </technique_common>
                </source>
                <vertices id="ID143">
                    <input semantic="POSITION" source="#ID140" />
                    <input semantic="NORMAL" source="#ID141" />
                </vertices>
                <triangles count="92" material="Material2">
                    <input offset="0" semantic="VERTEX" source="#ID143" />
                    <p>0 1 2 3 4 5 0 9 1 4 10 5 12 9 0 5 10 13 15 12 0 5 13 16 18 12 15 16 13 19 21 18 15 16 19 22 21 24 18 19 25 22 27 28 29 30 31 32 34 28 27 32 31 35 37 34 27 32 35 38 40 34 37 38 35 41 43 40 37 38 41 44 46 40 43 44 41 47 46 43 49 50 44 47 52 46 49 50 47 53 55 46 52 53 47 56 55 52 58 59 53 56 61 55 58 59 56 62 64 55 61 62 56 65 67 64 61 62 65 68 70 64 67 68 65 71 70 67 73 74 68 71 76 70 73 74 71 77 70 76 79 80 77 71 79 76 82 83 77 80 79 82 85 86 83 80 88 79 85 86 80 89 88 85 91 92 86 89 94 88 91 92 89 95 97 88 94 95 89 98 97 94 100 101 95 98 103 97 100 101 98 104 103 100 106 107 101 104 103 106 109 110 107 104 112 103 109 110 104 113 112 109 115 116 110 113 118 119 120 121 122 123 125 126 127 128 129 130 125 127 132 133 128 130 132 127 135 136 128 133 132 135 138 139 136 133 138 135 141 142 136 139 138 141 144 145 142 139 144 141 147 148 142 145 144 147 150 151 148 145 150 147 153 154 148 151</p>
                </triangles>
                <lines count="92" material="Material3">
                    <input offset="0" semantic="VERTEX" source="#ID143" />
                    <p>6 7 7 8 6 8 8 11 7 11 11 14 7 14 17 14 7 17 14 20 17 20 23 20 17 23 20 26 23 33 33 26 26 36 33 36 39 36 33 39 36 42 39 42 45 42 39 45 42 48 45 48 51 48 45 51 54 48 51 54 48 57 54 57 60 57 54 60 63 57 60 63 57 66 63 66 69 66 63 69 66 72 69 72 75 72 69 75 78 72 75 78 72 81 78 81 84 81 78 84 87 81 84 87 81 90 87 90 93 90 87 93 96 90 93 96 90 99 96 99 102 99 96 102 99 105 102 105 108 105 102 108 111 105 108 111 105 114 111 114 117 114 111 117 124 114 117 124 131 114 117 131 134 114 131 134 137 134 131 137 140 134 137 140 143 140 137 143 146 140 143 146 149 146 143 149 152 146 149 152 155 152 149 155</p>
                </lines>
                <lines count="1" material="Material4">
                    <input offset="0" semantic="VERTEX" source="#ID143" />
                    <p>23 26</p>
                </lines>
            </mesh>
        </geometry>
        <geometry id="ID147">
            <mesh>
                <source id="ID148">
                    <float_array id="ID152" count="423">21.29318 11.3642 2.955587 21.69817 11.23299 1.420848 22.18373 11.10635 0.04490934 22.18373 11.10635 0.04490934 21.69817 11.23299 1.420848 21.29318 11.3642 2.955587 22.18373 11.10635 0.04490934 21.29318 11.3642 2.955587 21.69817 11.23299 1.420848 21.12369 11.42316 2.890574 21.12369 11.42316 2.890574 21.12369 11.42316 2.890574 20.63296 11.62846 4.761888 20.63296 11.62846 4.761888 20.63296 11.62846 4.761888 20.75174 11.59484 5.869494 20.75174 11.59484 5.869494 20.75174 11.59484 5.869494 20.32101 11.80855 7.24302 20.32101 11.80855 7.24302 20.32101 11.80855 7.24302 20.48462 11.75473 8.793582 20.48462 11.75473 8.793582 20.48462 11.75473 8.793582 20.2127 11.92279 10.45195 20.2127 11.92279 10.45195 20.2127 11.92279 10.45195 20.41799 11.8222 11.73909 20.41799 11.8222 11.73909 20.41799 11.8222 11.73909 20.27083 11.93364 14.4254 20.27083 11.93364 14.4254 20.27083 11.93364 14.4254 20.48176 11.79399 14.71993 20.48176 11.79399 14.71993 20.48176 11.79399 14.71993 20.40962 11.8242 19.12747 20.40962 11.8242 19.12747 20.40962 11.8242 19.12747 20.61205 11.68163 17.75089 20.61205 11.68163 17.75089 20.61205 11.68163 17.75089 20.75328 11.50776 20.84578 20.75328 11.50776 20.84578 20.75328 11.50776 20.84578 20.51786 11.61989 24.4579 20.51786 11.61989 24.4579 20.51786 11.61989 24.4579 20.86007 11.30275 24.01545 20.86007 11.30275 24.01545 20.86007 11.30275 24.01545 20.89904 11.10123 27.26591 20.89904 11.10123 27.26591 20.89904 11.10123 27.26591 20.49286 11.39916 30.26017 20.49286 11.39916 30.26017 20.49286 11.39916 30.26017 20.8502 10.93871 30.59646 20.8502 10.93871 30.59646 20.8502 10.93871 30.59646 20.27902 11.28275 36.33031 20.27902 11.28275 36.33031 20.27902 11.28275 36.33031 20.70802 10.84808 33.998 20.70802 10.84808 33.998 20.70802 10.84808 33.998 20.48147 10.85617 37.4515 20.48147 10.85617 37.4515 20.48147 10.85617 37.4515 19.89739 11.40303 42.42739 19.89739 11.40303 42.42739 19.89739 11.40303 42.42739 20.19281 10.98068 40.92645 20.19281 10.98068 40.92645 20.19281 10.98068 40.92645 19.87475 11.22793 44.37937 19.87475 11.22793 44.37937 19.87475 11.22793 44.37937 19.45029 11.86818 48.2862 19.45029 11.86818 48.2862 19.45029 11.86818 48.2862 19.56567 11.59198 47.75213 19.56567 11.59198 47.75213 19.56567 11.59198 47.75213 19.30308 12.05559 50.97 19.30308 12.05559 50.97 19.30308 12.05559 50.97 19.09198 12.74037 53.6304 19.09198 12.74037 53.6304 19.09198 12.74037 53.6304 19.11618 12.59294 53.93957 19.11618 12.59294 53.93957 19.11618 12.59294 53.93957 18.96316 14.24102 58.21542 18.96316 14.24102 58.21542 18.96316 14.24102 58.21542 19.01837 13.17373 56.54649 19.01837 13.17373 56.54649 19.01837 13.17373 56.54649 18.99601 13.93134 58.67964 18.99601 13.93134 58.67964 18.99601 13.93134 58.67964 19.12327 16.58853 61.77589 19.12327 16.58853 61.77589 19.12327 16.58853 61.77589 19.02073 14.71532 60.1511 19.02073 14.71532 60.1511 19.02073 14.71532 60.1511 19.02738 14.8204 60.33466 19.0344 14.93637 60.5113 19.04183 15.06281 60.68041 19.0497 15.19929 60.8414 19.0497 15.19929 60.8414 19.04183 15.06281 60.68041 19.0344 14.93637 60.5113 19.02738 14.8204 60.33466 19.02738 14.8204 60.33466 19.0344 14.93637 60.5113 19.04183 15.06281 60.68041 19.0497 15.19929 60.8414 19.058 15.34532 60.99369 19.058 15.34532 60.99369 19.058 15.34532 60.99369 19.0667 15.5004 61.13676 19.0667 15.5004 61.13676 19.0667 15.5004 61.13676 19.07577 15.66398 61.2701 19.07577 15.66398 61.2701 19.07577 15.66398 61.2701 19.08512 15.83549 61.39325 19.08512 15.83549 61.39325 19.08512 15.83549 61.39325 19.09466 16.01433 61.50578 19.09466 16.01433 61.50578 19.09466 16.01433 61.50578 19.1043 16.19989 61.6073 19.1043 16.19989 61.6073 19.1043 16.19989 61.6073 19.11388 16.39151 61.69744 19.11388 16.39151 61.69744 19.11388 16.39151 61.69744</float_array>
                    <technique_common>
                        <accessor count="141" source="#ID152" stride="3">
                            <param name="X" type="float" />
                            <param name="Y" type="float" />
                            <param name="Z" type="float" />
                        </accessor>
                    </technique_common>
                </source>
                <source id="ID149">
                    <float_array id="ID153" count="423">-0.3285322 -0.9444717 0.006310538 -0.08277209 -0.994563 0.0631916 -0.07309432 -0.9951523 0.06579577 0.07309432 0.9951523 -0.06579577 0.08277209 0.994563 -0.0631916 0.3285322 0.9444717 -0.006310538 0 0 0 0 0 0 0 0 0 -0.3303056 -0.9438602 0.00511176 0.3303056 0.9438602 -0.00511176 0 0 0 -0.3540912 -0.9351588 0.009871118 0.3540912 0.9351588 -0.009871118 0 0 0 -0.3996476 -0.9165509 0.01470567 0.3996476 0.9165509 -0.01470567 0 0 0 -0.4147268 -0.9098604 0.0124787 0.4147268 0.9098604 -0.0124787 0 0 0 -0.4498579 -0.8929588 0.01589114 0.4498579 0.8929588 -0.01589114 0 0 0 -0.4837033 -0.8751813 0.009425638 0.4837033 0.8751813 -0.009425638 0 0 0 -0.4893218 -0.8720534 0.009329546 0.4893218 0.8720534 -0.009329546 0 0 0 -0.5527071 -0.8333715 0.002597204 0.5527071 0.8333715 -0.002597204 0 0 0 -0.5514838 -0.8341839 -0.001701619 0.5514838 0.8341839 0.001701619 0 0 0 -0.6339367 -0.7732648 -0.01363132 0.6339367 0.7732648 0.01363132 0 0 0 -0.5983539 -0.8012163 -0.005005962 0.5983539 0.8012163 0.005005962 0 0 0 -0.6335235 -0.7735355 -0.01705578 0.6335235 0.7735355 0.01705578 0 0 0 -0.7005144 -0.712939 -0.03158398 0.7005144 0.712939 0.03158398 0 0 0 -0.6977027 -0.7158974 -0.02649163 0.6977027 0.7158974 0.02649163 0 0 0 -0.7251258 -0.6879406 -0.03050107 0.7251258 0.6879406 0.03050107 0 0 0 -0.7716081 -0.6348076 -0.04049861 0.7716081 0.6348076 0.04049861 0 0 0 -0.7768547 -0.6283664 -0.04065127 0.7768547 0.6283664 0.04065127 0 0 0 -0.8395693 -0.5407866 -0.05170308 0.8395693 0.5407866 0.05170308 0 0 0 -0.831419 -0.5534104 -0.04979435 0.831419 0.5534104 0.04979435 0 0 0 -0.8534069 -0.5192872 -0.04513816 0.8534069 0.5192872 0.04513816 0 0 0 -0.895561 -0.4420884 -0.05028237 0.895561 0.4420884 0.05028237 0 0 0 -0.9048864 -0.4214738 -0.05950207 0.9048864 0.4214738 0.05950207 0 0 0 -0.9315003 -0.3611244 -0.0435464 0.9315003 0.3611244 0.0435464 0 0 0 -0.9438926 -0.3287288 -0.03168663 0.9438926 0.3287288 0.03168663 0 0 0 -0.9537628 -0.2958428 -0.05304261 0.9537628 0.2958428 0.05304261 0 0 0 -0.9896304 -0.1366105 -0.04437528 0.9896304 0.1366105 0.04437528 0 0 0 -0.9817836 -0.1893975 -0.01515164 0.9817836 0.1893975 0.01515164 0 0 0 -0.9900476 -0.1406598 0.00452686 0.9900476 0.1406598 -0.00452686 0 0 0 -0.9981373 -0.05419522 0.02801359 0.9981373 0.05419522 -0.02801359 0 0 0 -0.9993615 0.003848317 -0.03552197 0.9993615 -0.003848317 0.03552197 0 0 0 -0.9987395 -0.03113451 0.03937092 0.9987395 0.03113451 -0.03937092 0 0 0 -0.9991744 0.0376843 0.0151795 0.9991744 -0.0376843 -0.0151795 0 0 0 -0.9972541 0.07145615 -0.01944906 0.9972541 -0.07145615 0.01944906 0 0 0 -0.9988642 0.04677122 0.009098074 -0.9988642 0.04677122 0.009098074 -0.9988642 0.04677122 0.009098074 -0.9988663 0.04670878 0.009191518 0.9988663 -0.04670878 -0.009191518 0.9988642 -0.04677122 -0.009098074 0.9988642 -0.04677122 -0.009098074 0.9988642 -0.04677122 -0.009098074 0 0 0 0 0 0 0 0 0 0 0 0 -0.9988948 0.04580121 0.01055644 0.9988948 -0.04580121 -0.01055644 0 0 0 -0.9989272 0.0445941 0.01248637 0.9989272 -0.0445941 -0.01248637 0 0 0 -0.9989583 0.04305279 0.01512233 0.9989583 -0.04305279 -0.01512233 0 0 0 -0.9989791 0.0412296 0.01846554 0.9989791 -0.0412296 -0.01846554 0 0 0 -0.9989787 0.03917855 0.02250899 0.9989787 -0.03917855 -0.02250899 0 0 0 -0.9989457 0.03695459 0.02723736 0.9989457 -0.03695459 -0.02723736 0 0 0 -0.9988681 0.03461271 0.032627 0.9988681 -0.03461271 -0.032627 0 0 0</float_array>
                    <technique_common>
                        <accessor count="141" source="#ID153" stride="3">
                            <param name="X" type="float" />
                            <param name="Y" type="float" />
                            <param name="Z" type="float" />
                        </accessor>
                    </technique_common>
                </source>
                <source id="ID150">
                    <Name_array id="ID154" count="0" />
                    <technique_common>
                        <accessor count="0" source="#ID154" stride="1">
                            <param name="skp_material" type="Name" />
                        </accessor>
                    </technique_common>
                </source>
                <vertices id="ID151">
                    <input semantic="POSITION" source="#ID148" />
                    <input semantic="NORMAL" source="#ID149" />
                </vertices>
                <triangles count="90" material="Material2">
                    <input offset="0" semantic="VERTEX" source="#ID151" />
                    <p>0 1 2 3 4 5 0 9 1 4 10 5 12 9 0 5 10 13 15 12 0 5 13 16 18 12 15 16 13 19 21 18 15 16 19 22 24 18 21 22 19 25 27 24 21 22 25 28 30 24 27 28 25 31 33 30 27 28 31 34 36 30 33 34 31 37 36 33 39 40 34 37 42 36 39 40 37 43 45 36 42 43 37 46 45 42 48 49 43 46 51 45 48 49 46 52 45 51 54 55 52 46 54 51 57 58 52 55 54 57 60 61 58 55 60 57 63 64 58 61 60 63 66 67 64 61 69 60 66 67 61 70 69 66 72 73 67 70 69 72 75 76 73 70 78 69 75 76 70 79 78 75 81 82 76 79 84 78 81 82 79 85 87 78 84 85 79 88 87 84 90 91 85 88 93 87 90 91 88 94 93 90 96 97 91 94 93 96 99 100 97 94 102 93 99 100 94 103 102 99 105 106 100 103 108 102 105 102 108 109 102 109 110 102 110 111 112 113 103 113 114 103 114 115 103 106 103 115 102 111 120 121 112 103 102 120 123 124 121 103 102 123 126 127 124 103 102 126 129 130 127 103 102 129 132 133 130 103 102 132 135 136 133 103 102 135 138 139 136 103</p>
                </triangles>
                <lines count="88" material="Material3">
                    <input offset="0" semantic="VERTEX" source="#ID151" />
                    <p>6 7 7 8 6 8 8 11 7 11 11 14 7 14 17 14 7 17 17 20 14 20 23 20 17 23 20 26 23 26 29 26 23 29 26 32 29 32 29 35 35 32 32 38 35 38 41 38 35 41 44 38 41 44 38 47 44 47 50 47 44 50 53 47 50 53 47 56 53 56 59 56 53 59 56 62 59 62 59 65 65 62 68 62 65 68 62 71 68 71 74 71 68 74 77 71 74 77 71 80 77 80 83 80 77 83 86 80 83 86 80 89 86 89 92 89 86 92 89 95 92 95 98 95 92 98 101 95 98 101 95 104 101 104 107 104 101 107 116 117 117 118 118 119 119 104 107 116 122 104 119 122 125 104 122 125 128 104 125 128 131 104 128 131 134 104 131 134 137 104 134 137 140 104 137 140</p>
                </lines>
            </mesh>
        </geometry>
        <geometry id="ID155">
            <mesh>
                <source id="ID156">
                    <float_array id="ID160" count="423">24.15915 17.35682 27.11633 24.48658 16.77753 30.43972 24.77473 16.27186 33.83884 24.77473 16.27186 33.83884 24.48658 16.77753 30.43972 24.15915 17.35682 27.11633 24.48658 16.77753 30.43972 24.77473 16.27186 33.83884 24.15915 17.35682 27.11633 25.04543 15.8577 37.29534 25.04543 15.8577 37.29534 25.04543 15.8577 37.29534 23.77895 17.98051 23.87666 23.77895 17.98051 23.87666 23.77895 17.98051 23.87666 25.32593 15.54149 40.77895 25.32593 15.54149 40.77895 25.32593 15.54149 40.77895 23.34289 18.60917 20.71993 23.34289 18.60917 20.71993 23.34289 18.60917 20.71993 25.02455 16.49615 36.18838 25.02455 16.49615 36.18838 25.02455 16.49615 36.18838 24.44954 17.41155 30.12216 24.44954 17.41155 30.12216 24.44954 17.41155 30.12216 25.64478 15.31941 44.24586 25.64478 15.31941 44.24586 25.64478 15.31941 44.24586 22.85948 19.19496 17.63826 22.85948 19.19496 17.63826 22.85948 19.19496 17.63826 25.55821 15.78352 42.29581 25.55821 15.78352 42.29581 25.55821 15.78352 42.29581 23.76759 18.39372 24.33377 23.76759 18.39372 24.33377 23.76759 18.39372 24.33377 26.02689 15.1802 47.63692 26.02689 15.1802 47.63692 26.02689 15.1802 47.63692 22.34955 19.68391 14.61856 22.34955 19.68391 14.61856 22.34955 19.68391 14.61856 26.188 15.39831 48.18563 26.188 15.39831 48.18563 26.188 15.39831 48.18563 22.9962 19.28993 19.02086 22.9962 19.28993 19.02086 22.9962 19.28993 19.02086 26.48583 15.18206 50.8877 26.48583 15.18206 50.8877 26.48583 15.18206 50.8877 21.84668 20.01858 11.64464 21.84668 20.01858 11.64464 21.84668 20.01858 11.64464 27.08309 15.47305 53.58946 27.08309 15.47305 53.58946 27.08309 15.47305 53.58946 22.21689 19.96847 14.3334 22.21689 19.96847 14.3334 22.21689 19.96847 14.3334 27.0248 15.27004 53.89417 27.0248 15.27004 53.89417 27.0248 15.27004 53.89417 21.05404 20.40218 7.155956 21.05404 20.40218 7.155956 21.05404 20.40218 7.155956 27.62783 15.43203 56.53852 27.62783 15.43203 56.53852 27.62783 15.43203 56.53852 21.39755 20.14116 8.6996 21.39755 20.14116 8.6996 21.39755 20.14116 8.6996 21.53798 20.34697 10.36699 21.53798 20.34697 10.36699 21.53798 20.34697 10.36699 28.3937 16.01777 58.21542 28.3937 16.01777 58.21542 28.3937 16.01777 58.21542 20.8137 20.16526 4.665154 20.8137 20.16526 4.665154 20.8137 20.16526 4.665154 28.25816 15.66519 58.67964 28.25816 15.66519 58.67964 28.25816 15.66519 58.67964 21.06206 19.99711 5.768435 21.06206 19.99711 5.768435 21.06206 19.99711 5.768435 28.85694 15.97865 60.1511 28.85694 15.97865 60.1511 28.85694 15.97865 60.1511 20.80085 19.71445 2.780296 20.80085 19.71445 2.780296 20.80085 19.71445 2.780296 30.19212 17.06446 61.77589 30.19212 17.06446 61.77589 30.19212 17.06446 61.77589 20.91321 19.53948 2.84078 20.91321 19.53948 2.84078 20.91321 19.53948 2.84078 28.9383 16.02105 60.33466 28.9383 16.02105 60.33466 28.9383 16.02105 60.33466 20.92816 19.17587 1.297632 20.92816 19.17587 1.297632 20.92816 19.17587 1.297632 29.02617 16.07305 60.5113 29.12031 16.13445 60.68041 29.22043 16.205 60.8414 29.32623 16.28444 60.99369 29.32623 16.28444 60.99369 29.22043 16.205 60.8414 29.12031 16.13445 60.68041 29.02617 16.07305 60.5113 29.02617 16.07305 60.5113 29.12031 16.13445 60.68041 29.22043 16.205 60.8414 29.32623 16.28444 60.99369 21.03638 18.73374 -0.0864587 21.03638 18.73374 -0.0864587 21.03638 18.73374 -0.0864587 29.43735 16.3725 61.13676 29.43735 16.3725 61.13676 29.43735 16.3725 61.13676 29.55341 16.46889 61.2701 29.55341 16.46889 61.2701 29.55341 16.46889 61.2701 29.674 16.5733 61.39325 29.674 16.5733 61.39325 29.674 16.5733 61.39325 29.79865 16.6854 61.50578 29.79865 16.6854 61.50578 29.79865 16.6854 61.50578 29.9269 16.80486 61.6073 29.9269 16.80486 61.6073 29.9269 16.80486 61.6073 30.05823 16.93134 61.69744 30.05823 16.93134 61.69744 30.05823 16.93134 61.69744</float_array>
                    <technique_common>
                        <accessor count="141" source="#ID160" stride="3">
                            <param name="X" type="float" />
                            <param name="Y" type="float" />
                            <param name="Z" type="float" />
                        </accessor>
                    </technique_common>
                </source>
                <source id="ID157">
                    <float_array id="ID161" count="423">-0.831887 -0.5548672 -0.009298491 -0.8804566 -0.4741089 0.004105585 -0.9518273 -0.3042644 0.03805255 0.9518273 0.3042644 -0.03805255 0.8804566 0.4741089 -0.004105585 0.831887 0.5548672 0.009298491 0 0 0 0 0 0 0 0 0 -0.9772421 -0.2034605 0.0600142 0.9772421 0.2034605 -0.0600142 0 0 0 -0.7640991 -0.6446829 -0.02316219 0.7640991 0.6446829 0.02316219 0 0 0 -0.9789477 0.1768445 0.1019186 0.9789477 -0.1768445 -0.1019186 0 0 0 -0.8511105 -0.523958 0.03284857 0.8511105 0.523958 -0.03284857 0 0 0 -0.8488876 0.5036902 0.1602687 0.8488876 -0.5036902 -0.1602687 0 0 0 -0.7121969 0.6809134 0.1706825 0.7121969 -0.6809134 -0.1706825 0 0 0 -0.9393711 0.3217118 0.1186741 0.9393711 -0.3217118 -0.1186741 0 0 0 -0.7905488 -0.6114698 0.03372391 0.7905488 0.6114698 -0.03372391 0 0 0 -0.9355763 0.3319534 0.1204321 0.9355763 -0.3319534 -0.1204321 0 0 0 -0.9316597 0.3236025 0.165202 0.9316597 -0.3236025 -0.165202 0 0 0 -0.9215346 0.3681016 0.1235929 0.9215346 -0.3681016 -0.1235929 0 0 0 -0.7265879 -0.685594 0.04506476 0.7265879 0.685594 -0.04506476 0 0 0 -0.9228203 0.3627983 0.1295382 0.9228203 -0.3627983 -0.1295382 0 0 0 -0.9890682 0.01484509 0.1467094 0.9890682 -0.01484509 -0.1467094 0 0 0 -0.8561927 0.4988273 0.134556 0.8561927 -0.4988273 -0.134556 0 0 0 -0.8623065 -0.4944505 0.1092983 0.8623065 0.4944505 -0.1092983 0 0 0 -0.8655889 0.4784678 0.1477309 0.8655889 -0.4784678 -0.1477309 0 0 0 -0.966042 -0.2238874 0.1289852 0.966042 0.2238874 -0.1289852 0 0 0 -0.8589644 0.4864579 0.1598089 0.8589644 -0.4864579 -0.1598089 0 0 0 -0.8954008 -0.42687 0.1266466 0.8954008 0.42687 -0.1266466 0 0 0 -0.7947646 0.5863365 0.1567126 0.7947646 -0.5863365 -0.1567126 0 0 0 -0.8722283 -0.4756608 0.1138621 0.8722283 0.4756608 -0.1138621 0 0 0 -0.9579415 -0.250459 0.1400653 0.9579415 0.250459 -0.1400653 0 0 0 -0.8023151 0.5676321 0.1846194 0.8023151 -0.5676321 -0.1846194 0 0 0 -0.8682574 -0.4809292 0.121804 0.8682574 0.4809292 -0.121804 0 0 0 -0.8014398 0.56528 0.195327 0.8014398 -0.56528 -0.195327 0 0 0 -0.8693339 -0.4787009 0.1228986 0.8693339 0.4787009 -0.1228986 0 0 0 -0.752645 0.6299147 0.1916584 0.752645 -0.6299147 -0.1916584 0 0 0 -0.8542709 -0.5064852 0.1170215 0.8542709 0.5064852 -0.1170215 0 0 0 -0.7465265 0.6382493 0.1879788 0.7465265 -0.6382493 -0.1879788 0 0 0 -0.8524228 -0.5093834 0.1179147 0.8524228 0.5093834 -0.1179147 0 0 0 -0.7435607 0.6437608 0.1808025 0.7435607 -0.6437608 -0.1808025 0 0 0 -0.7706749 -0.6218686 0.1390674 0.7706749 0.6218686 -0.1390674 0 0 0 -0.7430421 0.6446705 0.1796899 -0.7430421 0.6446705 0.1796899 -0.7430421 0.6446705 0.1796899 -0.7430817 0.6445908 0.179812 0.7430817 -0.6445908 -0.179812 0.7430421 -0.6446705 -0.1796899 0.7430421 -0.6446705 -0.1796899 0.7430421 -0.6446705 -0.1796899 0 0 0 0 0 0 0 0 0 0 0 0 -0.766592 -0.6266356 0.1402302 0.766592 0.6266356 -0.1402302 0 0 0 -0.7436664 0.6434051 0.1816322 0.7436664 -0.6434051 -0.1816322 0 0 0 -0.7442241 0.6421991 0.1836052 0.7442241 -0.6421991 -0.1836052 0 0 0 -0.7448772 0.6406879 0.1862178 0.7448772 -0.6406879 -0.1862178 0 0 0 -0.745586 0.6389073 0.1894701 0.745586 -0.6389073 -0.1894701 0 0 0 -0.7463105 0.6368946 0.1933543 0.7463105 -0.6368946 -0.1933543 0 0 0 -0.747011 0.6346875 0.1978545 0.747011 -0.6346875 -0.1978545 0 0 0</float_array>
                    <technique_common>
                        <accessor count="141" source="#ID161" stride="3">
                            <param name="X" type="float" />
                            <param name="Y" type="float" />
                            <param name="Z" type="float" />
                        </accessor>
                    </technique_common>
                </source>
                <source id="ID158">
                    <Name_array id="ID162" count="0" />
                    <technique_common>
                        <accessor count="0" source="#ID162" stride="1">
                            <param name="skp_material" type="Name" />
                        </accessor>
                    </technique_common>
                </source>
                <vertices id="ID159">
                    <input semantic="POSITION" source="#ID156" />
                    <input semantic="NORMAL" source="#ID157" />
                </vertices>
                <triangles count="90" material="Material2">
                    <input offset="0" semantic="VERTEX" source="#ID159" />
                    <p>0 1 2 3 4 5 0 2 9 10 3 5 12 0 9 10 5 13 12 9 15 16 10 13 18 12 15 16 13 19 18 15 21 22 16 19 18 21 24 25 22 19 21 15 27 28 16 22 30 18 24 25 19 31 21 27 33 34 28 22 30 24 36 37 25 31 33 27 39 40 28 34 42 30 36 37 31 43 33 39 45 46 40 34 42 36 48 49 37 43 45 39 51 52 40 46 54 42 48 49 43 55 57 45 51 52 46 58 54 48 60 61 49 55 57 51 63 64 52 58 66 54 60 61 55 67 57 63 69 70 64 58 66 72 54 55 73 67 66 60 75 76 61 67 78 57 69 70 58 79 66 81 72 73 82 67 78 69 84 85 70 79 81 87 72 73 88 82 78 84 90 91 85 79 81 93 87 88 94 82 96 78 90 91 79 97 87 93 99 100 94 88 96 90 102 103 91 97 93 105 99 100 106 94 108 96 102 96 108 109 96 109 110 96 110 111 112 113 97 113 114 97 114 115 97 103 97 115 99 105 120 121 106 100 96 111 123 124 112 97 96 123 126 127 124 97 96 126 129 130 127 97 96 129 132 133 130 97 96 132 135 136 133 97 96 135 138 139 136 97</p>
                </triangles>
                <lines count="88" material="Material3">
                    <input offset="0" semantic="VERTEX" source="#ID159" />
                    <p>6 7 7 8 8 6 11 8 7 11 14 8 11 14 17 14 11 17 20 14 17 20 23 20 17 23 26 20 26 23 29 23 17 29 26 32 32 20 23 35 29 35 38 32 38 26 41 35 29 41 44 32 38 44 35 47 41 47 50 44 50 38 53 47 41 53 56 44 50 56 47 59 53 59 62 56 62 50 65 59 53 65 68 56 62 68 71 59 65 71 68 74 74 56 68 77 77 62 59 80 71 80 83 68 74 83 86 80 71 86 89 83 89 74 92 80 86 92 95 83 89 95 80 98 92 98 101 95 101 89 92 104 104 98 107 95 101 107 104 116 116 117 117 118 118 119 119 98 122 101 122 107 125 98 119 125 128 98 125 128 131 98 128 131 134 98 131 134 137 98 134 137 140 98 137 140</p>
                </lines>
            </mesh>
        </geometry>
        <geometry id="ID163">
            <mesh>
                <source id="ID164">
                    <float_array id="ID168" count="324">25.48204 17.05634 23.87871 25.77266 16.49782 27.13193 26.07428 15.99421 30.4762 26.07428 15.99421 30.4762 25.77266 16.49782 27.13193 25.48204 17.05634 23.87871 25.77266 16.49782 27.13193 26.07428 15.99421 30.4762 25.48204 17.05634 23.87871 25.1529 17.56099 20.71731 25.1529 17.56099 20.71731 25.1529 17.56099 20.71731 24.96327 17.83713 19.01101 24.96327 17.83713 19.01101 24.96327 17.83713 19.01101 24.77805 17.94499 17.63214 24.77805 17.94499 17.63214 24.77805 17.94499 17.63214 25.60419 17.18841 24.32816 25.60419 17.18841 24.32816 25.60419 17.18841 24.32816 24.70025 17.9998 17.03908 24.70025 17.9998 17.03908 24.70025 17.9998 17.03908 26.44645 15.60195 33.89303 26.44645 15.60195 33.89303 26.44645 15.60195 33.89303 26.26142 16.44097 30.12206 26.26142 16.44097 30.12206 26.26142 16.44097 30.12206 26.9734 15.36634 37.34144 26.9734 15.36634 37.34144 26.9734 15.36634 37.34144 27.14161 15.90742 36.15818 27.14161 15.90742 36.15818 27.14161 15.90742 36.15818 27.7591 15.31634 40.75055 27.7591 15.31634 40.75055 27.7591 15.31634 40.75055 28.60149 15.76126 42.07181 28.60149 15.76126 42.07181 28.60149 15.76126 42.07181 28.8932 15.44554 44.0169 28.8932 15.44554 44.0169 28.8932 15.44554 44.0169 31.0107 16.08911 47.44725 31.0107 16.08911 47.44725 31.0107 16.08911 47.44725 30.39882 15.71927 47.08362 30.39882 15.71927 47.08362 30.39882 15.71927 47.08362 32.30248 16.17797 49.85535 32.30248 16.17797 49.85535 32.30248 16.17797 49.85535 34.71634 17.04113 51.79123 34.71634 17.04113 51.79123 34.71634 17.04113 51.79123 34.5721 16.76937 52.19366 34.5721 16.76937 52.19366 34.5721 16.76937 52.19366 37.08576 17.49603 53.9709 37.08576 17.49603 53.9709 37.08576 17.49603 53.9709 39.90969 18.94909 54.35209 39.90969 18.94909 54.35209 39.90969 18.94909 54.35209 39.62377 18.37129 55.08157 39.62377 18.37129 55.08157 39.62377 18.37129 55.08157 41.87657 19.3963 55.46148 41.87657 19.3963 55.46148 41.87657 19.3963 55.46148 46.0832 22.60686 54.26187 46.0832 22.60686 54.26187 46.0832 22.60686 54.26187 42.17512 19.54286 55.48911 42.17512 19.54286 55.48911 42.17512 19.54286 55.48911 42.48944 19.71157 55.49481 42.48944 19.71157 55.49481 42.48944 19.71157 55.49481 42.81794 19.90255 55.47798 42.81794 19.90255 55.47798 42.81794 19.90255 55.47798 43.1589 20.11586 55.43808 43.1589 20.11586 55.43808 43.1589 20.11586 55.43808 43.51042 20.35151 55.37468 43.51042 20.35151 55.37468 43.51042 20.35151 55.37468 43.87048 20.60943 55.28746 43.87048 20.60943 55.28746 43.87048 20.60943 55.28746 44.23693 20.88944 55.17622 44.23693 20.88944 55.17622 44.23693 20.88944 55.17622 44.60749 21.19127 55.04088 44.60749 21.19127 55.04088 44.60749 21.19127 55.04088 44.97983 21.51453 54.88149 44.97983 21.51453 54.88149 44.97983 21.51453 54.88149 45.35152 21.8587 54.69827 45.35152 21.8587 54.69827 45.35152 21.8587 54.69827 45.72014 22.22309 54.49156 45.72014 22.22309 54.49156 45.72014 22.22309 54.49156</float_array>
                    <technique_common>
                        <accessor count="108" source="#ID168" stride="3">
                            <param name="X" type="float" />
                            <param name="Y" type="float" />
                            <param name="Z" type="float" />
                        </accessor>
                    </technique_common>
                </source>
                <source id="ID165">
                    <float_array id="ID169" count="324">-0.09004652 0.9819768 0.1661721 -0.9945718 0.0405801 0.09581327 -0.9166768 0.3732797 0.142709 0.9166768 -0.3732797 -0.142709 0.9945718 -0.0405801 -0.09581327 0.09004652 -0.9819768 -0.1661721 0 0 0 0 0 0 0 0 0 -0.08718215 -0.9848814 -0.1496927 0.08718215 0.9848814 0.1496927 0 0 0 0.9530984 -0.2637616 -0.1484361 -0.9530984 0.2637616 0.1484361 0 0 0 -0.9656121 0.2147768 0.1465068 0.9656121 -0.2147768 -0.1465068 0 0 0 -0.8424524 0.5132007 0.1640091 0.8424524 -0.5132007 -0.1640091 0 0 0 -0.9657845 0.2140244 0.1464711 0.9657845 -0.2140244 -0.1464711 0 0 0 -0.8204702 0.5481177 0.1624673 0.8204702 -0.5481177 -0.1624673 0 0 0 -0.8118367 0.5602776 0.164348 0.8118367 -0.5602776 -0.164348 0 0 0 -0.7573519 0.6276499 0.1802046 0.7573519 -0.6276499 -0.1802046 0 0 0 -0.7695708 0.6155998 0.1696991 0.7695708 -0.6155998 -0.1696991 0 0 0 -0.6754475 0.7134724 0.186354 0.6754475 -0.7134724 -0.186354 0 0 0 -0.6834229 0.6987649 0.2113308 0.6834229 -0.6987649 -0.2113308 0 0 0 -0.5965885 0.7731014 0.2153982 0.5965885 -0.7731014 -0.2153982 0 0 0 -0.605345 0.7439973 0.2828879 0.605345 -0.7439973 -0.2828879 0 0 0 -0.602558 0.7612363 0.239673 0.602558 -0.7612363 -0.239673 0 0 0 -0.4957472 0.8350538 0.238579 0.4957472 -0.8350538 -0.238579 0 0 0 -0.5108556 0.7910459 0.3365604 0.5108556 -0.7910459 -0.3365604 0 0 0 -0.5103466 0.786361 0.3481131 0.5103466 -0.786361 -0.3481131 0 0 0 -0.4668008 0.8129774 0.3480872 0.4668008 -0.8129774 -0.3480872 0 0 0 -0.4450162 0.7800389 0.4398862 0.4450162 -0.7800389 -0.4398862 0 0 0 -0.4472235 0.7781245 0.4410367 0.4472235 -0.7781245 -0.4410367 0 0 0 -0.4375517 0.7594532 0.4814346 0.4375517 -0.7594532 -0.4814346 0 0 0 -0.4047025 0.7382229 0.5396691 0.4047025 -0.7382229 -0.5396691 0 0 0 -0.4112896 0.7385598 0.5342006 0.4112896 -0.7385598 -0.5342006 0 0 0 -0.4030544 0.733405 0.547416 0.4030544 -0.733405 -0.547416 0 0 0 -0.3941381 0.7280968 0.5608299 0.3941381 -0.7280968 -0.5608299 0 0 0 -0.3846377 0.7226984 0.5742481 0.3846377 -0.7226984 -0.5742481 0 0 0 -0.3746669 0.7172752 0.5874871 0.3746669 -0.7172752 -0.5874871 0 0 0 -0.3643514 0.7118932 0.6003799 0.3643514 -0.7118932 -0.6003799 0 0 0 -0.3538257 0.7066175 0.6127798 0.3538257 -0.7066175 -0.6127798 0 0 0 -0.3432283 0.7015102 0.6245621 0.3432283 -0.7015102 -0.6245621 0 0 0 -0.3326983 0.6966289 0.6356257 0.3326983 -0.6966289 -0.6356257 0 0 0 -0.3223721 0.6920254 0.6458924 0.3223721 -0.6920254 -0.6458924 0 0 0 -0.3123802 0.6877446 0.655306 0.3123802 -0.6877446 -0.655306 0 0 0</float_array>
                    <technique_common>
                        <accessor count="108" source="#ID169" stride="3">
                            <param name="X" type="float" />
                            <param name="Y" type="float" />
                            <param name="Z" type="float" />
                        </accessor>
                    </technique_common>
                </source>
                <source id="ID166">
                    <Name_array id="ID170" count="0" />
                    <technique_common>
                        <accessor count="0" source="#ID170" stride="1">
                            <param name="skp_material" type="Name" />
                        </accessor>
                    </technique_common>
                </source>
                <vertices id="ID167">
                    <input semantic="POSITION" source="#ID164" />
                    <input semantic="NORMAL" source="#ID165" />
                </vertices>
                <triangles count="68" material="Material2">
                    <input offset="0" semantic="VERTEX" source="#ID167" />
                    <p>0 1 2 3 4 5 3 9 5 0 10 2 3 12 9 10 13 2 15 10 13 12 9 16 13 2 18 19 3 12 21 15 13 12 16 22 18 2 24 25 3 19 18 24 27 28 25 19 27 24 30 31 25 28 27 30 33 34 31 28 33 30 36 37 31 34 39 33 36 37 34 40 39 36 42 43 37 40 45 39 42 43 40 46 45 42 48 49 43 46 51 45 48 49 46 52 54 45 51 52 46 55 57 54 51 52 55 58 60 54 57 58 55 61 63 54 60 61 55 64 66 63 60 61 64 67 69 63 66 67 64 70 69 72 63 64 73 70 75 72 69 70 73 76 78 72 75 76 73 79 78 81 72 73 82 79 81 84 72 73 85 82 84 87 72 73 88 85 87 90 72 73 91 88 90 93 72 73 94 91 93 96 72 73 97 94 96 99 72 73 100 97 99 102 72 73 103 100 102 105 72 73 106 103</p>
                </triangles>
                <lines count="69" material="Material3">
                    <input offset="0" semantic="VERTEX" source="#ID167" />
                    <p>6 7 7 8 8 6 11 8 7 11 14 11 7 14 17 14 17 11 14 20 7 20 23 17 23 14 26 20 7 26 20 29 26 29 32 29 26 32 29 35 32 35 38 35 32 38 35 41 38 41 44 41 38 44 41 47 44 47 50 47 44 50 53 47 50 53 47 56 53 56 59 56 53 59 62 56 59 62 56 65 62 65 68 65 62 68 71 65 68 71 65 74 71 74 77 74 71 77 80 74 77 80 83 74 80 83 86 74 83 86 89 74 86 89 92 74 89 92 95 74 92 95 98 74 95 98 101 74 98 101 104 74 101 104 107 74 104 107</p>
                </lines>
            </mesh>
        </geometry>
        <geometry id="ID171">
            <mesh>
                <source id="ID172">
                    <float_array id="ID176" count="453">27.26306 13.65073 4.379556 27.32738 13.46639 5.890204 27.3556 13.12498 5.900164 27.3556 13.12498 5.900164 27.32738 13.46639 5.890204 27.26306 13.65073 4.379556 27.26306 13.65073 4.379556 27.3556 13.12498 5.900164 27.32738 13.46639 5.890204 27.29988 13.61057 5.40903 27.29988 13.61057 5.40903 27.29988 13.61057 5.40903 27.32738 13.46639 5.890204 27.42715 12.78955 8.158516 27.3556 13.12498 5.900164 27.3556 13.12498 5.900164 27.42715 12.78955 8.158516 27.32738 13.46639 5.890204 27.42715 12.78955 8.158516 27.07923 14.57143 2.60961 27.07923 14.57143 2.60961 27.07923 14.57143 2.60961 27.48522 12.22464 10.91971 27.48522 12.22464 10.91971 27.48522 12.22464 10.91971 27.05416 14.76821 2.663554 27.05416 14.76821 2.663554 27.05416 14.76821 2.663554 27.39453 12.84378 6.717052 27.39453 12.84378 6.717052 27.39453 12.84378 6.717052 26.85915 15.521 1.218084 26.85915 15.521 1.218084 26.85915 15.521 1.218084 27.46335 11.08624 17.83872 27.46335 11.08624 17.83872 27.46335 11.08624 17.83872 26.6261 16.34107 -0.07705447 26.6261 16.34107 -0.07705447 26.6261 16.34107 -0.07705447 27.50853 11.83716 13.70574 27.50853 11.83716 13.70574 27.50853 11.83716 13.70574 27.49096 11.60982 13.44615 27.49096 11.60982 13.44615 27.49096 11.60982 13.44615 27.36874 10.51562 22.81768 27.36874 10.51562 22.81768 27.36874 10.51562 22.81768 27.46892 12.17316 9.728315 27.46892 12.17316 9.728315 27.46892 12.17316 9.728315 27.51716 11.55349 16.53228 27.51716 11.55349 16.53228 27.51716 11.55349 16.53228 27.15299 9.817915 28.24594 27.15299 9.817915 28.24594 27.15299 9.817915 28.24594 27.51775 11.30792 19.41501 27.51775 11.30792 19.41501 27.51775 11.30792 19.41501 26.42697 8.519291 38.24047 26.42697 8.519291 38.24047 26.42697 8.519291 38.24047 27.50462 11.04531 22.36736 27.50462 11.04531 22.36736 27.50462 11.04531 22.36736 26.71952 8.94755 33.94497 26.71952 8.94755 33.94497 26.71952 8.94755 33.94497 26.87718 9.201258 34.95338 26.87718 9.201258 34.95338 26.87718 9.201258 34.95338 25.80717 7.789073 41.5219 25.80717 7.789073 41.5219 25.80717 7.789073 41.5219 27.46142 10.72328 25.39852 27.46142 10.72328 25.39852 27.46142 10.72328 25.39852 25.94178 7.911728 39.70153 25.94178 7.911728 39.70153 25.94178 7.911728 39.70153 27.17933 9.805509 31.70145 27.17933 9.805509 31.70145 27.17933 9.805509 31.70145 25.01029 7.047078 44.74095 25.01029 7.047078 44.74095 25.01029 7.047078 44.74095 27.36321 10.31405 28.51153 27.36321 10.31405 28.51153 27.36321 10.31405 28.51153 24.69342 6.768833 45.27402 24.69342 6.768833 45.27402 24.69342 6.768833 45.27402 24.04827 6.331186 47.82344 24.04827 6.331186 47.82344 24.04827 6.331186 47.82344 22.95664 5.67471 50.67648 22.95664 5.67471 50.67648 22.95664 5.67471 50.67648 22.88679 5.603836 50.39988 22.88679 5.603836 50.39988 22.88679 5.603836 50.39988 21.79682 5.101174 53.18752 21.79682 5.101174 53.18752 21.79682 5.101174 53.18752 20.65628 4.621098 55.22346 20.65628 4.621098 55.22346 20.65628 4.621098 55.22346 20.50584 4.488355 54.8059 20.50584 4.488355 54.8059 20.50584 4.488355 54.8059 19.64676 4.232144 56.62933 19.64676 4.232144 56.62933 19.64676 4.232144 56.62933 19.50907 4.182363 56.80856 19.50907 4.182363 56.80856 19.50907 4.182363 56.80856 19.36388 4.128934 56.98112 19.36388 4.128934 56.98112 19.36388 4.128934 56.98112 19.21168 4.072073 57.1464 19.21168 4.072073 57.1464 19.21168 4.072073 57.1464 19.05302 4.011995 57.30382 19.05302 4.011995 57.30382 19.05302 4.011995 57.30382 18.88843 3.948908 57.45285 18.88843 3.948908 57.45285 18.88843 3.948908 57.45285 18.18312 3.670395 57.95517 18.18312 3.670395 57.95517 18.18312 3.670395 57.95517 18.71852 3.883013 57.59296 18.71852 3.883013 57.59296 18.71852 3.883013 57.59296 17.99831 3.59515 58.05515 17.99831 3.59515 58.05515 17.99831 3.59515 58.05515 18.5439 3.814505 57.72368 18.5439 3.814505 57.72368 18.5439 3.814505 57.72368 17.81148 3.518005 58.14418 17.81148 3.518005 58.14418 17.81148 3.518005 58.14418 18.36521 3.743572 57.84455 18.36521 3.743572 57.84455 18.36521 3.743572 57.84455 17.62336 3.439123 58.22193 17.62336 3.439123 58.22193 17.62336 3.439123 58.22193</float_array>
                    <technique_common>
                        <accessor count="151" source="#ID176" stride="3">
                            <param name="X" type="float" />
                            <param name="Y" type="float" />
                            <param name="Z" type="float" />
                        </accessor>
                    </technique_common>
                </source>
                <source id="ID173">
                    <float_array id="ID177" count="453">0.9904792 0.1343112 -0.03019156 0.996149 0.08144098 -0.03247316 0.9961506 0.08142012 -0.03247578 -0.9961506 -0.08142012 0.03247578 -0.996149 -0.08144098 0.03247316 -0.9904792 -0.1343112 0.03019156 0 0 0 0 0 0 0 0 0 0.9955937 0.0880664 -0.03221108 -0.9955937 -0.0880664 0.03221108 0 0 0 0.9964575 0.08182651 -0.01941523 0.9829561 -0.1747489 -0.05709717 0.9964898 0.08160843 -0.01865767 -0.9964898 -0.08160843 0.01865767 -0.9829561 0.1747489 0.05709717 -0.9964575 -0.08182651 0.01941523 0 0 0 0.9894918 0.1380852 -0.04287669 -0.9894918 -0.1380852 0.04287669 0 0 0 0.5814106 -0.8030282 -0.1307957 -0.5814106 0.8030282 0.1307957 0 0 0 0.9888075 0.1420645 -0.04557902 -0.9888075 -0.1420645 0.04557902 0 0 0 0.9916363 0.129048 -0.002025194 -0.9916363 -0.129048 0.002025194 0 0 0 0.92964 0.3629397 0.06359498 -0.92964 -0.3629397 -0.06359498 0 0 0 0.992782 0.1156935 0.03160617 -0.992782 -0.1156935 -0.03160617 0 0 0 0.9261187 0.3710032 0.06826948 -0.9261187 -0.3710032 -0.06826948 0 0 0 0.9117239 -0.4058653 -0.06350506 -0.9117239 0.4058653 0.06350506 0 0 0 0.9514123 0.3050009 0.04229687 -0.9514123 -0.3050009 -0.04229687 0 0 0 0.9146324 0.3948804 0.08670043 -0.9146324 -0.3948804 -0.08670043 0 0 0 0.9664109 0.2548881 0.03289243 -0.9664109 -0.2548881 -0.03289243 0 0 0 0.9248968 -0.3780791 -0.04027634 -0.9248968 0.3780791 0.04027634 0 0 0 0.7791291 0.6120237 0.1355908 -0.7791291 -0.6120237 -0.1355908 0 0 0 0.8952395 -0.4440225 -0.03728536 -0.8952395 0.4440225 0.03728536 0 0 0 0.7187919 -0.6948891 -0.02161877 -0.7187919 0.6948891 0.02161877 0 0 0 0.7397537 -0.6704959 -0.05656577 -0.7397537 0.6704959 0.05656577 0 0 0 0.9850457 -0.1646134 0.05086582 -0.9850457 0.1646134 -0.05086582 0 0 0 0.572858 -0.8146067 -0.09082782 -0.572858 0.8146067 0.09082782 0 0 0 0.6925984 -0.7213211 0.001815468 -0.6925984 0.7213211 -0.001815468 0 0 0 0.7471441 -0.6619685 -0.05977837 -0.7471441 0.6619685 0.05977837 0 0 0 0.8686497 -0.4944678 0.03081122 -0.8686497 0.4944678 -0.03081122 0 0 0 0.6392295 -0.7645544 -0.08271769 -0.6392295 0.7645544 0.08271769 0 0 0 0.6575965 -0.7533645 -0.002980494 -0.6575965 0.7533645 0.002980494 0 0 0 0.7294862 -0.6807575 -0.0664765 -0.7294862 0.6807575 0.0664765 0 0 0 0.7015957 -0.7107766 0.05059747 -0.7015957 0.7107766 -0.05059747 0 0 0 0.4187452 -0.9067433 -0.04969028 -0.4187452 0.9067433 0.04969028 0 0 0 0.5723397 -0.8176986 0.0616141 -0.5723397 0.8176986 -0.0616141 0 0 0 0.6026323 -0.7965879 0.04777048 -0.6026323 0.7965879 -0.04777048 0 0 0 0.3172033 -0.9472035 -0.04677152 -0.3172033 0.9472035 0.04677152 0 0 0 0.4924601 -0.8655089 0.09152844 -0.4924601 0.8655089 -0.09152844 0 0 0 0.5097358 -0.856414 0.08200249 -0.5097358 0.856414 -0.08200249 0 0 0 0.4223851 -0.9035491 0.07204026 -0.4223851 0.9035491 -0.07204026 0 0 0 0.4144904 -0.9075368 0.06763679 -0.4144904 0.9075368 -0.06763679 0 0 0 0.4110206 -0.9092672 0.06553831 -0.4110206 0.9092672 -0.06553831 0 0 0 0.4081674 -0.9106807 0.06371803 -0.4081674 0.9106807 -0.06371803 0 0 0 0.4059553 -0.9117716 0.06223152 -0.4059553 0.9117716 -0.06223152 0 0 0 0.4037995 -0.9128341 0.0606621 -0.4037995 0.9128341 -0.0606621 0 0 0 0.4046323 -0.9124118 0.06146086 -0.4046323 0.9124118 -0.06146086 0 0 0 0.4017758 -0.9139368 0.05740927 -0.4017758 0.9139368 -0.05740927 0 0 0 0.4062247 -0.911606 0.06289764 -0.4062247 0.911606 -0.06289764 0 0 0 0.403634 -0.9129004 0.06076603 -0.403634 0.9129004 -0.06076603 0 0 0 0.4083618 -0.9105078 0.0649318 -0.4083618 0.9105078 -0.0649318 0 0 0 0.4057578 -0.911678 0.06483707 -0.4057578 0.911678 -0.06483707 0 0 0 0.4086853 -0.9103405 0.06524157 -0.4086853 0.9103405 -0.06524157 0 0 0</float_array>
                    <technique_common>
                        <accessor count="151" source="#ID177" stride="3">
                            <param name="X" type="float" />
                            <param name="Y" type="float" />
                            <param name="Z" type="float" />
                        </accessor>
                    </technique_common>
                </source>
                <source id="ID174">
                    <Name_array id="ID178" count="0" />
                    <technique_common>
                        <accessor count="0" source="#ID178" stride="1">
                            <param name="skp_material" type="Name" />
                        </accessor>
                    </technique_common>
                </source>
                <vertices id="ID175">
                    <input semantic="POSITION" source="#ID172" />
                    <input semantic="NORMAL" source="#ID173" />
                </vertices>
                <triangles count="94" material="Material2">
                    <input offset="0" semantic="VERTEX" source="#ID175" />
                    <p>0 1 2 3 4 5 0 9 1 4 10 5 12 13 14 15 16 17 19 9 0 5 10 20 14 13 22 23 16 15 25 9 19 20 10 26 14 22 28 29 23 15 31 25 19 20 26 32 34 28 22 23 29 35 37 25 31 32 26 38 22 40 34 35 41 23 28 34 43 44 35 29 40 46 34 35 47 41 28 43 49 50 44 29 40 52 46 47 53 41 52 55 46 47 56 53 52 58 55 56 59 53 58 61 55 56 62 59 58 64 61 62 65 59 55 61 67 68 62 56 61 64 70 71 65 62 67 61 73 74 62 68 64 76 70 71 77 65 67 73 79 80 74 68 70 76 82 83 77 71 85 79 73 74 80 86 76 88 82 83 89 77 91 79 85 86 80 92 85 94 91 92 95 86 97 91 94 95 92 98 97 100 91 92 101 98 103 100 97 98 101 104 106 100 103 104 101 107 106 109 100 101 110 107 112 109 106 107 110 113 115 109 112 113 110 116 118 109 115 116 110 119 121 109 118 119 110 122 124 109 121 122 110 125 127 109 124 125 110 128 130 109 127 128 110 131 130 127 133 134 128 131 136 109 130 131 110 137 130 133 139 140 134 131 142 109 136 137 110 143 130 139 145 146 140 131 148 109 142 143 110 149</p>
                </triangles>
                <lines count="94" material="Material3">
                    <input offset="0" semantic="VERTEX" source="#ID175" />
                    <p>6 7 6 8 11 8 6 11 8 18 7 18 21 11 21 6 18 24 7 24 27 11 21 27 7 30 24 30 33 27 33 21 24 36 30 36 39 27 39 33 42 36 24 42 45 36 30 45 36 48 42 48 30 51 51 45 54 48 42 54 48 57 54 57 60 57 54 60 60 63 57 63 66 63 60 66 69 63 57 69 72 63 66 72 63 75 69 75 78 72 66 78 81 75 69 81 84 72 78 84 75 87 81 87 90 84 78 90 93 87 81 93 87 96 93 96 96 99 93 99 102 99 93 102 99 105 102 105 105 108 102 108 111 108 102 111 108 114 111 114 114 117 111 117 117 120 111 120 120 123 111 123 123 126 111 126 126 129 111 129 129 132 111 132 135 132 129 135 132 138 111 138 141 132 135 141 111 144 138 144 147 132 141 147 111 150 144 150</p>
                </lines>
                <lines count="1" material="Material4">
                    <input offset="0" semantic="VERTEX" source="#ID175" />
                    <p>8 7</p>
                </lines>
            </mesh>
        </geometry>
        <geometry id="ID179">
            <mesh>
                <source id="ID180">
                    <float_array id="ID184" count="453">22.57974 13.01767 2.698555 22.81693 12.69552 1.276036 23.12931 12.31039 0.003817397 23.12931 12.31039 0.003817397 22.81693 12.69552 1.276036 22.57974 13.01767 2.698555 23.12931 12.31039 0.003817397 22.57974 13.01767 2.698555 22.81693 12.69552 1.276036 22.46098 13.17866 2.635796 22.46098 13.17866 2.635796 22.46098 13.17866 2.635796 22.31434 13.44472 5.404714 22.31434 13.44472 5.404714 22.31434 13.44472 5.404714 22.19527 13.59389 4.372263 22.19527 13.59389 4.372263 22.19527 13.59389 4.372263 22.30216 13.47473 5.881075 22.30216 13.47473 5.881075 22.30216 13.47473 5.881075 22.12396 13.75024 5.87374 22.12396 13.75024 5.87374 22.12396 13.75024 5.87374 22.12396 13.75024 5.87374 22.30216 13.47473 5.881075 22.25024 13.61644 8.124858 22.25024 13.61644 8.124858 22.30216 13.47473 5.881075 22.12396 13.75024 5.87374 22.25024 13.61644 8.124858 22.31455 13.57056 10.86732 22.31455 13.57056 10.86732 22.31455 13.57056 10.86732 22.08873 13.83499 6.679634 22.08873 13.83499 6.679634 22.08873 13.83499 6.679634 22.32262 13.61242 13.36813 22.32262 13.61242 13.36813 22.32262 13.61242 13.36813 22.52818 13.17634 17.74915 22.52818 13.17634 17.74915 22.52818 13.17634 17.74915 22.14753 13.84484 9.667075 22.14753 13.84484 9.667075 22.14753 13.84484 9.667075 22.4455 13.35352 13.64406 22.4455 13.35352 13.64406 22.4455 13.35352 13.64406 22.67176 12.62607 22.7167 22.67176 12.62607 22.7167 22.67176 12.62607 22.7167 22.59301 13.01663 16.46847 22.59301 13.01663 16.46847 22.59301 13.01663 16.46847 22.69127 12.09093 28.12469 22.69127 12.09093 28.12469 22.69127 12.09093 28.12469 22.71915 12.61266 19.35315 22.71915 12.61266 19.35315 22.71915 12.61266 19.35315 22.58847 11.71345 33.78263 22.58847 11.71345 33.78263 22.58847 11.71345 33.78263 22.45088 11.19703 38.06919 22.45088 11.19703 38.06919 22.45088 11.19703 38.06919 22.79836 12.19274 22.30795 22.79836 12.19274 22.30795 22.79836 12.19274 22.30795 22.36931 11.34711 41.28715 22.36931 11.34711 41.28715 22.36931 11.34711 41.28715 22.56751 11.16847 34.83101 22.56751 11.16847 34.83101 22.56751 11.16847 34.83101 22.44537 11.61495 39.46596 22.44537 11.61495 39.46596 22.44537 11.61495 39.46596 22.81762 11.80355 25.33807 22.81762 11.80355 25.33807 22.81762 11.80355 25.33807 22.35521 11.60283 44.43103 22.35521 11.60283 44.43103 22.35521 11.60283 44.43103 22.6858 11.26668 31.61276 22.6858 11.26668 31.61276 22.6858 11.26668 31.61276 22.41342 11.86884 44.92804 22.41342 11.86884 44.92804 22.41342 11.86884 44.92804 22.77636 11.48476 28.44255 22.77636 11.48476 28.44255 22.77636 11.48476 28.44255 22.43428 11.9409 47.43123 22.43428 11.9409 47.43123 22.43428 11.9409 47.43123 22.67452 12.49607 49.91134 22.67452 12.49607 49.91134 22.67452 12.49607 49.91134 22.6195 12.33511 50.20045 22.6195 12.33511 50.20045 22.6195 12.33511 50.20045 22.90602 12.76145 52.63158 22.90602 12.76145 52.63158 22.90602 12.76145 52.63158 23.3844 13.48705 54.1561 23.3844 13.48705 54.1561 23.3844 13.48705 54.1561 23.26756 13.20264 54.59575 23.26756 13.20264 54.59575 23.26756 13.20264 54.59575 23.65522 13.65016 55.94052 23.65522 13.65016 55.94052 23.65522 13.65016 55.94052 24.60394 15.14246 57.45158 24.60394 15.14246 57.45158 24.60394 15.14246 57.45158 23.71061 13.72872 56.11491 23.77108 13.81687 56.28222 23.83647 13.91428 56.44186 23.9066 14.02059 56.59327 23.9066 14.02059 56.59327 23.83647 13.91428 56.44186 23.77108 13.81687 56.28222 23.71061 13.72872 56.11491 23.77108 13.81687 56.28222 23.83647 13.91428 56.44186 23.9066 14.02059 56.59327 23.71061 13.72872 56.11491 23.98123 14.13544 56.73592 23.98123 14.13544 56.73592 23.98123 14.13544 56.73592 24.06011 14.25841 56.86931 24.06011 14.25841 56.86931 24.06011 14.25841 56.86931 24.14294 14.38909 56.99298 24.14294 14.38909 56.99298 24.14294 14.38909 56.99298 24.22939 14.52706 57.10649 24.22939 14.52706 57.10649 24.22939 14.52706 57.10649 24.31911 14.67185 57.20945 24.31911 14.67185 57.20945 24.31911 14.67185 57.20945 24.41171 14.823 57.30149 24.41171 14.823 57.30149 24.41171 14.823 57.30149 24.5068 14.98004 57.3823 24.5068 14.98004 57.3823 24.5068 14.98004 57.3823</float_array>
                    <technique_common>
                        <accessor count="151" source="#ID184" stride="3">
                            <param name="X" type="float" />
                            <param name="Y" type="float" />
                            <param name="Z" type="float" />
                        </accessor>
                    </technique_common>
                </source>
                <source id="ID181">
                    <float_array id="ID185" count="453">-0.8046376 -0.5937125 0.007986222 -0.699991 -0.7127514 0.04469856 -0.6946576 -0.7178207 0.04673583 0.6946576 0.7178207 -0.04673583 0.699991 0.7127514 -0.04469856 0.8046376 0.5937125 -0.007986222 0 0 0 0 0 0 0 0 0 -0.8067406 -0.5908624 0.007161875 0.8067406 0.5908624 -0.007161875 0 0 0 -0.8260448 -0.5634306 0.01400177 0.8260448 0.5634306 -0.01400177 0 0 0 -0.821086 -0.570676 0.0121112 0.821086 0.570676 -0.0121112 0 0 0 -0.8384434 -0.5447425 0.01637666 0.8384434 0.5447425 -0.01637666 0 0 0 -0.8397542 -0.542712 0.01662987 0.8397542 0.542712 -0.01662987 0 0 0 -0.8415525 -0.539974 0.01474637 -0.8397561 -0.5427608 0.0148461 -0.7966061 -0.6044352 0.008759818 0.7966061 0.6044352 -0.008759818 0.8397561 0.5427608 -0.0148461 0.8415525 0.539974 -0.01474637 0 0 0 -0.8464005 -0.5324236 0.01145684 0.8464005 0.5324236 -0.01145684 0 0 0 -0.8654956 -0.5006925 0.01497772 0.8654956 0.5006925 -0.01497772 0 0 0 -0.9345382 -0.3557472 0.009071434 0.9345382 0.3557472 -0.009071434 0 0 0 -0.9907994 -0.1345896 0.01422139 0.9907994 0.1345896 -0.01422139 0 0 0 -0.92248 -0.3855557 0.01942792 0.92248 0.3855557 -0.01942792 0 0 0 -0.7956035 -0.6057288 -0.01037575 0.7956035 0.6057288 0.01037575 0 0 0 -0.9725607 0.2311005 0.02679881 0.9725607 -0.2311005 -0.02679881 0 0 0 -0.8231146 -0.5673091 -0.02535361 0.8231146 0.5673091 0.02535361 0 0 0 -0.4450954 0.8939801 0.0518616 0.4450954 -0.8939801 -0.0518616 0 0 0 -0.8662147 -0.4985896 -0.03287267 0.8662147 0.4985896 0.03287267 0 0 0 -0.9324208 0.3611265 0.01338247 0.9324208 -0.3611265 -0.01338247 0 0 0 -0.9989402 0.03735574 -0.0268902 0.9989402 -0.03735574 0.0268902 0 0 0 -0.8508988 -0.522762 -0.05187701 0.8508988 0.522762 0.05187701 0 0 0 -0.9875443 0.1563094 -0.0179915 0.9875443 -0.1563094 0.0179915 0 0 0 -0.9806168 -0.1929801 -0.03390282 0.9806168 0.1929801 0.03390282 0 0 0 -0.9912358 0.1301838 -0.02244656 0.9912358 -0.1301838 0.02244656 0 0 0 -0.8825203 -0.4671035 -0.05451765 0.8825203 0.4671035 0.05451765 0 0 0 -0.9712763 0.2375032 -0.01465072 0.9712763 -0.2375032 0.01465072 0 0 0 -0.9602769 -0.2755974 -0.04375419 0.9602769 0.2755974 0.04375419 0 0 0 -0.9751317 0.2216248 -0.0008114939 0.9751317 -0.2216248 0.0008114939 0 0 0 -0.9103614 -0.4102458 -0.05422626 0.9103614 0.4102458 0.05422626 0 0 0 -0.9138008 0.4061463 -0.003653249 0.9138008 -0.4061463 0.003653249 0 0 0 -0.9311497 0.36415 0.01883993 0.9311497 -0.36415 -0.01883993 0 0 0 -0.9250343 0.378306 0.0345849 0.9250343 -0.378306 -0.0345849 0 0 0 -0.860217 0.5092737 0.0258261 0.860217 -0.5092737 -0.0258261 0 0 0 -0.8798618 0.4704539 0.0672034 0.8798618 -0.4704539 -0.0672034 0 0 0 -0.8731811 0.480938 0.07907873 0.8731811 -0.480938 -0.07907873 0 0 0 -0.8768583 0.4730759 0.08554932 0.8768583 -0.4730759 -0.08554932 0 0 0 -0.8726902 0.4828645 0.07248232 0.8726902 -0.4828645 -0.07248232 0 0 0 -0.8647583 0.499754 0.04938544 -0.8647583 0.499754 0.04938544 -0.8647583 0.499754 0.04938544 -0.8647993 0.4996691 0.04952839 0.8647993 -0.4996691 -0.04952839 0.8647583 -0.499754 -0.04938544 0.8647583 -0.499754 -0.04938544 0.8647583 -0.499754 -0.04938544 0 0 0 0 0 0 0 0 0 0 0 0 -0.8653373 0.4985443 0.05142821 0.8653373 -0.4985443 -0.05142821 0 0 0 -0.8658659 0.4974074 0.05349847 0.8658659 -0.4974074 -0.05349847 0 0 0 -0.8664995 0.496 0.05623792 0.8664995 -0.496 -0.05623792 0 0 0 -0.8672064 0.4943636 0.05964669 0.8672064 -0.4943636 -0.05964669 0 0 0 -0.8679538 0.4925407 0.06371697 0.8679538 -0.4925407 -0.06371697 0 0 0 -0.8687085 0.4905736 0.06843292 0.8687085 -0.4905736 -0.06843292 0 0 0 -0.8694373 0.4885045 0.07377065 0.8694373 -0.4885045 -0.07377065 0 0 0</float_array>
                    <technique_common>
                        <accessor count="151" source="#ID185" stride="3">
                            <param name="X" type="float" />
                            <param name="Y" type="float" />
                            <param name="Z" type="float" />
                        </accessor>
                    </technique_common>
                </source>
                <source id="ID182">
                    <Name_array id="ID186" count="0" />
                    <technique_common>
                        <accessor count="0" source="#ID186" stride="1">
                            <param name="skp_material" type="Name" />
                        </accessor>
                    </technique_common>
                </source>
                <vertices id="ID183">
                    <input semantic="POSITION" source="#ID180" />
                    <input semantic="NORMAL" source="#ID181" />
                </vertices>
                <triangles count="94" material="Material2">
                    <input offset="0" semantic="VERTEX" source="#ID183" />
                    <p>0 1 2 3 4 5 9 1 0 5 4 10 12 9 0 5 10 13 15 9 12 13 10 16 15 12 18 19 13 16 21 15 18 19 16 22 24 25 26 27 28 29 24 26 31 32 27 29 34 24 31 32 29 35 34 31 37 38 32 35 37 31 40 41 32 38 43 34 37 38 35 44 31 46 40 41 47 32 46 49 40 41 50 47 46 52 49 50 53 47 52 55 49 50 56 53 52 58 56 55 59 53 61 55 59 58 56 62 58 64 61 62 65 59 58 67 64 65 68 59 61 64 70 71 65 62 67 73 64 65 74 68 61 70 76 77 71 62 67 79 73 74 80 68 76 70 82 83 71 77 79 85 73 74 86 80 88 76 82 83 77 89 79 91 85 86 92 80 94 88 82 83 89 95 97 88 94 95 89 98 97 94 100 101 95 98 103 97 100 101 98 104 106 97 103 104 98 107 106 103 109 110 104 107 112 106 109 110 107 113 115 106 112 113 107 116 118 115 112 115 118 119 115 119 120 115 120 121 122 123 116 123 124 116 124 125 116 113 116 125 115 121 130 131 122 116 115 130 133 134 131 116 115 133 136 137 134 116 115 136 139 140 137 116 115 139 142 143 140 116 115 142 145 146 143 116 115 145 148 149 146 116</p>
                </triangles>
                <lines count="91" material="Material3">
                    <input offset="0" semantic="VERTEX" source="#ID183" />
                    <p>6 7 7 8 6 8 8 11 7 11 14 11 7 14 11 17 14 17 20 17 14 20 17 23 20 30 30 23 33 23 30 33 23 36 36 33 39 33 39 36 42 33 39 42 36 45 45 39 33 48 42 48 51 48 42 51 48 54 51 54 57 54 51 57 57 60 54 60 63 60 57 63 66 60 66 63 60 69 66 69 72 63 66 72 75 69 75 66 63 78 72 78 69 81 75 81 84 78 72 84 87 81 87 75 78 90 84 90 93 87 81 93 96 90 84 96 90 99 96 99 102 99 96 102 105 99 102 105 99 108 105 108 111 108 105 111 114 108 111 114 108 117 114 117 126 127 127 128 128 117 114 129 129 126 132 117 128 132 135 117 132 135 138 117 135 138 141 117 138 141 144 117 141 144 147 117 144 147 150 117 147 150</p>
                </lines>
                <lines count="1" material="Material4">
                    <input offset="0" semantic="VERTEX" source="#ID183" />
                    <p>20 23</p>
                </lines>
            </mesh>
        </geometry>
        <geometry id="ID187">
            <mesh>
                <source id="ID188">
                    <float_array id="ID192" count="453">26.32799 17.96017 2.630176 25.73566 18.00689 1.197918 25.09462 17.95478 -0.08681382 25.09462 17.95478 -0.08681382 25.73566 18.00689 1.197918 26.32799 17.96017 2.630176 25.09462 17.95478 -0.08681382 26.32799 17.96017 2.630176 25.73566 18.00689 1.197918 26.48406 18.04286 2.572233 26.48406 18.04286 2.572233 26.48406 18.04286 2.572233 27.21487 17.9268 4.32006 27.21487 17.9268 4.32006 27.21487 17.9268 4.32006 27.23641 17.68566 5.348568 27.23641 17.68566 5.348568 27.23641 17.68566 5.348568 27.62748 17.70635 5.825739 27.62748 17.70635 5.825739 27.62748 17.70635 5.825739 27.34687 17.61018 5.82586 27.34687 17.61018 5.82586 27.34687 17.61018 5.82586 27.85678 17.22921 8.074644 27.62748 17.70635 5.825739 27.34687 17.61018 5.82586 27.34687 17.61018 5.82586 27.62748 17.70635 5.825739 27.85678 17.22921 8.074644 27.85678 17.22921 8.074644 27.84631 17.57809 6.634029 27.84631 17.57809 6.634029 27.84631 17.57809 6.634029 28.32885 16.97416 9.624265 28.32885 16.97416 9.624265 28.32885 16.97416 9.624265 28.23453 16.66673 10.81931 28.23453 16.66673 10.81931 28.23453 16.66673 10.81931 28.64009 16.14499 13.32648 28.64009 16.14499 13.32648 28.64009 16.14499 13.32648 28.42009 16.05345 13.59598 28.42009 16.05345 13.59598 28.42009 16.05345 13.59598 28.78651 15.15406 17.70941 28.78651 15.15406 17.70941 28.78651 15.15406 17.70941 28.46571 15.42604 16.41879 28.46571 15.42604 16.41879 28.46571 15.42604 16.41879 28.42247 14.8049 19.3011 28.42247 14.8049 19.3011 28.42247 14.8049 19.3011 28.80656 14.06916 22.68256 28.80656 14.06916 22.68256 28.80656 14.06916 22.68256 28.33773 14.19657 22.25393 28.33773 14.19657 22.25393 28.33773 14.19657 22.25393 28.2527 13.59637 25.28438 28.2527 13.59637 25.28438 28.2527 13.59637 25.28438 28.76795 12.93274 28.10492 28.76795 12.93274 28.10492 28.76795 12.93274 28.10492 28.20037 12.99119 28.39404 28.20037 12.99119 28.39404 28.20037 12.99119 28.39404 28.75459 11.744 33.79505 28.75459 11.744 33.79505 28.75459 11.744 33.79505 28.20377 12.36277 31.57733 28.20377 12.36277 31.57733 28.20377 12.36277 31.57733 28.27486 11.69139 34.81971 28.27486 11.69139 34.81971 28.27486 11.69139 34.81971 28.84598 10.46075 39.5415 28.84598 10.46075 39.5415 28.84598 10.46075 39.5415 28.41431 10.96001 38.09593 28.41431 10.96001 38.09593 28.41431 10.96001 38.09593 28.61263 10.15832 41.36804 28.61263 10.15832 41.36804 28.61263 10.15832 41.36804 29.09925 9.020352 45.11257 29.09925 9.020352 45.11257 29.09925 9.020352 45.11257 28.85294 9.286446 44.5833 28.85294 9.286446 44.5833 28.85294 9.286446 44.5833 29.11544 8.357607 47.67186 29.11544 8.357607 47.67186 29.11544 8.357607 47.67186 29.54632 7.369482 50.26457 29.54632 7.369482 50.26457 29.54632 7.369482 50.26457 29.38334 7.399377 50.54423 29.38334 7.399377 50.54423 29.38334 7.399377 50.54423 30.21332 5.488951 54.74779 30.21332 5.488951 54.74779 30.21332 5.488951 54.74779 29.64919 6.453521 53.08858 29.64919 6.453521 53.08858 29.64919 6.453521 53.08858 29.92003 5.574961 55.16824 29.92003 5.574961 55.16824 29.92003 5.574961 55.16824 31.15785 3.405799 58.30974 31.15785 3.405799 58.30974 31.15785 3.405799 58.30974 30.21902 4.831047 56.61929 30.21902 4.831047 56.61929 30.21902 4.831047 56.61929 30.36268 4.517587 57.15755 30.36268 4.517587 57.15755 30.36268 4.517587 57.15755 30.2594 4.731167 56.80527 30.30735 4.626566 56.9849 30.30735 4.626566 56.9849 30.2594 4.731167 56.80527 30.2594 4.731167 56.80527 30.30735 4.626566 56.9849 30.4252 4.404596 57.32264 30.4252 4.404596 57.32264 30.4252 4.404596 57.32264 30.49471 4.287976 57.47962 30.49471 4.287976 57.47962 30.49471 4.287976 57.47962 30.57098 4.16813 57.62793 30.57098 4.16813 57.62793 30.57098 4.16813 57.62793 30.65381 4.045478 57.76708 30.65381 4.045478 57.76708 30.65381 4.045478 57.76708 30.74296 3.920456 57.89659 30.74296 3.920456 57.89659 30.74296 3.920456 57.89659 30.83819 3.793511 58.016 30.83819 3.793511 58.016 30.83819 3.793511 58.016 30.93925 3.665105 58.12491 30.93925 3.665105 58.12491 30.93925 3.665105 58.12491 31.04589 3.535708 58.22294 31.04589 3.535708 58.22294 31.04589 3.535708 58.22294</float_array>
                    <technique_common>
                        <accessor count="151" source="#ID192" stride="3">
                            <param name="X" type="float" />
                            <param name="Y" type="float" />
                            <param name="Z" type="float" />
                        </accessor>
                    </technique_common>
                </source>
                <source id="ID189">
                    <float_array id="ID193" count="453">-0.3990892 0.8925101 0.2101272 -0.6168711 0.7359092 0.2791196 -0.6243027 0.7285253 0.2819522 0.6243027 -0.7285253 -0.2819522 0.6168711 -0.7359092 -0.2791196 0.3990892 -0.8925101 -0.2101272 0 0 0 0 0 0 0 0 0 -0.3958631 0.8940601 0.2096399 0.3958631 -0.8940601 -0.2096399 0 0 0 -0.3774976 0.8997367 0.2190191 0.3774976 -0.8997367 -0.2190191 0 0 0 -0.3259988 0.9190053 0.2217073 0.3259988 -0.9190053 -0.2217073 0 0 0 -0.3175824 0.9222842 0.2203027 0.3175824 -0.9222842 -0.2203027 0 0 0 -0.3162363 0.9230169 0.2191677 0.3162363 -0.9230169 -0.2191677 0 0 0 -0.2490781 0.9409016 0.2294868 -0.3135606 0.9218975 0.2275627 -0.315605 0.9211854 0.2276201 0.315605 -0.9211854 -0.2276201 0.3135606 -0.9218975 -0.2275627 0.2490781 -0.9409016 -0.2294868 0 0 0 -0.2917806 0.9291263 0.2271306 0.2917806 -0.9291263 -0.2271306 0 0 0 -0.2277729 0.947125 0.2259948 0.2277729 -0.947125 -0.2259948 0 0 0 -0.1951884 0.953552 0.229434 0.1951884 -0.953552 -0.229434 0 0 0 -0.1314136 0.966042 0.2224708 0.1314136 -0.966042 -0.2224708 0 0 0 -0.127558 0.9665466 0.2225233 0.127558 -0.9665466 -0.2225233 0 0 0 -0.02024211 0.9772394 0.2111715 0.02024211 -0.9772394 -0.2111715 0 0 0 -0.04591831 0.9751129 0.2169018 0.04591831 -0.9751129 -0.2169018 0 0 0 -0.002203098 0.9771418 0.2125772 0.002203098 -0.9771418 -0.2125772 0 0 0 0.0845992 0.9763975 0.1987231 -0.0845992 -0.9763975 -0.1987231 0 0 0 0.08121936 0.9761491 0.2013363 -0.08121936 -0.9761491 -0.2013363 0 0 0 0.1328903 0.9701315 0.2029409 -0.1328903 -0.9701315 -0.2029409 0 0 0 0.1941033 0.9613993 0.1950263 -0.1941033 -0.9613993 -0.1950263 0 0 0 0.2028601 0.9592696 0.196595 -0.2028601 -0.9592696 -0.196595 0 0 0 0.2994636 0.9350521 0.1897343 -0.2994636 -0.9350521 -0.1897343 0 0 0 0.3072251 0.9336419 0.1841891 -0.3072251 -0.9336419 -0.1841891 0 0 0 0.3258275 0.9243957 0.1983156 -0.3258275 -0.9243957 -0.1983156 0 0 0 0.3865155 0.9008683 0.1975906 -0.3865155 -0.9008683 -0.1975906 0 0 0 0.4203055 0.8890367 0.1815405 -0.4203055 -0.8890367 -0.1815405 0 0 0 0.4587647 0.865372 0.2016586 -0.4587647 -0.865372 -0.2016586 0 0 0 0.466259 0.8577985 0.2162968 -0.466259 -0.8577985 -0.2162968 0 0 0 0.4957123 0.8463538 0.1948194 -0.4957123 -0.8463538 -0.1948194 0 0 0 0.5901178 0.7823487 0.1992272 -0.5901178 -0.7823487 -0.1992272 0 0 0 0.5427056 0.8083744 0.2280383 -0.5427056 -0.8083744 -0.2280383 0 0 0 0.5612443 0.7923774 0.2390456 -0.5612443 -0.7923774 -0.2390456 0 0 0 0.5957823 0.761397 0.255574 -0.5957823 -0.761397 -0.255574 0 0 0 0.6465685 0.7342323 0.2070074 -0.6465685 -0.7342323 -0.2070074 0 0 0 0.6061694 0.7504246 0.2634798 -0.6061694 -0.7504246 -0.2634798 0 0 0 0.6431426 0.723405 0.2511031 -0.6431426 -0.723405 -0.2511031 0 0 0 0.6678505 0.7088983 0.2268014 -0.6678505 -0.7088983 -0.2268014 0 0 0 0.650038 0.719189 0.2453933 -0.650038 -0.719189 -0.2453933 0 0 0 0.6533128 0.7169776 0.2431572 0.6533128 0.7169776 0.2431572 -0.6533128 -0.7169776 -0.2431572 -0.6533128 -0.7169776 -0.2431572 0 0 0 0 0 0 0.6484189 0.7200072 0.2472701 -0.6484189 -0.7200072 -0.2472701 0 0 0 0.6470711 0.7206486 0.2489267 -0.6470711 -0.7206486 -0.2489267 0 0 0 0.6454529 0.7213792 0.2510033 -0.6454529 -0.7213792 -0.2510033 0 0 0 0.6435971 0.7221675 0.2534895 -0.6435971 -0.7221675 -0.2534895 0 0 0 0.6415381 0.7229825 0.2563694 -0.6415381 -0.7229825 -0.2563694 0 0 0 0.6393109 0.7237941 0.2596221 -0.6393109 -0.7237941 -0.2596221 0 0 0 0.6369511 0.7245738 0.2632225 -0.6369511 -0.7245738 -0.2632225 0 0 0 0.6344937 0.7252953 0.2671413 -0.6344937 -0.7252953 -0.2671413 0 0 0</float_array>
                    <technique_common>
                        <accessor count="151" source="#ID193" stride="3">
                            <param name="X" type="float" />
                            <param name="Y" type="float" />
                            <param name="Z" type="float" />
                        </accessor>
                    </technique_common>
                </source>
                <source id="ID190">
                    <Name_array id="ID194" count="0" />
                    <technique_common>
                        <accessor count="0" source="#ID194" stride="1">
                            <param name="skp_material" type="Name" />
                        </accessor>
                    </technique_common>
                </source>
                <vertices id="ID191">
                    <input semantic="POSITION" source="#ID188" />
                    <input semantic="NORMAL" source="#ID189" />
                </vertices>
                <triangles count="94" material="Material2">
                    <input offset="0" semantic="VERTEX" source="#ID191" />
                    <p>0 1 2 3 4 5 0 9 1 4 10 5 12 9 0 5 10 13 15 12 0 5 13 16 18 12 15 16 13 19 21 18 15 16 19 22 24 25 26 27 28 29 24 31 25 28 32 29 34 31 24 29 32 35 37 34 24 29 35 38 40 34 37 38 35 41 43 40 37 38 41 44 46 40 43 44 41 47 46 43 49 50 44 47 52 46 49 50 47 53 55 46 52 53 47 56 55 52 58 59 53 56 61 55 58 59 56 62 64 55 61 62 56 65 67 64 61 62 65 68 70 64 67 68 65 71 70 67 73 74 68 71 76 70 73 74 71 77 79 70 76 77 71 80 79 76 82 83 77 80 85 79 82 83 80 86 88 79 85 86 80 89 88 85 91 92 86 89 94 88 91 92 89 95 97 88 94 95 89 98 100 97 94 95 98 101 103 97 100 101 98 104 103 100 106 107 101 104 109 103 106 107 104 110 112 103 109 110 104 113 112 109 115 116 110 113 112 115 118 119 116 113 121 118 115 118 121 122 123 124 119 116 119 124 112 118 127 128 119 113 112 127 130 131 128 113 112 130 133 134 131 113 112 133 136 137 134 113 112 136 139 140 137 113 112 139 142 143 140 113 112 142 145 146 143 113 112 145 148 149 146 113</p>
                </triangles>
                <lines count="93" material="Material3">
                    <input offset="0" semantic="VERTEX" source="#ID191" />
                    <p>6 7 7 8 6 8 8 11 7 11 11 14 7 14 17 14 7 17 14 20 17 20 17 23 23 30 30 20 20 33 30 33 33 36 30 36 39 36 30 39 36 42 39 42 39 45 45 42 42 48 45 48 51 48 45 51 54 48 51 54 48 57 54 57 60 57 54 60 63 57 60 63 57 66 63 66 69 66 63 69 66 72 69 72 75 72 69 75 78 72 75 78 72 81 78 81 84 81 78 84 87 81 84 87 81 90 87 90 93 90 87 93 96 90 93 96 90 99 96 99 102 99 96 102 99 105 102 105 108 105 102 108 111 105 108 111 105 114 111 114 117 114 111 117 117 120 120 114 117 125 125 126 126 120 129 114 120 129 132 114 129 132 135 114 132 135 138 114 135 138 141 114 138 141 144 114 141 144 147 114 144 147 150 114 147 150</p>
                </lines>
                <lines count="1" material="Material4">
                    <input offset="0" semantic="VERTEX" source="#ID191" />
                    <p>23 20</p>
                </lines>
            </mesh>
        </geometry>
        <geometry id="ID195">
            <mesh>
                <source id="ID196">
                    <float_array id="ID200" count="453">27.5739 13.90427 2.683695 27.05551 14.19864 1.243542 26.45825 14.44116 -0.04740273 26.45825 14.44116 -0.04740273 27.05551 14.19864 1.243542 27.5739 13.90427 2.683695 26.45825 14.44116 -0.04740273 27.5739 13.90427 2.683695 27.05551 14.19864 1.243542 27.74523 13.89242 2.626298 27.74523 13.89242 2.626298 27.74523 13.89242 2.626298 28.36478 13.4819 4.386144 28.36478 13.4819 4.386144 28.36478 13.4819 4.386144 28.29666 13.30184 5.419528 28.29666 13.30184 5.419528 28.29666 13.30184 5.419528 28.65855 13.13782 5.902284 28.65855 13.13782 5.902284 28.65855 13.13782 5.902284 28.3693 13.19809 5.899911 28.3693 13.19809 5.899911 28.3693 13.19809 5.899911 28.69262 12.69328 8.164272 28.65855 13.13782 5.902284 28.3693 13.19809 5.899911 28.3693 13.19809 5.899911 28.65855 13.13782 5.902284 28.69262 12.69328 8.164272 28.69262 12.69328 8.164272 28.81021 12.94628 6.716617 28.81021 12.94628 6.716617 28.81021 12.94628 6.716617 29.02702 12.2919 9.727412 29.02702 12.2919 9.727412 29.02702 12.2919 9.727412 28.82906 12.11586 10.92672 28.82906 12.11586 10.92672 28.82906 12.11586 10.92672 29.00386 11.54993 13.45227 29.00386 11.54993 13.45227 29.00386 11.54993 13.45227 28.77135 11.5878 13.71883 28.77135 11.5878 13.71883 28.77135 11.5878 13.71883 28.76772 10.76046 17.85735 28.76772 10.76046 17.85735 28.76772 10.76046 17.85735 28.58028 11.11176 16.5542 28.58028 11.11176 16.5542 28.58028 11.11176 16.5542 28.30982 10.67815 19.44641 28.30982 10.67815 19.44641 28.30982 10.67815 19.44641 28.37624 9.948948 22.85042 28.37624 9.948948 22.85042 28.37624 9.948948 22.85042 28.00528 10.26841 22.40729 28.00528 10.26841 22.40729 28.00528 10.26841 22.40729 27.70168 9.85825 25.44507 27.70168 9.85825 25.44507 27.70168 9.85825 25.44507 27.90306 9.106552 28.29082 27.90306 9.106552 28.29082 27.90306 9.106552 28.29082 27.42268 9.420883 28.5626 27.42268 9.420883 28.5626 27.42268 9.420883 28.5626 27.4165 8.185065 33.99956 27.4165 8.185065 33.99956 27.4165 8.185065 33.99956 27.18 8.930435 31.75541 27.18 8.930435 31.75541 27.18 8.930435 31.75541 26.97373 8.365375 35.00989 26.97373 8.365375 35.00989 26.97373 8.365375 35.00989 26.95866 7.110311 39.76882 26.95866 7.110311 39.76882 26.95866 7.110311 39.76882 26.79393 7.711771 38.30129 26.79393 7.711771 38.30129 26.79393 7.711771 38.30129 26.62363 6.965971 41.59177 26.62363 6.965971 41.59177 26.62363 6.965971 41.59177 26.53625 5.807486 45.37039 26.53625 5.807486 45.37039 26.53625 5.807486 45.37039 26.44361 6.136243 44.82815 26.44361 6.136243 44.82815 26.44361 6.136243 44.82815 26.23865 5.242996 47.93968 26.23865 5.242996 47.93968 26.23865 5.242996 47.93968 26.13295 4.225027 50.56316 26.13295 4.225027 50.56316 26.13295 4.225027 50.56316 26.0047 4.317499 50.83567 26.0047 4.317499 50.83567 26.0047 4.317499 50.83567 25.74472 2.344944 55.09948 25.74472 2.344944 55.09948 25.74472 2.344944 55.09948 25.75595 3.399518 53.40327 25.75595 3.399518 53.40327 25.75595 3.399518 53.40327 25.53012 2.534865 55.50536 25.53012 2.534865 55.50536 25.53012 2.534865 55.50536 25.4292 0.1772416 58.73086 25.4292 0.1772416 58.73086 25.4292 0.1772416 58.73086 25.39006 1.774446 56.97854 25.39006 1.774446 56.97854 25.39006 1.774446 56.97854 25.34361 1.446997 57.52704 25.34361 1.446997 57.52704 25.34361 1.446997 57.52704 25.35504 1.562908 57.35057 25.35504 1.562908 57.35057 25.35504 1.562908 57.35057 25.33625 1.324851 57.69637 25.33625 1.324851 57.69637 25.33625 1.324851 57.69637 25.37053 1.672184 57.16753 25.37053 1.672184 57.16753 25.37053 1.672184 57.16753 25.33302 1.196892 57.85796 25.33302 1.196892 57.85796 25.33302 1.196892 57.85796 25.33393 1.063557 58.01129 25.33393 1.063557 58.01129 25.33393 1.063557 58.01129 25.33904 0.9253035 58.15583 25.33904 0.9253035 58.15583 25.33904 0.9253035 58.15583 25.34839 0.7826038 58.2911 25.34839 0.7826038 58.2911 25.34839 0.7826038 58.2911 25.36203 0.6359437 58.41665 25.36203 0.6359437 58.41665 25.36203 0.6359437 58.41665 25.38001 0.485822 58.53204 25.38001 0.485822 58.53204 25.38001 0.485822 58.53204 25.40239 0.3327483 58.6369 25.40239 0.3327483 58.6369 25.40239 0.3327483 58.6369</float_array>
                    <technique_common>
                        <accessor count="151" source="#ID200" stride="3">
                            <param name="X" type="float" />
                            <param name="Y" type="float" />
                            <param name="Z" type="float" />
                        </accessor>
                    </technique_common>
                </source>
                <source id="ID197">
                    <float_array id="ID201" count="453">0.1212531 0.9778417 0.1706557 -0.1442456 0.9580257 0.2477498 -0.1540046 0.9557128 0.2507899 0.1540046 -0.9557128 -0.2507899 0.1442456 -0.9580257 -0.2477498 -0.1212531 -0.9778417 -0.1706557 0 0 0 0 0 0 0 0 0 0.1246658 0.9774634 0.1703637 -0.1246658 -0.9774634 -0.1703637 0 0 0 0.1405845 0.9737422 0.1790589 -0.1405845 -0.9737422 -0.1790589 0 0 0 0.1902794 0.9650422 0.1802422 -0.1902794 -0.9650422 -0.1802422 0 0 0 0.1981008 0.9637123 0.1789262 -0.1981008 -0.9637123 -0.1789262 0 0 0 0.199328 0.9636345 0.1779799 -0.199328 -0.9636345 -0.1779799 0 0 0 0.2596884 0.9474963 0.1865817 0.2006107 0.9618511 0.1860051 0.1989577 0.9621771 0.186094 -0.1989577 -0.9621771 -0.186094 -0.2006107 -0.9618511 -0.1860051 -0.2596884 -0.9474963 -0.1865817 0 0 0 0.2189786 0.9579899 0.1852124 -0.2189786 -0.9579899 -0.1852124 0 0 0 0.2752876 0.9435611 0.1841442 -0.2752876 -0.9435611 -0.1841442 0 0 0 0.3069 0.9331377 0.1872602 -0.3069 -0.9331377 -0.1872602 0 0 0 0.3559315 0.9167179 0.1814967 -0.3559315 -0.9167179 -0.1814967 0 0 0 0.3601061 0.9148777 0.1825442 -0.3601061 -0.9148777 -0.1825442 0 0 0 0.4422752 0.8798345 0.1740228 -0.4422752 -0.8798345 -0.1740228 0 0 0 0.4282186 0.8861138 0.1772884 -0.4282186 -0.8861138 -0.1772884 0 0 0 0.4610968 0.8695486 0.1768472 -0.4610968 -0.8695486 -0.1768472 0 0 0 0.5224216 0.8361477 0.1671305 -0.5224216 -0.8361477 -0.1671305 0 0 0 0.5201483 0.8373452 0.1682223 -0.5201483 -0.8373452 -0.1682223 0 0 0 0.5613904 0.8092781 0.1729445 -0.5613904 -0.8092781 -0.1729445 0 0 0 0.6021998 0.7802489 0.1690177 -0.6021998 -0.7802489 -0.1690177 0 0 0 0.6085897 0.7747367 0.1714694 -0.6085897 -0.7747367 -0.1714694 0 0 0 0.6775502 0.7155388 0.1700882 -0.6775502 -0.7155388 -0.1700882 0 0 0 0.6911267 0.7045343 0.1611686 -0.6911267 -0.7045343 -0.1611686 0 0 0 0.6987508 0.6920863 0.1810079 -0.6987508 -0.6920863 -0.1810079 0 0 0 0.7375481 0.6493019 0.1855528 -0.7375481 -0.6493019 -0.1855528 0 0 0 0.7711803 0.6147581 0.1653887 -0.7711803 -0.6147581 -0.1653887 0 0 0 0.7979433 0.5714356 0.1916974 -0.7979433 -0.5714356 -0.1916974 0 0 0 0.7918793 0.5719877 0.2139092 -0.7918793 -0.5719877 -0.2139092 0 0 0 0.8210807 0.5393985 0.1867505 -0.8210807 -0.5393985 -0.1867505 0 0 0 0.8918055 0.4089017 0.1936036 -0.8918055 -0.4089017 -0.1936036 0 0 0 0.8456818 0.480339 0.2325869 -0.8456818 -0.480339 -0.2325869 0 0 0 0.8585316 0.4489091 0.2477985 -0.8585316 -0.4489091 -0.2477985 0 0 0 0.8763577 0.3977045 0.2717137 -0.8763577 -0.3977045 -0.2717137 0 0 0 0.9235714 0.3228502 0.2068418 -0.9235714 -0.3228502 -0.2068418 0 0 0 0.882251 0.3758873 0.2834465 -0.882251 -0.3758873 -0.2834465 0 0 0 0.908588 0.3194762 0.2690775 -0.908588 -0.3194762 -0.2690775 0 0 0 0.931038 0.279801 0.2342639 -0.931038 -0.279801 -0.2342639 0 0 0 0.9133131 0.3109101 0.2630479 -0.9133131 -0.3109101 -0.2630479 0 0 0 0.9163894 0.3047456 0.2595392 -0.9163894 -0.3047456 -0.2595392 0 0 0 0.9117149 0.3133455 0.2656887 -0.9117149 -0.3133455 -0.2656887 0 0 0 0.9157359 0.3061017 0.2602488 -0.9157359 -0.3061017 -0.2602488 0 0 0 0.9104035 0.3152481 0.2679257 -0.9104035 -0.3152481 -0.2679257 0 0 0 0.9088107 0.3174656 0.2707004 -0.9088107 -0.3174656 -0.2707004 0 0 0 0.9069542 0.3199362 0.273998 -0.9069542 -0.3199362 -0.273998 0 0 0 0.9048537 0.322597 0.2777966 -0.9048537 -0.322597 -0.2777966 0 0 0 0.9025313 0.3253849 0.2820673 -0.9025313 -0.3253849 -0.2820673 0 0 0 0.9000109 0.3282383 0.2867751 -0.9000109 -0.3282383 -0.2867751 0 0 0 0.8973184 0.331098 0.2918798 -0.8973184 -0.331098 -0.2918798 0 0 0</float_array>
                    <technique_common>
                        <accessor count="151" source="#ID201" stride="3">
                            <param name="X" type="float" />
                            <param name="Y" type="float" />
                            <param name="Z" type="float" />
                        </accessor>
                    </technique_common>
                </source>
                <source id="ID198">
                    <Name_array id="ID202" count="0" />
                    <technique_common>
                        <accessor count="0" source="#ID202" stride="1">
                            <param name="skp_material" type="Name" />
                        </accessor>
                    </technique_common>
                </source>
                <vertices id="ID199">
                    <input semantic="POSITION" source="#ID196" />
                    <input semantic="NORMAL" source="#ID197" />
                </vertices>
                <triangles count="94" material="Material2">
                    <input offset="0" semantic="VERTEX" source="#ID199" />
                    <p>0 1 2 3 4 5 0 9 1 4 10 5 12 9 0 5 10 13 15 12 0 5 13 16 18 12 15 16 13 19 18 15 21 22 16 19 24 25 26 27 28 29 24 31 25 28 32 29 34 31 24 29 32 35 37 34 24 29 35 38 40 34 37 38 35 41 43 40 37 38 41 44 46 40 43 44 41 47 46 43 49 50 44 47 52 46 49 50 47 53 55 46 52 53 47 56 55 52 58 59 53 56 61 55 58 59 56 62 64 55 61 62 56 65 67 64 61 62 65 68 70 64 67 68 65 71 70 67 73 74 68 71 76 70 73 74 71 77 76 79 70 71 80 77 76 82 79 80 83 77 82 85 79 80 86 83 79 85 88 89 86 80 85 91 88 89 92 86 91 94 88 89 95 92 88 94 97 98 95 89 94 100 97 98 101 95 100 103 97 98 104 101 100 106 103 104 107 101 106 109 103 104 110 107 109 112 103 104 113 110 109 115 112 113 116 110 115 118 112 113 119 116 115 121 118 119 122 116 118 124 112 113 125 119 115 127 121 122 128 116 124 130 112 113 131 125 130 133 112 113 134 131 133 136 112 113 137 134 136 139 112 113 140 137 139 142 112 113 143 140 142 145 112 113 146 143 145 148 112 113 149 146</p>
                </triangles>
                <lines count="94" material="Material3">
                    <input offset="0" semantic="VERTEX" source="#ID199" />
                    <p>6 7 7 8 6 8 8 11 7 11 11 14 7 14 17 14 7 17 14 20 17 20 17 23 23 30 30 20 20 33 30 33 33 36 30 36 39 36 30 39 36 42 39 42 45 42 39 45 42 48 45 48 51 48 45 51 54 48 51 54 48 57 54 57 60 57 54 60 63 57 60 63 57 66 63 66 69 66 63 69 66 72 69 72 75 72 69 75 78 72 75 78 72 81 78 81 84 81 78 84 87 81 84 87 81 90 87 90 93 90 87 93 96 90 93 96 90 99 96 99 102 99 96 102 99 105 102 105 108 105 102 108 111 105 108 111 105 114 111 114 117 114 111 117 117 120 120 114 123 120 117 123 120 126 126 114 129 123 117 129 132 114 126 132 135 114 132 135 138 114 135 138 141 114 138 141 144 114 141 144 147 114 144 147 150 114 147 150</p>
                </lines>
                <lines count="1" material="Material4">
                    <input offset="0" semantic="VERTEX" source="#ID199" />
                    <p>23 20</p>
                </lines>
            </mesh>
        </geometry>
        <geometry id="ID203">
            <mesh>
                <source id="ID204">
                    <float_array id="ID208" count="453">26.06267 15.11704 4.345333 26.20016 14.95774 5.853644 26.07841 14.64701 5.859562 26.07841 14.64701 5.859562 26.20016 14.95774 5.853644 26.06267 15.11704 4.345333 26.06267 15.11704 4.345333 26.07841 14.64701 5.859562 26.20016 14.95774 5.853644 26.18692 15.08725 5.374185 26.18692 15.08725 5.374185 26.18692 15.08725 5.374185 26.20016 14.95774 5.853644 26.2359 14.35519 8.113324 26.07841 14.64701 5.859562 26.07841 14.64701 5.859562 26.2359 14.35519 8.113324 26.20016 14.95774 5.853644 26.2359 14.35519 8.113324 26.10637 15.96429 2.585165 26.10637 15.96429 2.585165 26.10637 15.96429 2.585165 26.33445 13.85529 10.86651 26.33445 13.85529 10.86651 26.33445 13.85529 10.86651 26.17334 16.15065 2.640995 26.17334 16.15065 2.640995 26.17334 16.15065 2.640995 26.07721 14.39823 6.672791 26.07721 14.39823 6.672791 26.07721 14.39823 6.672791 26.16575 16.86194 1.202455 26.16575 16.86194 1.202455 26.16575 16.86194 1.202455 26.54755 12.81201 17.76828 26.54755 12.81201 17.76828 26.54755 12.81201 17.76828 26.16584 17.65342 -0.08577778 26.16584 17.65342 -0.08577778 26.16584 17.65342 -0.08577778 26.48279 13.4995 13.64691 26.48279 13.4995 13.64691 26.48279 13.4995 13.64691 26.33621 13.31504 13.38344 26.33621 13.31504 13.38344 26.33621 13.31504 13.38344 26.73317 12.21587 22.74004 26.73317 12.21587 22.74004 26.73317 12.21587 22.74004 26.16915 13.81475 9.674387 26.16915 13.81475 9.674387 26.16915 13.81475 9.674387 26.66891 13.21273 16.46983 26.66891 13.21273 16.46983 26.66891 13.21273 16.46983 26.77959 11.4703 28.1602 26.77959 11.4703 28.1602 26.77959 11.4703 28.1602 26.87047 12.93421 19.35028 26.87047 12.93421 19.35028 26.87047 12.93421 19.35028 26.47606 10.03418 38.14247 26.47606 10.03418 38.14247 26.47606 10.03418 38.14247 27.05701 12.6187 22.30091 27.05701 12.6187 22.30091 27.05701 12.6187 22.30091 26.5405 10.58056 33.84732 26.5405 10.58056 33.84732 26.5405 10.58056 33.84732 26.90884 10.6524 34.86817 26.90884 10.6524 34.86817 26.90884 10.6524 34.86817 25.84448 9.424838 41.4056 25.84448 9.424838 41.4056 25.84448 9.424838 41.4056 27.19238 12.23727 25.33007 27.19238 12.23727 25.33007 27.19238 12.23727 25.33007 25.86463 9.62083 39.58317 25.86463 9.62083 39.58317 25.86463 9.62083 39.58317 27.15439 11.2433 31.62466 27.15439 11.2433 31.62466 27.15439 11.2433 31.62466 25.01967 8.862068 44.6001 25.01967 8.862068 44.6001 25.01967 8.862068 44.6001 27.23763 11.77759 28.43996 27.23763 11.77759 28.43996 27.23763 11.77759 28.43996 24.63316 8.715067 45.11915 24.63316 8.715067 45.11915 24.63316 8.715067 45.11915 24.02701 8.379109 47.65173 24.02701 8.379109 47.65173 24.02701 8.379109 47.65173 22.91246 7.999236 50.4685 22.91246 7.999236 50.4685 22.91246 7.999236 50.4685 22.7916 7.997249 50.18537 22.7916 7.997249 50.18537 22.7916 7.997249 50.18537 21.74132 7.731589 52.9397 21.74132 7.731589 52.9397 21.74132 7.731589 52.9397 20.59546 7.569203 54.93481 20.59546 7.569203 54.93481 20.59546 7.569203 54.93481 20.36129 7.565638 54.50371 20.36129 7.565638 54.50371 20.36129 7.565638 54.50371 19.57018 7.489931 56.30179 19.57018 7.489931 56.30179 19.57018 7.489931 56.30179 19.4311 7.482707 56.47569 19.4311 7.482707 56.47569 19.4311 7.482707 56.47569 19.28286 7.476066 56.64242 19.28286 7.476066 56.64242 19.28286 7.476066 56.64242 19.12599 7.470067 56.80142 19.12599 7.470067 56.80142 19.12599 7.470067 56.80142 18.96105 7.464751 56.95212 18.96105 7.464751 56.95212 18.96105 7.464751 56.95212 17.42588 7.445521 57.80302 17.42588 7.445521 57.80302 17.42588 7.445521 57.80302 18.78862 7.460137 57.094 18.78862 7.460137 57.094 18.78862 7.460137 57.094 18.60931 7.456229 57.22656 18.60931 7.456229 57.22656 18.60931 7.456229 57.22656 18.42376 7.453012 57.34934 18.42376 7.453012 57.34934 18.42376 7.453012 57.34934 18.23262 7.45045 57.46192 18.23262 7.45045 57.46192 18.23262 7.45045 57.46192 18.03656 7.448495 57.5639 18.03656 7.448495 57.5639 18.03656 7.448495 57.5639 17.83629 7.447078 57.65495 17.83629 7.447078 57.65495 17.83629 7.447078 57.65495 17.63249 7.446118 57.73474 17.63249 7.446118 57.73474 17.63249 7.446118 57.73474</float_array>
                    <technique_common>
                        <accessor count="151" source="#ID208" stride="3">
                            <param name="X" type="float" />
                            <param name="Y" type="float" />
                            <param name="Z" type="float" />
                        </accessor>
                    </technique_common>
                </source>
                <source id="ID205">
                    <float_array id="ID209" count="453">0.9428373 -0.3097765 -0.1228675 0.9235096 -0.3634668 -0.122564 0.9232671 -0.3640684 -0.1226054 -0.9232671 0.3640684 0.1226054 -0.9235096 0.3634668 0.122564 -0.9428373 0.3097765 0.1228675 0 0 0 0 0 0 0 0 0 0.9280875 -0.3517212 -0.1222528 -0.9280875 0.3517212 0.1222528 0 0 0 0.924527 -0.3643558 -0.1117797 0.8347898 -0.53556 -0.1276773 0.9242288 -0.3652772 -0.111237 -0.9242288 0.3652772 0.111237 -0.8347898 0.53556 0.1276773 -0.924527 0.3643558 0.1117797 0 0 0 0.9446576 -0.2992249 -0.1344856 -0.9446576 0.2992249 0.1344856 0 0 0 0.5827865 -0.8005816 -0.1393879 -0.5827865 0.8005816 0.1393879 0 0 0 0.9457873 -0.2949152 -0.1360564 -0.9457873 0.2949152 0.1360564 0 0 0 0.936526 -0.3358347 -0.1006685 -0.936526 0.3358347 0.1006685 0 0 0 0.9980078 -0.05430413 -0.03211644 -0.9980078 0.05430413 0.03211644 0 0 0 0.903918 -0.4193112 -0.08432302 -0.903918 0.4193112 0.08432302 0 0 0 0.9986366 -0.04450848 -0.02727628 -0.9986366 0.04450848 0.02727628 0 0 0 0.7144599 -0.6882605 -0.1258753 -0.7144599 0.6882605 0.1258753 0 0 0 0.9770267 -0.2012268 -0.07018913 -0.9770267 0.2012268 0.07018913 0 0 0 0.9976118 0.06906633 0.0006962673 -0.9976118 -0.06906633 -0.0006962673 0 0 0 0.9692927 -0.234129 -0.07520151 -0.9692927 0.234129 0.07520151 0 0 0 0.7128954 -0.6914358 -0.1170326 -0.7128954 0.6914358 0.1170326 0 0 0 0.7482985 0.6530837 0.1163232 -0.7482985 -0.6530837 -0.1163232 0 0 0 0.6489561 -0.7516612 -0.1177345 -0.6489561 0.7516612 0.1177345 0 0 0 -0.3205974 0.9401231 0.1156969 0.3205974 -0.9401231 -0.1156969 0 0 0 0.4846616 -0.8659222 -0.1236201 -0.4846616 0.8659222 0.1236201 0 0 0 0.721974 -0.6876769 -0.07651183 -0.721974 0.6876769 0.07651183 0 0 0 0.259223 -0.9546631 -0.1463618 -0.259223 0.9546631 0.1463618 0 0 0 0.2745505 -0.9563183 -0.1003856 -0.2745505 0.9563183 0.1003856 0 0 0 0.47024 -0.8727527 -0.1310615 -0.47024 0.8727527 0.1310615 0 0 0 0.472317 -0.8769032 -0.08920418 -0.472317 0.8769032 0.08920418 0 0 0 0.3262516 -0.9340148 -0.1455209 -0.3262516 0.9340148 0.1455209 0 0 0 0.2299553 -0.9676735 -0.1035792 -0.2299553 0.9676735 0.1035792 0 0 0 0.436088 -0.8892916 -0.1377958 -0.436088 0.8892916 0.1377958 0 0 0 0.2698485 -0.9605684 -0.06700891 -0.2698485 0.9605684 0.06700891 0 0 0 0.02119184 -0.9917419 -0.1264869 -0.02119184 0.9917419 0.1264869 0 0 0 0.1381004 -0.9889044 -0.05473854 -0.1381004 0.9889044 0.05473854 0 0 0 0.1635527 -0.9842841 -0.06659843 -0.1635527 0.9842841 0.06659843 0 0 0 -0.07200279 -0.9898006 -0.122924 0.07200279 0.9898006 0.122924 0 0 0 0.06169257 -0.9976322 -0.03039744 -0.06169257 0.9976322 0.03039744 0 0 0 0.074565 -0.9964859 -0.03815686 -0.074565 0.9964859 0.03815686 0 0 0 0.002338298 -0.9991548 -0.04103938 -0.002338298 0.9991548 0.04103938 0 0 0 -0.005044048 -0.9990015 -0.04439211 0.005044048 0.9990015 0.04439211 0 0 0 -0.008327053 -0.9989052 -0.04603418 0.008327053 0.9989052 0.04603418 0 0 0 -0.01107435 -0.9988099 -0.04749804 0.01107435 0.9988099 0.04749804 0 0 0 -0.01480372 -0.9986524 -0.04974263 0.01480372 0.9986524 0.04974263 0 0 0 -0.01403787 -0.9987851 -0.04723573 0.01403787 0.9987851 0.04723573 0 0 0 -0.01675363 -0.9984655 -0.05278288 0.01675363 0.9984655 0.05278288 0 0 0 -0.01548585 -0.998612 -0.05034099 0.01548585 0.998612 0.05034099 0 0 0 -0.01401555 -0.9987816 -0.04731749 0.01401555 0.9987816 0.04731749 0 0 0 -0.01238461 -0.9989668 -0.04372572 0.01238461 0.9989668 0.04372572 0 0 0 -0.01063512 -0.9991596 -0.03958477 0.01063512 0.9991596 0.03958477 0 0 0 -0.008808828 -0.9993513 -0.03491935 0.008808828 0.9993513 0.03491935 0 0 0 -0.006946557 -0.9995329 -0.02975958 0.006946557 0.9995329 0.02975958 0 0 0</float_array>
                    <technique_common>
                        <accessor count="151" source="#ID209" stride="3">
                            <param name="X" type="float" />
                            <param name="Y" type="float" />
                            <param name="Z" type="float" />
                        </accessor>
                    </technique_common>
                </source>
                <source id="ID206">
                    <Name_array id="ID210" count="0" />
                    <technique_common>
                        <accessor count="0" source="#ID210" stride="1">
                            <param name="skp_material" type="Name" />
                        </accessor>
                    </technique_common>
                </source>
                <vertices id="ID207">
                    <input semantic="POSITION" source="#ID204" />
                    <input semantic="NORMAL" source="#ID205" />
                </vertices>
                <triangles count="94" material="Material2">
                    <input offset="0" semantic="VERTEX" source="#ID207" />
                    <p>0 1 2 3 4 5 0 9 1 4 10 5 12 13 14 15 16 17 19 9 0 5 10 20 14 13 22 23 16 15 25 9 19 20 10 26 14 22 28 29 23 15 31 25 19 20 26 32 34 28 22 23 29 35 37 25 31 32 26 38 22 40 34 35 41 23 28 34 43 44 35 29 40 46 34 35 47 41 28 43 49 50 44 29 40 52 46 47 53 41 52 55 46 47 56 53 56 52 58 59 53 55 59 61 55 56 62 58 62 58 64 65 59 61 55 62 67 68 61 56 62 64 70 71 65 61 73 67 62 61 68 74 70 64 76 77 65 71 73 79 67 68 80 74 70 76 82 83 77 71 85 79 73 74 80 86 82 76 88 89 77 83 91 79 85 86 80 92 94 91 85 86 92 95 97 91 94 95 92 98 97 100 91 92 101 98 103 100 97 98 101 104 106 100 103 104 101 107 106 109 100 101 110 107 112 109 106 107 110 113 115 109 112 113 110 116 118 109 115 116 110 119 121 109 118 119 110 122 124 109 121 122 110 125 127 109 124 125 110 128 127 124 130 131 125 128 127 130 133 134 131 128 127 133 136 137 134 128 127 136 139 140 137 128 127 139 142 143 140 128 127 142 145 146 143 128 127 145 148 149 146 128</p>
                </triangles>
                <lines count="94" material="Material3">
                    <input offset="0" semantic="VERTEX" source="#ID207" />
                    <p>6 7 6 8 11 8 6 11 8 18 7 18 21 11 21 6 18 24 7 24 27 11 21 27 7 30 24 30 33 27 33 21 24 36 30 36 39 27 39 33 42 36 24 42 45 36 30 45 36 48 42 48 30 51 51 45 54 48 42 54 48 57 54 57 60 57 54 60 60 63 57 63 66 63 60 66 69 63 57 69 72 63 66 72 63 75 69 75 78 72 66 78 81 75 69 81 84 72 78 84 75 87 81 87 90 84 78 90 93 87 81 93 87 96 93 96 96 99 93 99 102 99 93 102 99 105 102 105 105 108 102 108 111 108 102 111 108 114 111 114 114 117 111 117 117 120 111 120 120 123 111 123 123 126 111 126 126 129 111 129 132 129 126 132 135 129 132 135 138 129 135 138 141 129 138 141 144 129 141 144 147 129 144 147 150 129 147 150</p>
                </lines>
                <lines count="1" material="Material4">
                    <input offset="0" semantic="VERTEX" source="#ID207" />
                    <p>8 7</p>
                </lines>
            </mesh>
        </geometry>
        <geometry id="ID211">
            <mesh>
                <source id="ID212">
                    <float_array id="ID216" count="423">22.3039 8.223379 8.967674 22.05249 8.111903 11.9246 22.30096 8.093559 7.425568 22.30096 8.093559 7.425568 22.05249 8.111903 11.9246 22.3039 8.223379 8.967674 22.05249 8.111903 11.9246 22.30096 8.093559 7.425568 22.3039 8.223379 8.967674 21.48545 8.059824 19.32251 21.48545 8.059824 19.32251 21.48545 8.059824 19.32251 22.64091 8.471544 4.914226 22.64091 8.471544 4.914226 22.64091 8.471544 4.914226 21.88518 8.138765 14.9052 21.88518 8.138765 14.9052 21.88518 8.138765 14.9052 21.73283 7.952055 14.62704 21.73283 7.952055 14.62704 21.73283 7.952055 14.62704 22.64983 8.560071 6.016275 22.64983 8.560071 6.016275 22.64983 8.560071 6.016275 21.20073 8.164959 24.64296 21.20073 8.164959 24.64296 21.20073 8.164959 24.64296 21.99761 7.934894 10.65077 21.99761 7.934894 10.65077 21.99761 7.934894 10.65077 22.99923 9.047899 3.002662 22.99923 9.047899 3.002662 22.99923 9.047899 3.002662 21.77987 8.232948 17.92858 21.77987 8.232948 17.92858 21.77987 8.232948 17.92858 23.08639 9.223684 3.056229 23.08639 9.223684 3.056229 23.08639 9.223684 3.056229 20.78663 8.203566 30.4385 20.78663 8.203566 30.4385 20.78663 8.203566 30.4385 23.3388 9.726126 1.490579 23.3388 9.726126 1.490579 23.3388 9.726126 1.490579 21.70551 8.339875 21.01243 21.70551 8.339875 21.01243 21.70551 8.339875 21.01243 23.5933 10.32903 0.08104477 23.5933 10.32903 0.08104477 23.5933 10.32903 0.08104477 19.82304 8.206875 41.09441 19.82304 8.206875 41.09441 19.82304 8.206875 41.09441 21.62504 8.421627 24.1709 21.62504 8.421627 24.1709 21.62504 8.421627 24.1709 20.12556 8.169336 36.511 20.12556 8.169336 36.511 20.12556 8.169336 36.511 20.47001 8.291404 37.60498 20.47001 8.291404 37.60498 20.47001 8.291404 37.60498 19.01088 8.153336 44.56575 19.01088 8.153336 44.56575 19.01088 8.153336 44.56575 21.49842 8.456745 27.41269 21.49842 8.456745 27.41269 21.49842 8.456745 27.41269 19.1021 8.119898 42.62236 19.1021 8.119898 42.62236 19.1021 8.119898 42.62236 20.95244 8.377832 34.14285 20.95244 8.377832 34.14285 20.95244 8.377832 34.14285 18.04992 8.15669 47.95802 18.04992 8.15669 47.95802 18.04992 8.15669 47.95802 21.28606 8.43942 30.73923 21.28606 8.43942 30.73923 21.28606 8.43942 30.73923 17.63679 8.156871 48.50457 17.63679 8.156871 48.50457 17.63679 8.156871 48.50457 16.97382 8.234211 51.19339 16.97382 8.234211 51.19339 16.97382 8.234211 51.19339 15.8314 8.390039 54.17593 15.8314 8.390039 54.17593 15.8314 8.390039 54.17593 15.70881 8.387623 53.87196 15.70881 8.387623 53.87196 15.70881 8.387623 53.87196 14.68277 8.612296 56.79007 14.68277 8.612296 56.79007 14.68277 8.612296 56.79007 13.59467 8.872163 58.89881 13.59467 8.872163 58.89881 13.59467 8.872163 58.89881 13.35343 8.884598 58.43525 13.35343 8.884598 58.43525 13.35343 8.884598 58.43525 12.63745 9.124742 60.34142 12.63745 9.124742 60.34142 12.63745 9.124742 60.34142 12.51223 9.160084 60.52108 12.51223 9.160084 60.52108 12.51223 9.160084 60.52108 12.37763 9.197448 60.69368 12.37763 9.197448 60.69368 12.37763 9.197448 60.69368 12.23414 9.236754 60.85863 12.23414 9.236754 60.85863 12.23414 9.236754 60.85863 12.08227 9.277903 61.01536 12.08227 9.277903 61.01536 12.08227 9.277903 61.01536 11.92254 9.320772 61.16331 11.92254 9.320772 61.16331 11.92254 9.320772 61.16331 10.8315 9.604863 61.84044 10.8315 9.604863 61.84044 10.8315 9.604863 61.84044 11.75551 9.365222 61.30198 11.75551 9.365222 61.30198 11.75551 9.365222 61.30198 10.63323 9.654767 61.91457 10.63323 9.654767 61.91457 10.63323 9.654767 61.91457 11.58176 9.411089 61.43088 11.58176 9.411089 61.43088 11.58176 9.411089 61.43088 11.40187 9.458194 61.54956 11.40187 9.458194 61.54956 11.40187 9.458194 61.54956 11.21645 9.506338 61.65763 11.21645 9.506338 61.65763 11.21645 9.506338 61.65763 11.02611 9.555305 61.7547 11.02611 9.555305 61.7547 11.02611 9.555305 61.7547</float_array>
                    <technique_common>
                        <accessor count="141" source="#ID216" stride="3">
                            <param name="X" type="float" />
                            <param name="Y" type="float" />
                            <param name="Z" type="float" />
                        </accessor>
                    </technique_common>
                </source>
                <source id="ID213">
                    <float_array id="ID217" count="423">0.8164816 -0.5754758 0.04674917 0.4682484 -0.8831044 0.02949773 0.8598783 -0.508823 0.04133331 -0.8598783 0.508823 -0.04133331 -0.4682484 0.8831044 -0.02949773 -0.8164816 0.5754758 -0.04674917 0 0 0 0 0 0 0 0 0 0.7127024 -0.6995441 0.05189697 -0.7127024 0.6995441 -0.05189697 0 0 0 0.8862478 -0.4622261 0.0301988 -0.8862478 0.4622261 -0.0301988 0 0 0 0.6167571 -0.7860423 0.04181181 -0.6167571 0.7860423 -0.04181181 0 0 0 0.850703 -0.5225639 0.05684533 -0.850703 0.5225639 -0.05684533 0 0 0 0.8455395 -0.5326998 0.03596985 -0.8455395 0.5326998 -0.03596985 0 0 0 0.7478138 -0.6613889 0.05778619 -0.7478138 0.6613889 -0.05778619 0 0 0 0.8879896 -0.4557866 0.06109907 -0.8879896 0.4557866 -0.06109907 0 0 0 0.893578 -0.4485759 0.01726533 -0.893578 0.4485759 -0.01726533 0 0 0 0.6243494 -0.7797889 0.04601187 -0.6243494 0.7797889 -0.04601187 0 0 0 0.8956061 -0.4445274 0.01688671 -0.8956061 0.4445274 -0.01688671 0 0 0 0.895511 -0.4376024 0.0810199 -0.895511 0.4376024 -0.0810199 0 0 0 0.9773898 -0.1877119 0.09733207 -0.9773898 0.1877119 -0.09733207 0 0 0 0.5541929 -0.8313212 0.04213401 -0.5541929 0.8313212 -0.04213401 0 0 0 0.9789722 -0.1772711 0.1009378 -0.9789722 0.1772711 -0.1009378 0 0 0 0.1441012 -0.9894121 0.01728049 -0.1441012 0.9894121 -0.01728049 0 0 0 0.4274807 -0.9033862 0.03396455 -0.4274807 0.9033862 -0.03396455 0 0 0 0.3022942 -0.9528092 0.02780011 -0.3022942 0.9528092 -0.02780011 0 0 0 0.1469419 -0.9891406 0.003007114 -0.1469419 0.9891406 -0.003007114 0 0 0 0.07468904 -0.9969967 0.02047104 -0.07468904 0.9969967 -0.02047104 0 0 0 0.3992723 -0.9164804 0.02540341 -0.3992723 0.9164804 -0.02540341 0 0 0 0.1961792 -0.9802248 0.02594251 -0.1961792 0.9802248 -0.02594251 0 0 0 0.2224876 -0.974913 0.006618078 -0.2224876 0.974913 -0.006618078 0 0 0 0.01788402 -0.9997554 0.0130135 -0.01788402 0.9997554 -0.0130135 0 0 0 0.3526964 -0.9355715 0.01764253 -0.3526964 0.9355715 -0.01764253 0 0 0 0.04443054 -0.9983278 0.03697987 -0.04443054 0.9983278 -0.03697987 0 0 0 -0.163888 -0.9864055 -0.01203605 0.163888 0.9864055 0.01203605 0 0 0 -0.08240653 -0.9958174 0.03945597 0.08240653 0.9958174 -0.03945597 0 0 0 -0.06215568 -0.9976177 0.02992513 0.06215568 0.9976177 -0.02992513 0 0 0 -0.2664164 -0.9636612 -0.01948068 0.2664164 0.9636612 0.01948068 0 0 0 -0.159501 -0.9857772 0.05294147 0.159501 0.9857772 -0.05294147 0 0 0 -0.1485151 -0.987859 0.04558421 0.1485151 0.987859 -0.04558421 0 0 0 -0.21136 -0.9764342 0.04362502 0.21136 0.9764342 -0.04362502 0 0 0 -0.2182634 -0.9750385 0.04075456 0.2182634 0.9750385 -0.04075456 0 0 0 -0.221713 -0.9743248 0.0391736 0.221713 0.9743248 -0.0391736 0 0 0 -0.2247738 -0.9736823 0.03767547 0.2247738 0.9736823 -0.03767547 0 0 0 -0.2274001 -0.9731244 0.03630556 0.2274001 0.9731244 -0.03630556 0 0 0 -0.2319375 -0.9721512 0.03357256 0.2319375 0.9721512 -0.03357256 0 0 0 -0.2321837 -0.9720911 0.03361135 0.2321837 0.9720911 -0.03361135 0 0 0 -0.2363724 -0.971297 0.02665073 0.2363724 0.971297 -0.02665073 0 0 0 -0.2320713 -0.9721132 0.0337458 0.2320713 0.9721132 -0.0337458 0 0 0 -0.2354278 -0.9714781 0.02835596 0.2354278 0.9714781 -0.02835596 0 0 0 -0.234254 -0.9716934 0.03061134 0.234254 0.9716934 -0.03061134 0 0 0 -0.2328886 -0.9719294 0.03340995 0.2328886 0.9719294 -0.03340995 0 0 0 -0.2313695 -0.972172 0.03673932 0.2313695 0.972172 -0.03673932 0 0 0</float_array>
                    <technique_common>
                        <accessor count="141" source="#ID217" stride="3">
                            <param name="X" type="float" />
                            <param name="Y" type="float" />
                            <param name="Z" type="float" />
                        </accessor>
                    </technique_common>
                </source>
                <source id="ID214">
                    <Name_array id="ID218" count="0" />
                    <technique_common>
                        <accessor count="0" source="#ID218" stride="1">
                            <param name="skp_material" type="Name" />
                        </accessor>
                    </technique_common>
                </source>
                <vertices id="ID215">
                    <input semantic="POSITION" source="#ID212" />
                    <input semantic="NORMAL" source="#ID213" />
                </vertices>
                <triangles count="90" material="Material2">
                    <input offset="0" semantic="VERTEX" source="#ID215" />
                    <p>0 1 2 3 4 5 9 2 1 4 3 10 12 0 2 3 5 13 9 1 15 16 4 10 2 9 18 19 10 3 21 0 12 13 5 22 24 9 15 16 10 25 2 18 27 28 19 3 30 21 12 13 22 31 24 15 33 34 16 25 36 21 30 31 22 37 33 39 24 25 40 34 42 36 30 31 37 43 39 33 45 46 34 40 48 36 42 43 37 49 45 51 39 40 52 46 51 45 54 55 46 52 51 57 39 40 58 52 51 54 60 61 55 52 63 57 51 52 58 64 60 54 66 67 55 61 63 69 57 58 70 64 60 66 72 73 67 61 75 69 63 64 70 76 72 66 78 79 67 73 81 69 75 76 70 82 84 81 75 76 82 85 87 81 84 85 82 88 87 90 81 82 91 88 93 90 87 88 91 94 96 90 93 94 91 97 96 99 90 91 100 97 102 99 96 97 100 103 105 99 102 103 100 106 108 99 105 106 100 109 111 99 108 109 100 112 114 99 111 112 100 115 117 99 114 115 100 118 120 99 117 118 100 121 120 117 123 124 118 121 126 99 120 121 100 127 120 123 129 130 124 121 120 129 132 133 130 121 120 132 135 136 133 121 120 135 138 139 136 121</p>
                </triangles>
                <lines count="91" material="Material3">
                    <input offset="0" semantic="VERTEX" source="#ID215" />
                    <p>6 7 7 8 8 6 6 11 7 11 14 8 14 7 17 11 6 17 20 11 7 20 23 8 14 23 11 26 17 26 7 29 29 20 32 23 32 14 35 26 17 35 38 23 32 38 26 41 35 41 44 38 44 32 47 41 35 47 50 38 50 44 47 53 41 53 56 53 47 56 59 53 41 59 62 53 56 62 53 65 59 65 68 62 56 68 71 65 59 71 74 62 68 74 65 77 71 77 80 74 68 80 83 77 71 83 77 86 83 86 86 89 83 89 92 89 83 92 89 95 92 95 95 98 92 98 101 98 92 101 98 104 101 104 104 107 101 107 107 110 101 110 110 113 101 113 113 116 101 116 116 119 101 119 119 122 101 122 125 122 119 125 101 128 122 128 131 122 125 131 134 122 131 134 137 122 134 137 140 122 137 140</p>
                </lines>
            </mesh>
        </geometry>
        <geometry id="ID219">
            <mesh>
                <source id="ID220">
                    <float_array id="ID224" count="423">19.03563 16.76468 2.834022 19.17949 16.3519 1.297141 19.41583 15.88662 -0.07947876 19.41583 15.88662 -0.07947876 19.17949 16.3519 1.297141 19.03563 16.76468 2.834022 19.41583 15.88662 -0.07947876 19.03563 16.76468 2.834022 19.17949 16.3519 1.297141 18.90657 16.91571 2.770806 18.90657 16.91571 2.770806 18.90657 16.91571 2.770806 18.76012 17.43616 4.648091 18.76012 17.43616 4.648091 18.76012 17.43616 4.648091 18.96577 17.35723 5.753826 18.96577 17.35723 5.753826 18.96577 17.35723 5.753826 18.83158 17.81399 7.134994 18.83158 17.81399 7.134994 18.83158 17.81399 7.134994 19.12001 17.68089 8.682496 19.12001 17.68089 8.682496 19.12001 17.68089 8.682496 19.1431 17.98233 10.34692 19.1431 17.98233 10.34692 19.1431 17.98233 10.34692 19.42227 17.76779 11.62915 19.42227 17.76779 11.62915 19.42227 17.76779 11.62915 19.65429 17.90671 14.3186 19.65429 17.90671 14.3186 19.65429 17.90671 14.3186 19.80794 17.66079 14.60727 19.80794 17.66079 14.60727 19.80794 17.66079 14.60727 20.27943 17.59492 19.01375 20.27943 17.59492 19.01375 20.27943 17.59492 19.01375 20.22474 17.40897 17.63229 20.22474 17.40897 17.63229 20.22474 17.40897 17.63229 20.91693 17.10661 24.33386 20.91693 17.10661 24.33386 20.91693 17.10661 24.33386 20.63303 17.06366 20.71916 20.63303 17.06366 20.71916 20.63303 17.06366 20.71916 21.0061 16.67499 23.8801 21.0061 16.67499 23.8801 21.0061 16.67499 23.8801 21.33007 16.28885 27.12243 21.33007 16.28885 27.12243 21.33007 16.28885 27.12243 21.4873 16.54948 30.12625 21.4873 16.54948 30.12625 21.4873 16.54948 30.12625 21.60366 15.94417 30.44672 21.60366 15.94417 30.44672 21.60366 15.94417 30.44672 21.96947 16.05672 36.1919 21.96947 16.05672 36.1919 21.96947 16.05672 36.1919 21.83717 15.67062 33.84501 21.83717 15.67062 33.84501 21.83717 15.67062 33.84501 22.05074 15.48695 37.29919 22.05074 15.48695 37.29919 22.05074 15.48695 37.29919 22.42068 15.75272 42.29459 22.42068 15.75272 42.29459 22.42068 15.75272 42.29459 22.27139 15.40026 40.77936 22.27139 15.40026 40.77936 22.27139 15.40026 40.77936 22.52876 15.40662 44.24215 22.52876 15.40662 44.24215 22.52876 15.40662 44.24215 22.9653 15.81507 48.18563 22.9653 15.81507 48.18563 22.9653 15.81507 48.18563 22.84815 15.54234 47.63682 22.84815 15.54234 47.63682 22.84815 15.54234 47.63682 23.24682 15.80808 50.8877 23.24682 15.80808 50.8877 23.24682 15.80808 50.8877 23.76028 16.34891 53.58946 23.76028 16.34891 53.58946 23.76028 16.34891 53.58946 23.72897 16.15836 53.89417 23.72897 16.15836 53.89417 23.72897 16.15836 53.89417 24.94068 17.36662 58.21542 24.94068 17.36662 58.21542 24.94068 17.36662 58.21542 24.27845 16.57072 56.53852 24.27845 16.57072 56.53852 24.27845 16.57072 56.53852 24.85605 17.02702 58.67964 24.85605 17.02702 58.67964 24.85605 17.02702 58.67964 26.5588 18.88752 61.77589 26.5588 18.88752 61.77589 26.5588 18.88752 61.77589 25.39809 17.51661 60.1511 25.39809 17.51661 60.1511 25.39809 17.51661 60.1511 25.47203 17.58193 60.33466 25.55106 17.65727 60.5113 25.63497 17.74235 60.68041 25.72352 17.83684 60.8414 25.81642 17.94042 60.99369 25.81642 17.94042 60.99369 25.72352 17.83684 60.8414 25.63497 17.74235 60.68041 25.55106 17.65727 60.5113 25.47203 17.58193 60.33466 25.63497 17.74235 60.68041 25.72352 17.83684 60.8414 25.81642 17.94042 60.99369 25.47203 17.58193 60.33466 25.55106 17.65727 60.5113 25.91337 18.05272 61.13676 25.91337 18.05272 61.13676 25.91337 18.05272 61.13676 26.01403 18.17338 61.2701 26.01403 18.17338 61.2701 26.01403 18.17338 61.2701 26.11802 18.30199 61.39325 26.11802 18.30199 61.39325 26.11802 18.30199 61.39325 26.22493 18.43815 61.50578 26.22493 18.43815 61.50578 26.22493 18.43815 61.50578 26.33434 18.58142 61.6073 26.33434 18.58142 61.6073 26.33434 18.58142 61.6073 26.44579 18.73136 61.69744 26.44579 18.73136 61.69744 26.44579 18.73136 61.69744</float_array>
                    <technique_common>
                        <accessor count="141" source="#ID224" stride="3">
                            <param name="X" type="float" />
                            <param name="Y" type="float" />
                            <param name="Z" type="float" />
                        </accessor>
                    </technique_common>
                </source>
                <source id="ID221">
                    <float_array id="ID225" count="423">-0.7763173 -0.6218142 0.1033374 -0.6633744 -0.7359074 0.1355532 -0.6581516 -0.7402759 0.1372154 0.6581516 0.7402759 -0.1372154 0.6633744 0.7359074 -0.1355532 0.7763173 0.6218142 -0.1033374 0 0 0 0 0 0 0 0 0 -0.7770532 -0.6209716 0.1028719 0.7770532 0.6209716 -0.1028719 0 0 0 -0.7915659 -0.6020628 0.1046131 0.7915659 0.6020628 -0.1046131 0 0 0 -0.8110708 -0.5746613 0.1092184 0.8110708 0.5746613 -0.1092184 0 0 0 -0.8222374 -0.5592427 0.1057035 0.8222374 0.5592427 -0.1057035 0 0 0 -0.835412 -0.5387844 0.1086191 0.835412 0.5387844 -0.1086191 0 0 0 -0.8571431 -0.5046656 0.1030452 0.8571431 0.5046656 -0.1030452 0 0 0 -0.8547361 -0.5092909 0.1002448 0.8547361 0.5092909 -0.1002448 0 0 0 -0.8903916 -0.4446781 0.09728452 0.8903916 0.4446781 -0.09728452 0 0 0 -0.8894466 -0.4479216 0.09083447 0.8894466 0.4479216 -0.09083447 0 0 0 -0.9370925 -0.339164 0.08261627 0.9370925 0.339164 -0.08261627 0 0 0 -0.910105 -0.4044462 0.09017793 0.910105 0.4044462 -0.09017793 0 0 0 -0.9598107 -0.2720718 0.06885065 0.9598107 0.2720718 -0.06885065 0 0 0 -0.9167384 -0.392064 0.07665799 0.9167384 0.392064 -0.07665799 0 0 0 -0.9582277 -0.2761641 0.07438437 0.9582277 0.2761641 -0.07438437 0 0 0 -0.9682503 -0.2396935 0.07098131 0.9682503 0.2396935 -0.07098131 0 0 0 -0.9848902 -0.1602333 0.06570079 0.9848902 0.1602333 -0.06570079 0 0 0 -0.9862886 -0.1514613 0.06553101 0.9862886 0.1514613 -0.06553101 0 0 0 -0.9976822 -0.02680627 0.0625429 0.9976822 0.02680627 -0.0625429 0 0 0 -0.9967627 -0.04844855 0.06416202 0.9967627 0.04844855 -0.06416202 0 0 0 -0.9974184 0.0009975745 0.07180237 0.9974184 -0.0009975745 -0.07180237 0 0 0 -0.9914254 0.1076781 0.07403466 0.9914254 -0.1076781 -0.07403466 0 0 0 -0.9889265 0.1326278 0.06659007 0.9889265 -0.1326278 -0.06659007 0 0 0 -0.9782605 0.1880891 0.08734341 0.9782605 -0.1880891 -0.08734341 0 0 0 -0.9699235 0.2223979 0.09893193 0.9699235 -0.2223979 -0.09893193 0 0 0 -0.9654057 0.2470977 0.0832745 0.9654057 -0.2470977 -0.0832745 0 0 0 -0.9190757 0.381931 0.09710109 0.9190757 -0.381931 -0.09710109 0 0 0 -0.9298228 0.3477989 0.1202722 0.9298228 -0.3477989 -0.1202722 0 0 0 -0.9153294 0.3785703 0.1373192 0.9153294 -0.3785703 -0.1373192 0 0 0 -0.8803538 0.4463341 0.160509 0.8803538 -0.4463341 -0.160509 0 0 0 -0.8609624 0.4979981 0.1036422 0.8609624 -0.4979981 -0.1036422 0 0 0 -0.8681841 0.4655853 0.1717169 0.8681841 -0.4655853 -0.1717169 0 0 0 -0.8376189 0.524943 0.1510939 0.8376189 -0.524943 -0.1510939 0 0 0 -0.8236226 0.5541147 0.1208412 0.8236226 -0.5541147 -0.1208412 0 0 0 -0.8334691 0.5330246 0.1456505 -0.8334691 0.5330246 0.1456505 -0.8334691 0.5330246 0.1456505 -0.8334691 0.5330246 0.1456505 -0.833503 0.5329325 0.1457932 0.833503 -0.5329325 -0.1457932 0.8334691 -0.5330246 -0.1456505 0.8334691 -0.5330246 -0.1456505 0.8334691 -0.5330246 -0.1456505 0.8334691 -0.5330246 -0.1456505 0 0 0 0 0 0 0 0 0 0 0 0 0 0 0 -0.8340276 0.5314937 0.1480283 0.8340276 -0.5314937 -0.1480283 0 0 0 -0.834491 0.5301316 0.1502841 0.834491 -0.5301316 -0.1502841 0 0 0 -0.8350145 0.5284689 0.1532042 0.8350145 -0.5284689 -0.1532042 0 0 0 -0.8355637 0.5265473 0.1567842 0.8355637 -0.5265473 -0.1567842 0 0 0 -0.8361037 0.5244099 0.161012 0.8361037 -0.5244099 -0.161012 0 0 0 -0.8366002 0.5220999 0.1658669 0.8366002 -0.5220999 -0.1658669 0 0 0</float_array>
                    <technique_common>
                        <accessor count="141" source="#ID225" stride="3">
                            <param name="X" type="float" />
                            <param name="Y" type="float" />
                            <param name="Z" type="float" />
                        </accessor>
                    </technique_common>
                </source>
                <source id="ID222">
                    <Name_array id="ID226" count="0" />
                    <technique_common>
                        <accessor count="0" source="#ID226" stride="1">
                            <param name="skp_material" type="Name" />
                        </accessor>
                    </technique_common>
                </source>
                <vertices id="ID223">
                    <input semantic="POSITION" source="#ID220" />
                    <input semantic="NORMAL" source="#ID221" />
                </vertices>
                <triangles count="90" material="Material2">
                    <input offset="0" semantic="VERTEX" source="#ID223" />
                    <p>0 1 2 3 4 5 9 1 0 5 4 10 12 9 0 5 10 13 12 0 15 16 5 13 18 12 15 16 13 19 18 15 21 22 16 19 24 18 21 22 19 25 24 21 27 28 22 25 24 27 30 31 28 25 30 27 33 34 28 31 30 33 36 37 34 31 33 39 36 37 40 34 36 39 42 43 40 37 39 45 42 43 46 40 42 45 48 49 46 43 42 48 51 52 49 43 42 51 54 55 52 43 54 51 57 58 52 55 54 57 60 61 58 55 60 57 63 64 58 61 60 63 66 67 64 61 60 66 69 70 67 61 69 66 72 73 67 70 69 72 75 76 73 70 78 69 75 76 70 79 78 75 81 82 76 79 78 81 84 85 82 79 87 78 84 85 79 88 87 84 90 91 85 88 93 87 90 91 88 94 93 90 96 97 91 94 93 96 99 100 97 94 102 93 99 100 94 103 102 99 105 106 100 103 108 102 105 102 108 109 102 109 110 102 110 111 102 111 112 113 114 103 114 115 103 115 116 103 116 117 103 106 103 117 102 112 123 124 113 103 102 123 126 127 124 103 102 126 129 130 127 103 102 129 132 133 130 103 102 132 135 136 133 103 102 135 138 139 136 103</p>
                </triangles>
                <lines count="87" material="Material3">
                    <input offset="0" semantic="VERTEX" source="#ID223" />
                    <p>6 7 7 8 6 8 8 11 7 11 11 14 7 14 17 14 7 17 14 20 17 20 23 20 17 23 20 26 23 26 29 26 23 29 26 32 29 32 35 32 29 35 32 38 35 38 41 38 35 41 44 41 38 44 47 44 41 47 50 44 47 50 53 44 50 53 44 56 53 56 59 56 53 59 56 62 59 62 65 62 59 65 68 62 65 68 62 71 68 71 74 71 68 74 77 71 74 77 71 80 77 80 83 80 77 83 86 80 83 86 80 89 86 89 92 89 86 92 89 95 92 95 98 95 92 98 101 95 98 101 95 104 101 104 107 104 101 107 118 119 119 120 120 104 107 121 121 122 122 118 125 104 120 125 128 104 125 128 131 104 128 131 134 104 131 134 137 104 134 137 140 104 137 140</p>
                </lines>
            </mesh>
        </geometry>
        <geometry id="ID227">
            <mesh>
                <source id="ID228">
                    <float_array id="ID230" count="42">27.92057 11.66587 5.480172 28.15877 11.89562 2.747194 27.9197 11.58913 5.954787 27.90146 11.22493 8.227789 27.96567 10.65368 10.99344 28.01261 10.03629 13.79127 27.9945 9.555445 16.07747 27.99066 10.12125 13.52022 27.87395 10.97963 9.791437 27.77041 11.60124 6.778645 27.78821 11.71695 5.949477 27.81389 11.92982 4.444567 28.05937 11.99014 2.686072 27.88252 12.26961 1.839857</float_array>
                    <technique_common>
                        <accessor count="14" source="#ID230" stride="3">
                            <param name="X" type="float" />
                            <param name="Y" type="float" />
                            <param name="Z" type="float" />
                        </accessor>
                    </technique_common>
                </source>
                <vertices id="ID229">
                    <input semantic="POSITION" source="#ID228" />
                </vertices>
                <lines count="14" material="Material2">
                    <input offset="0" semantic="VERTEX" source="#ID229" />
                    <p>1 0 0 2 2 3 3 4 4 5 5 6 7 6 8 7 9 8 10 9 11 10 12 11 13 12 13 1</p>
                </lines>
            </mesh>
        </geometry>
        <geometry id="ID231">
            <mesh>
                <source id="ID232">
                    <float_array id="ID234" count="36">19.54002 12.62996 2.846871 19.67465 12.70763 1.946096 19.90848 12.87841 4.729021 20.07426 12.97288 7.222318 20.03423 12.95569 10.43282 19.85834 12.90612 14.39695 19.74739 12.8904 17.11245 19.81847 12.89629 14.68368 19.9224 12.91632 11.70945 19.96427 12.92288 8.764364 19.83913 12.84551 5.832107 19.437 12.56376 2.910406</float_array>
                    <technique_common>
                        <accessor count="12" source="#ID234" stride="3">
                            <param name="X" type="float" />
                            <param name="Y" type="float" />
                            <param name="Z" type="float" />
                        </accessor>
                    </technique_common>
                </source>
                <vertices id="ID233">
                    <input semantic="POSITION" source="#ID232" />
                </vertices>
                <lines count="12" material="Material2">
                    <input offset="0" semantic="VERTEX" source="#ID233" />
                    <p>1 0 0 2 2 3 3 4 4 5 5 6 7 6 8 7 9 8 10 9 11 10 1 11</p>
                </lines>
            </mesh>
        </geometry>
        <geometry id="ID235">
            <mesh>
                <source id="ID236">
                    <float_array id="ID238" count="36">22.6682 19.6328 2.841653 22.5481 19.34218 1.878821 23.14476 18.94487 5.764435 23.56332 18.59087 8.695961 23.96946 18.39355 11.63923 24.37713 18.2085 14.61153 24.70025 17.9998 17.03908 24.33336 18.19484 14.32511 23.78796 18.37244 10.36396 23.34765 18.55792 7.155549 22.98776 18.91191 4.662338 22.67013 19.49441 2.778596</float_array>
                    <technique_common>
                        <accessor count="12" source="#ID238" stride="3">
                            <param name="X" type="float" />
                            <param name="Y" type="float" />
                            <param name="Z" type="float" />
                        </accessor>
                    </technique_common>
                </source>
                <vertices id="ID237">
                    <input semantic="POSITION" source="#ID236" />
                </vertices>
                <lines count="12" material="Material2">
                    <input offset="0" semantic="VERTEX" source="#ID237" />
                    <p>1 0 0 2 2 3 3 4 4 5 5 6 7 6 8 7 9 8 10 9 11 10 1 11</p>
                </lines>
            </mesh>
        </geometry>
    </library_geometries>
    <library_materials>
        <material id="ID6" name="Color_F11">
            <instance_effect url="#ID7" />
        </material>
        <material id="ID12" name="edge_color000255">
            <instance_effect url="#ID13" />
        </material>
        <material id="ID14" name="edge_color761530255">
            <instance_effect url="#ID15" />
        </material>
    </library_materials>
    <library_effects>
        <effect id="ID7">
            <profile_COMMON>
                <technique sid="COMMON">
                    <lambert>
                        <diffuse>
                            <color>0.2980392 0.6 0 1</color>
                        </diffuse>
                    </lambert>
                </technique>
            </profile_COMMON>
        </effect>
        <effect id="ID13">
            <profile_COMMON>
                <technique sid="COMMON">
                    <constant>
                        <transparent opaque="A_ONE">
                            <color>0 0 0 1</color>
                        </transparent>
                        <transparency>
                            <float>1</float>
                        </transparency>
                    </constant>
                </technique>
            </profile_COMMON>
        </effect>
        <effect id="ID15">
            <profile_COMMON>
                <technique sid="COMMON">
                    <constant>
                        <transparent opaque="A_ONE">
                            <color>0.2980392 0.6 0 1</color>
                        </transparent>
                        <transparency>
                            <float>1</float>
                        </transparency>
                    </constant>
                </technique>
            </profile_COMMON>
        </effect>
    </library_effects>
    <scene>
        <instance_visual_scene url="#ID2" />
    </scene>
</COLLADA>
